PRAGMA foreign_keys=OFF;
BEGIN TRANSACTION;
CREATE TABLE IF NOT EXISTS "django_migrations" ("id" integer NOT NULL PRIMARY KEY AUTOINCREMENT, "app" varchar(255) NOT NULL, "name" varchar(255) NOT NULL, "applied" datetime NOT NULL);
INSERT INTO django_migrations VALUES(1,'contenttypes','0001_initial','2024-11-08 20:16:39.717027');
INSERT INTO django_migrations VALUES(2,'auth','0001_initial','2024-11-08 20:16:39.720758');
INSERT INTO django_migrations VALUES(3,'admin','0001_initial','2024-11-08 20:16:39.722784');
INSERT INTO django_migrations VALUES(4,'admin','0002_logentry_remove_auto_add','2024-11-08 20:16:39.726459');
INSERT INTO django_migrations VALUES(5,'admin','0003_logentry_add_action_flag_choices','2024-11-08 20:16:39.728184');
INSERT INTO django_migrations VALUES(6,'contenttypes','0002_remove_content_type_name','2024-11-08 20:16:39.732605');
INSERT INTO django_migrations VALUES(7,'auth','0002_alter_permission_name_max_length','2024-11-08 20:16:39.734849');
INSERT INTO django_migrations VALUES(8,'auth','0003_alter_user_email_max_length','2024-11-08 20:16:39.737155');
INSERT INTO django_migrations VALUES(9,'auth','0004_alter_user_username_opts','2024-11-08 20:16:39.738675');
INSERT INTO django_migrations VALUES(10,'auth','0005_alter_user_last_login_null','2024-11-08 20:16:39.740984');
INSERT INTO django_migrations VALUES(11,'auth','0006_require_contenttypes_0002','2024-11-08 20:16:39.741325');
INSERT INTO django_migrations VALUES(12,'auth','0007_alter_validators_add_error_messages','2024-11-08 20:16:39.742838');
INSERT INTO django_migrations VALUES(13,'auth','0008_alter_user_username_max_length','2024-11-08 20:16:39.745116');
INSERT INTO django_migrations VALUES(14,'auth','0009_alter_user_last_name_max_length','2024-11-08 20:16:39.747474');
INSERT INTO django_migrations VALUES(15,'auth','0010_alter_group_name_max_length','2024-11-08 20:16:39.749570');
INSERT INTO django_migrations VALUES(16,'auth','0011_update_proxy_permissions','2024-11-08 20:16:39.751246');
INSERT INTO django_migrations VALUES(17,'auth','0012_alter_user_first_name_max_length','2024-11-08 20:16:39.753523');
INSERT INTO django_migrations VALUES(18,'league','0001_initial','2024-11-08 20:16:39.756186');
INSERT INTO django_migrations VALUES(19,'sessions','0001_initial','2024-11-08 20:16:39.757087');
INSERT INTO django_migrations VALUES(20,'league','0002_raceresult','2024-11-08 20:48:37.586339');
INSERT INTO django_migrations VALUES(21,'league','0003_raceresult_dnf_raceresult_driver_tier_and_more','2024-11-11 02:20:27.958597');
INSERT INTO django_migrations VALUES(22,'league','0004_constructor_remove_raceresult_driver_name_and_more','2024-11-11 02:41:30.130366');
INSERT INTO django_migrations VALUES(23,'league','0005_driver_price','2024-11-11 02:45:47.894645');
INSERT INTO django_migrations VALUES(24,'league','0006_remove_teamselection_driver_t1_and_more','2024-11-11 03:06:05.962818');
INSERT INTO django_migrations VALUES(25,'league','0007_league_remove_teamselection_user_and_more','2024-11-11 16:05:13.608062');
INSERT INTO django_migrations VALUES(26,'league','0008_alter_team_user','2024-11-11 16:21:17.483373');
INSERT INTO django_migrations VALUES(27,'league','0009_alter_team_league','2024-11-11 16:42:10.175221');
INSERT INTO django_migrations VALUES(28,'league','0010_alter_team_league_alter_team_unique_together','2024-11-12 02:38:25.424858');
INSERT INTO django_migrations VALUES(29,'league','0011_race_season','2024-11-12 03:25:36.370962');
INSERT INTO django_migrations VALUES(30,'league','0012_driver_driver_id_driver_nationality_and_more','2024-11-12 03:40:54.135958');
INSERT INTO django_migrations VALUES(31,'league','0013_race_circuit_race_round','2024-11-12 15:42:51.722223');
INSERT INTO django_migrations VALUES(32,'league','0014_alter_driver_constructor','2024-11-12 16:57:29.479653');
INSERT INTO django_migrations VALUES(33,'league','0015_alter_constructor_standing','2024-11-12 17:09:52.550214');
INSERT INTO django_migrations VALUES(34,'league','0016_league_users','2024-11-13 15:23:33.429034');
INSERT INTO django_migrations VALUES(35,'league','0017_teamselection_points','2024-11-13 15:46:35.927325');
INSERT INTO django_migrations VALUES(36,'league','0018_alter_raceresult_driver','2024-11-13 15:56:14.989118');
INSERT INTO django_migrations VALUES(37,'league','0019_remove_race_circuit_remove_race_date_and_more','2024-11-14 16:15:03.136876');
INSERT INTO django_migrations VALUES(38,'league','0020_historicalconstructorstanding','2024-11-15 18:16:06.620220');
INSERT INTO django_migrations VALUES(39,'league','0021_alter_raceresult_points_alter_teamselection_points','2024-11-17 16:14:50.607494');
INSERT INTO django_migrations VALUES(40,'league','0022_predictionquestion_predictionanswer','2024-11-17 22:11:33.655044');
INSERT INTO django_migrations VALUES(41,'league','0023_alter_predictionquestion_points_awarded','2024-11-17 22:16:18.484886');
INSERT INTO django_migrations VALUES(42,'league','0024_alter_predictionanswer_points_earned','2024-11-17 22:22:00.815334');
INSERT INTO django_migrations VALUES(43,'league','0025_raceresult_is_tier_override','2024-11-18 15:57:31.822157');
CREATE TABLE IF NOT EXISTS "auth_group_permissions" ("id" integer NOT NULL PRIMARY KEY AUTOINCREMENT, "group_id" integer NOT NULL REFERENCES "auth_group" ("id") DEFERRABLE INITIALLY DEFERRED, "permission_id" integer NOT NULL REFERENCES "auth_permission" ("id") DEFERRABLE INITIALLY DEFERRED);
CREATE TABLE IF NOT EXISTS "auth_user_groups" ("id" integer NOT NULL PRIMARY KEY AUTOINCREMENT, "user_id" integer NOT NULL REFERENCES "auth_user" ("id") DEFERRABLE INITIALLY DEFERRED, "group_id" integer NOT NULL REFERENCES "auth_group" ("id") DEFERRABLE INITIALLY DEFERRED);
CREATE TABLE IF NOT EXISTS "auth_user_user_permissions" ("id" integer NOT NULL PRIMARY KEY AUTOINCREMENT, "user_id" integer NOT NULL REFERENCES "auth_user" ("id") DEFERRABLE INITIALLY DEFERRED, "permission_id" integer NOT NULL REFERENCES "auth_permission" ("id") DEFERRABLE INITIALLY DEFERRED);
INSERT INTO auth_user_user_permissions VALUES(1,1,1);
INSERT INTO auth_user_user_permissions VALUES(2,1,2);
INSERT INTO auth_user_user_permissions VALUES(3,1,3);
INSERT INTO auth_user_user_permissions VALUES(4,1,4);
INSERT INTO auth_user_user_permissions VALUES(5,1,5);
INSERT INTO auth_user_user_permissions VALUES(6,1,6);
INSERT INTO auth_user_user_permissions VALUES(7,1,7);
INSERT INTO auth_user_user_permissions VALUES(8,1,8);
INSERT INTO auth_user_user_permissions VALUES(9,1,9);
INSERT INTO auth_user_user_permissions VALUES(10,1,10);
INSERT INTO auth_user_user_permissions VALUES(11,1,11);
INSERT INTO auth_user_user_permissions VALUES(12,1,12);
INSERT INTO auth_user_user_permissions VALUES(13,1,13);
INSERT INTO auth_user_user_permissions VALUES(14,1,14);
INSERT INTO auth_user_user_permissions VALUES(15,1,15);
INSERT INTO auth_user_user_permissions VALUES(16,1,16);
INSERT INTO auth_user_user_permissions VALUES(17,1,17);
INSERT INTO auth_user_user_permissions VALUES(18,1,18);
INSERT INTO auth_user_user_permissions VALUES(19,1,19);
INSERT INTO auth_user_user_permissions VALUES(20,1,20);
INSERT INTO auth_user_user_permissions VALUES(21,1,21);
INSERT INTO auth_user_user_permissions VALUES(22,1,22);
INSERT INTO auth_user_user_permissions VALUES(23,1,23);
INSERT INTO auth_user_user_permissions VALUES(24,1,24);
INSERT INTO auth_user_user_permissions VALUES(25,1,25);
INSERT INTO auth_user_user_permissions VALUES(26,1,26);
INSERT INTO auth_user_user_permissions VALUES(27,1,27);
INSERT INTO auth_user_user_permissions VALUES(28,1,28);
INSERT INTO auth_user_user_permissions VALUES(29,1,29);
INSERT INTO auth_user_user_permissions VALUES(30,1,30);
INSERT INTO auth_user_user_permissions VALUES(31,1,31);
INSERT INTO auth_user_user_permissions VALUES(32,1,32);
CREATE TABLE IF NOT EXISTS "django_admin_log" ("id" integer NOT NULL PRIMARY KEY AUTOINCREMENT, "object_id" text NULL, "object_repr" varchar(200) NOT NULL, "action_flag" smallint unsigned NOT NULL CHECK ("action_flag" >= 0), "change_message" text NOT NULL, "content_type_id" integer NULL REFERENCES "django_content_type" ("id") DEFERRABLE INITIALLY DEFERRED, "user_id" integer NOT NULL REFERENCES "auth_user" ("id") DEFERRABLE INITIALLY DEFERRED, "action_time" datetime NOT NULL);
INSERT INTO django_admin_log VALUES(1,'1','ryanortiz',2,'[{"changed": {"fields": ["User permissions"]}}]',4,1,'2024-11-08 20:42:38.468553');
INSERT INTO django_admin_log VALUES(2,'1','Las Vegas',1,'[{"added": {}}]',7,1,'2024-11-08 20:44:54.967217');
INSERT INTO django_admin_log VALUES(3,'1','max - Las Vegas',1,'[{"added": {}}]',9,1,'2024-11-08 20:54:06.845531');
INSERT INTO django_admin_log VALUES(4,'2','lando - Las Vegas',1,'[{"added": {}}]',9,1,'2024-11-08 20:54:20.406500');
INSERT INTO django_admin_log VALUES(5,'1','Red Bull Racing',1,'[{"added": {}}]',11,1,'2024-11-11 02:42:00.508342');
INSERT INTO django_admin_log VALUES(6,'1','Max Verstappen - Red Bull Racing (Tier 1)',1,'[{"added": {}}]',10,1,'2024-11-11 02:42:02.429868');
INSERT INTO django_admin_log VALUES(7,'1','Red Bull Racing',2,'[{"changed": {"fields": ["Standing"]}}]',11,1,'2024-11-11 02:42:31.173232');
INSERT INTO django_admin_log VALUES(8,'2','McLaren',1,'[{"added": {}}]',11,1,'2024-11-11 02:42:37.521398');
INSERT INTO django_admin_log VALUES(9,'3','Ferrari',1,'[{"added": {}}]',11,1,'2024-11-11 02:42:42.653393');
INSERT INTO django_admin_log VALUES(10,'4','Mercedes',1,'[{"added": {}}]',11,1,'2024-11-11 02:42:50.750244');
INSERT INTO django_admin_log VALUES(11,'5','Aston Martin',1,'[{"added": {}}]',11,1,'2024-11-11 02:43:03.677155');
INSERT INTO django_admin_log VALUES(12,'6','Alpine',1,'[{"added": {}}]',11,1,'2024-11-11 02:43:15.136727');
INSERT INTO django_admin_log VALUES(13,'7','Haas',1,'[{"added": {}}]',11,1,'2024-11-11 02:43:25.461646');
INSERT INTO django_admin_log VALUES(14,'8','RB Cash App',1,'[{"added": {}}]',11,1,'2024-11-11 02:43:47.782581');
INSERT INTO django_admin_log VALUES(15,'9','Williams',1,'[{"added": {}}]',11,1,'2024-11-11 02:43:56.537282');
INSERT INTO django_admin_log VALUES(16,'10','Kick Sauber',1,'[{"added": {}}]',11,1,'2024-11-11 02:44:04.175563');
INSERT INTO django_admin_log VALUES(17,'2','Lando Norris - McLaren (Tier 1)',1,'[{"added": {}}]',10,1,'2024-11-11 02:44:29.383472');
INSERT INTO django_admin_log VALUES(18,'2','Lando Norris - McLaren (Tier 1)',2,'[{"changed": {"fields": ["Price"]}}]',10,1,'2024-11-11 02:46:33.600613');
INSERT INTO django_admin_log VALUES(19,'1','Max Verstappen - Red Bull Racing (Tier 1)',2,'[{"changed": {"fields": ["Price"]}}]',10,1,'2024-11-11 02:46:38.235246');
INSERT INTO django_admin_log VALUES(20,'3','Sergio Perez - Red Bull Racing (Tier 1)',1,'[{"added": {}}]',10,1,'2024-11-11 02:46:55.142727');
INSERT INTO django_admin_log VALUES(21,'4','Charles Leclerc - Ferrari (Tier 1)',1,'[{"added": {}}]',10,1,'2024-11-11 02:47:08.229139');
INSERT INTO django_admin_log VALUES(22,'5','Carlos Sainz - Ferrari (Tier 1)',1,'[{"added": {}}]',10,1,'2024-11-11 02:47:18.592326');
INSERT INTO django_admin_log VALUES(23,'6','Lewis Hamilton - Mercedes (Tier 1)',1,'[{"added": {}}]',10,1,'2024-11-11 02:47:32.987699');
INSERT INTO django_admin_log VALUES(24,'7','George Russel - Mercedes (Tier 1)',1,'[{"added": {}}]',10,1,'2024-11-11 02:47:45.896683');
INSERT INTO django_admin_log VALUES(25,'8','Oscar Piastri - McLaren (Tier 1)',1,'[{"added": {}}]',10,1,'2024-11-11 02:47:59.433663');
INSERT INTO django_admin_log VALUES(26,'9','Fernando Alonso - Aston Martin (Tier 2)',1,'[{"added": {}}]',10,1,'2024-11-11 02:48:12.698359');
INSERT INTO django_admin_log VALUES(27,'10','Lance Stroll - Aston Martin (Tier 2)',1,'[{"added": {}}]',10,1,'2024-11-11 02:48:28.605339');
INSERT INTO django_admin_log VALUES(28,'11','Alex Albon - Williams (Tier 2)',1,'[{"added": {}}]',10,1,'2024-11-11 02:48:42.841973');
INSERT INTO django_admin_log VALUES(29,'12','Yuki Tsunoda - RB Cash App (Tier 2)',1,'[{"added": {}}]',10,1,'2024-11-11 02:48:59.714923');
INSERT INTO django_admin_log VALUES(30,'13','Esteban Ocon - Alpine (Tier 2)',1,'[{"added": {}}]',10,1,'2024-11-11 02:49:13.125161');
INSERT INTO django_admin_log VALUES(31,'14','Pierre Gasly - Alpine (Tier 2)',1,'[{"added": {}}]',10,1,'2024-11-11 02:49:22.783471');
INSERT INTO django_admin_log VALUES(32,'15','Liam Lawson - RB Cash App (Tier 2)',1,'[{"added": {}}]',10,1,'2024-11-11 02:49:36.883520');
INSERT INTO django_admin_log VALUES(33,'16','Valterri Botas - Kick Sauber (Tier 2)',1,'[{"added": {}}]',10,1,'2024-11-11 02:49:48.701563');
INSERT INTO django_admin_log VALUES(34,'17','Zhou Guanyu - Kick Sauber (Tier 2)',1,'[{"added": {}}]',10,1,'2024-11-11 02:50:12.267354');
INSERT INTO django_admin_log VALUES(35,'18','Nico Hulkenburg - Haas (Tier 2)',1,'[{"added": {}}]',10,1,'2024-11-11 02:50:28.847688');
INSERT INTO django_admin_log VALUES(36,'19','Kevin Magnussen - Haas (Tier 2)',1,'[{"added": {}}]',10,1,'2024-11-11 02:50:58.555087');
INSERT INTO django_admin_log VALUES(37,'20','Franco Colapinto - Williams (Tier 2)',1,'[{"added": {}}]',10,1,'2024-11-11 02:51:34.248846');
INSERT INTO django_admin_log VALUES(38,'1','RCFORL - 2024',1,'[{"added": {}}]',12,1,'2024-11-11 16:05:31.214344');
INSERT INTO django_admin_log VALUES(39,'1','Ralts - RCFORL (ryanortiz)',1,'[{"added": {}}]',13,1,'2024-11-11 16:43:44.989665');
INSERT INTO django_admin_log VALUES(40,'3','TeamSelection object (3)',2,'[{"changed": {"fields": ["Team", "Drivers"]}}]',8,1,'2024-11-11 16:44:04.964262');
INSERT INTO django_admin_log VALUES(41,'2','TeamSelection object (2)',3,'',8,1,'2024-11-11 16:44:42.410454');
INSERT INTO django_admin_log VALUES(42,'1','TeamSelection object (1)',3,'',8,1,'2024-11-11 16:44:46.743656');
INSERT INTO django_admin_log VALUES(43,'2','brett',1,'[{"added": {}}]',4,1,'2024-11-12 02:32:06.265318');
INSERT INTO django_admin_log VALUES(44,'2','All Gas - RCFORL (brett)',1,'[{"added": {}}]',13,1,'2024-11-12 02:38:32.250918');
INSERT INTO django_admin_log VALUES(45,'3','brian',1,'[{"added": {}}]',4,1,'2024-11-12 02:38:48.832056');
INSERT INTO django_admin_log VALUES(46,'3','Nippleton - RCFORL (brian)',1,'[{"added": {}}]',13,1,'2024-11-12 02:38:54.783011');
INSERT INTO django_admin_log VALUES(47,'2','Bahrain GP - 2024-03-02',1,'[{"added": {}}]',7,1,'2024-11-12 02:40:37.632218');
INSERT INTO django_admin_log VALUES(48,'3','Saudi Arabia GP - 2024-03-09',1,'[{"added": {}}]',7,1,'2024-11-12 02:41:21.167311');
INSERT INTO django_admin_log VALUES(49,'4','Australia GP - 2024-03-24',1,'[{"added": {}}]',7,1,'2024-11-12 02:42:05.432133');
INSERT INTO django_admin_log VALUES(50,'5','TeamSelection object (5)',1,'[{"added": {}}]',8,1,'2024-11-12 02:42:50.129446');
INSERT INTO django_admin_log VALUES(51,'3','Max Verstappen - Bahrain GP - Race',1,'[{"added": {}}]',9,1,'2024-11-12 02:48:53.652640');
INSERT INTO django_admin_log VALUES(52,'3','Max Verstappen - Bahrain GP - Race',2,'[]',9,1,'2024-11-12 02:48:57.982565');
INSERT INTO django_admin_log VALUES(53,'4','Australia GP - 2024-03-24',3,'',7,1,'2024-11-12 02:58:26.617040');
INSERT INTO django_admin_log VALUES(54,'3','Saudi Arabia GP - 2024-03-09',3,'',7,1,'2024-11-12 02:58:26.617150');
INSERT INTO django_admin_log VALUES(55,'2','Bahrain GP - 2024-03-02',3,'',7,1,'2024-11-12 02:58:26.617208');
INSERT INTO django_admin_log VALUES(56,'1','Las Vegas - 2024-11-23',3,'',7,1,'2024-11-12 02:58:26.617262');
INSERT INTO django_admin_log VALUES(57,'20','Franco Colapinto - Tier 2',3,'',10,1,'2024-11-12 03:38:50.236809');
INSERT INTO django_admin_log VALUES(58,'19','Kevin Magnussen - Tier 2',3,'',10,1,'2024-11-12 03:38:50.236858');
INSERT INTO django_admin_log VALUES(59,'18','Nico Hulkenburg - Tier 2',3,'',10,1,'2024-11-12 03:38:50.236873');
INSERT INTO django_admin_log VALUES(60,'17','Zhou Guanyu - Tier 2',3,'',10,1,'2024-11-12 03:38:50.236886');
INSERT INTO django_admin_log VALUES(61,'16','Valterri Botas - Tier 2',3,'',10,1,'2024-11-12 03:38:50.236899');
INSERT INTO django_admin_log VALUES(62,'15','Liam Lawson - Tier 2',3,'',10,1,'2024-11-12 03:38:50.236918');
INSERT INTO django_admin_log VALUES(63,'14','Pierre Gasly - Tier 2',3,'',10,1,'2024-11-12 03:38:50.236930');
INSERT INTO django_admin_log VALUES(64,'13','Esteban Ocon - Tier 2',3,'',10,1,'2024-11-12 03:38:50.236942');
INSERT INTO django_admin_log VALUES(65,'12','Yuki Tsunoda - Tier 2',3,'',10,1,'2024-11-12 03:38:50.236954');
INSERT INTO django_admin_log VALUES(66,'11','Alex Albon - Tier 2',3,'',10,1,'2024-11-12 03:38:50.236966');
INSERT INTO django_admin_log VALUES(67,'10','Lance Stroll - Tier 2',3,'',10,1,'2024-11-12 03:38:50.236978');
INSERT INTO django_admin_log VALUES(68,'9','Fernando Alonso - Tier 2',3,'',10,1,'2024-11-12 03:38:50.236990');
INSERT INTO django_admin_log VALUES(69,'8','Oscar Piastri - Tier 1',3,'',10,1,'2024-11-12 03:38:50.237002');
INSERT INTO django_admin_log VALUES(70,'7','George Russel - Tier 1',3,'',10,1,'2024-11-12 03:38:50.237013');
INSERT INTO django_admin_log VALUES(71,'6','Lewis Hamilton - Tier 1',3,'',10,1,'2024-11-12 03:38:50.237025');
INSERT INTO django_admin_log VALUES(72,'5','Carlos Sainz - Tier 1',3,'',10,1,'2024-11-12 03:38:50.237037');
INSERT INTO django_admin_log VALUES(73,'4','Charles Leclerc - Tier 1',3,'',10,1,'2024-11-12 03:38:50.237060');
INSERT INTO django_admin_log VALUES(74,'3','Sergio Perez - Tier 1',3,'',10,1,'2024-11-12 03:38:50.237073');
INSERT INTO django_admin_log VALUES(75,'2','Lando Norris - Tier 1',3,'',10,1,'2024-11-12 03:38:50.237087');
INSERT INTO django_admin_log VALUES(76,'1','Max Verstappen - Tier 1',3,'',10,1,'2024-11-12 03:38:50.237098');
INSERT INTO django_admin_log VALUES(77,'28','Abu Dhabi Grand Prix - 2024-12-08',3,'',7,1,'2024-11-12 15:40:49.493620');
INSERT INTO django_admin_log VALUES(78,'27','Qatar Grand Prix - 2024-12-01',3,'',7,1,'2024-11-12 15:40:49.493678');
INSERT INTO django_admin_log VALUES(79,'26','Las Vegas Grand Prix - 2024-11-23',3,'',7,1,'2024-11-12 15:40:49.493695');
INSERT INTO django_admin_log VALUES(80,'25','São Paulo Grand Prix - 2024-11-03',3,'',7,1,'2024-11-12 15:40:49.493709');
INSERT INTO django_admin_log VALUES(81,'24','Mexico City Grand Prix - 2024-10-27',3,'',7,1,'2024-11-12 15:40:49.493722');
INSERT INTO django_admin_log VALUES(82,'23','United States Grand Prix - 2024-10-20',3,'',7,1,'2024-11-12 15:40:49.493736');
INSERT INTO django_admin_log VALUES(83,'22','Singapore Grand Prix - 2024-09-22',3,'',7,1,'2024-11-12 15:40:49.493748');
INSERT INTO django_admin_log VALUES(84,'21','Azerbaijan Grand Prix - 2024-09-15',3,'',7,1,'2024-11-12 15:40:49.493760');
INSERT INTO django_admin_log VALUES(85,'20','Italian Grand Prix - 2024-09-01',3,'',7,1,'2024-11-12 15:40:49.493773');
INSERT INTO django_admin_log VALUES(86,'19','Dutch Grand Prix - 2024-08-25',3,'',7,1,'2024-11-12 15:40:49.493786');
INSERT INTO django_admin_log VALUES(87,'18','Belgian Grand Prix - 2024-07-28',3,'',7,1,'2024-11-12 15:40:49.493798');
INSERT INTO django_admin_log VALUES(88,'17','Hungarian Grand Prix - 2024-07-21',3,'',7,1,'2024-11-12 15:40:49.493811');
INSERT INTO django_admin_log VALUES(89,'16','British Grand Prix - 2024-07-07',3,'',7,1,'2024-11-12 15:40:49.493824');
INSERT INTO django_admin_log VALUES(90,'15','Austrian Grand Prix - 2024-06-30',3,'',7,1,'2024-11-12 15:40:49.493836');
INSERT INTO django_admin_log VALUES(91,'14','Spanish Grand Prix - 2024-06-23',3,'',7,1,'2024-11-12 15:40:49.493848');
INSERT INTO django_admin_log VALUES(92,'13','Canadian Grand Prix - 2024-06-09',3,'',7,1,'2024-11-12 15:40:49.493860');
INSERT INTO django_admin_log VALUES(93,'12','Monaco Grand Prix - 2024-05-26',3,'',7,1,'2024-11-12 15:40:49.493873');
INSERT INTO django_admin_log VALUES(94,'11','Emilia Romagna Grand Prix - 2024-05-19',3,'',7,1,'2024-11-12 15:40:49.493886');
INSERT INTO django_admin_log VALUES(95,'10','Miami Grand Prix - 2024-05-05',3,'',7,1,'2024-11-12 15:40:49.493898');
INSERT INTO django_admin_log VALUES(96,'9','Chinese Grand Prix - 2024-04-21',3,'',7,1,'2024-11-12 15:40:49.493910');
INSERT INTO django_admin_log VALUES(97,'8','Japanese Grand Prix - 2024-04-07',3,'',7,1,'2024-11-12 15:40:49.493923');
INSERT INTO django_admin_log VALUES(98,'7','Australian Grand Prix - 2024-03-24',3,'',7,1,'2024-11-12 15:40:49.493935');
INSERT INTO django_admin_log VALUES(99,'6','Saudi Arabian Grand Prix - 2024-03-09',3,'',7,1,'2024-11-12 15:40:49.493947');
INSERT INTO django_admin_log VALUES(100,'5','Bahrain Grand Prix - 2024-03-02',3,'',7,1,'2024-11-12 15:40:49.493959');
INSERT INTO django_admin_log VALUES(101,'29','Bahrain Grand Prix - 2024-02-29',2,'[{"changed": {"fields": ["Round"]}}]',7,1,'2024-11-12 16:33:53.534955');
INSERT INTO django_admin_log VALUES(102,'30','Saudi Arabian Grand Prix - 2024-03-07',2,'[{"changed": {"fields": ["Round"]}}]',7,1,'2024-11-12 16:34:00.214318');
INSERT INTO django_admin_log VALUES(103,'31','Australian Grand Prix - 2024-03-22',2,'[{"changed": {"fields": ["Round"]}}]',7,1,'2024-11-12 16:34:04.216487');
INSERT INTO django_admin_log VALUES(104,'32','Japanese Grand Prix - 2024-04-05',2,'[{"changed": {"fields": ["Round"]}}]',7,1,'2024-11-12 16:34:09.328445');
INSERT INTO django_admin_log VALUES(105,'33','Chinese Grand Prix - 2024-04-19',2,'[{"changed": {"fields": ["Round"]}}]',7,1,'2024-11-12 16:34:16.324861');
INSERT INTO django_admin_log VALUES(106,'34','Miami Grand Prix - 2024-05-03',2,'[{"changed": {"fields": ["Round"]}}]',7,1,'2024-11-12 16:34:20.690366');
INSERT INTO django_admin_log VALUES(107,'35','Emilia Romagna Grand Prix - 2024-05-17',2,'[{"changed": {"fields": ["Round"]}}]',7,1,'2024-11-12 16:34:25.417688');
INSERT INTO django_admin_log VALUES(108,'36','Monaco Grand Prix - 2024-05-24',2,'[{"changed": {"fields": ["Round"]}}]',7,1,'2024-11-12 16:34:31.356924');
INSERT INTO django_admin_log VALUES(109,'37','Canadian Grand Prix - 2024-06-07',2,'[{"changed": {"fields": ["Round"]}}]',7,1,'2024-11-12 16:34:37.752798');
INSERT INTO django_admin_log VALUES(110,'38','Spanish Grand Prix - 2024-06-21',2,'[{"changed": {"fields": ["Round"]}}]',7,1,'2024-11-12 16:34:42.478882');
INSERT INTO django_admin_log VALUES(111,'39','Austrian Grand Prix - 2024-06-28',2,'[{"changed": {"fields": ["Round"]}}]',7,1,'2024-11-12 16:34:48.293026');
INSERT INTO django_admin_log VALUES(112,'40','British Grand Prix - 2024-07-05',2,'[{"changed": {"fields": ["Round"]}}]',7,1,'2024-11-12 16:35:00.627538');
INSERT INTO django_admin_log VALUES(113,'41','Hungarian Grand Prix - 2024-07-19',2,'[{"changed": {"fields": ["Round"]}}]',7,1,'2024-11-12 16:35:05.654330');
INSERT INTO django_admin_log VALUES(114,'42','Belgian Grand Prix - 2024-07-26',2,'[{"changed": {"fields": ["Round"]}}]',7,1,'2024-11-12 16:35:11.160503');
INSERT INTO django_admin_log VALUES(115,'43','Dutch Grand Prix - 2024-08-23',2,'[{"changed": {"fields": ["Round"]}}]',7,1,'2024-11-12 16:35:23.929863');
INSERT INTO django_admin_log VALUES(116,'49','São Paulo Grand Prix - 2024-11-01',3,'',7,1,'2024-11-12 16:36:16.582993');
INSERT INTO django_admin_log VALUES(117,'48','Mexico City Grand Prix - 2024-10-25',3,'',7,1,'2024-11-12 16:36:16.583054');
INSERT INTO django_admin_log VALUES(118,'47','United States Grand Prix - 2024-10-18',3,'',7,1,'2024-11-12 16:36:16.583072');
INSERT INTO django_admin_log VALUES(119,'46','Singapore Grand Prix - 2024-09-20',3,'',7,1,'2024-11-12 16:36:16.583087');
INSERT INTO django_admin_log VALUES(120,'45','Azerbaijan Grand Prix - 2024-09-13',3,'',7,1,'2024-11-12 16:36:16.583101');
INSERT INTO django_admin_log VALUES(121,'44','Italian Grand Prix - 2024-08-30',3,'',7,1,'2024-11-12 16:36:16.583116');
INSERT INTO django_admin_log VALUES(122,'43','Dutch Grand Prix - 2024-08-23',3,'',7,1,'2024-11-12 16:36:16.583130');
INSERT INTO django_admin_log VALUES(123,'42','Belgian Grand Prix - 2024-07-26',3,'',7,1,'2024-11-12 16:36:16.583144');
INSERT INTO django_admin_log VALUES(124,'41','Hungarian Grand Prix - 2024-07-19',3,'',7,1,'2024-11-12 16:36:16.583159');
INSERT INTO django_admin_log VALUES(125,'40','British Grand Prix - 2024-07-05',3,'',7,1,'2024-11-12 16:36:16.583173');
INSERT INTO django_admin_log VALUES(126,'39','Austrian Grand Prix - 2024-06-28',3,'',7,1,'2024-11-12 16:36:16.583187');
INSERT INTO django_admin_log VALUES(127,'38','Spanish Grand Prix - 2024-06-21',3,'',7,1,'2024-11-12 16:36:16.583202');
INSERT INTO django_admin_log VALUES(128,'37','Canadian Grand Prix - 2024-06-07',3,'',7,1,'2024-11-12 16:36:16.583218');
INSERT INTO django_admin_log VALUES(129,'36','Monaco Grand Prix - 2024-05-24',3,'',7,1,'2024-11-12 16:36:16.583232');
INSERT INTO django_admin_log VALUES(130,'35','Emilia Romagna Grand Prix - 2024-05-17',3,'',7,1,'2024-11-12 16:36:16.583247');
INSERT INTO django_admin_log VALUES(131,'34','Miami Grand Prix - 2024-05-03',3,'',7,1,'2024-11-12 16:36:16.583261');
INSERT INTO django_admin_log VALUES(132,'33','Chinese Grand Prix - 2024-04-19',3,'',7,1,'2024-11-12 16:36:16.583276');
INSERT INTO django_admin_log VALUES(133,'32','Japanese Grand Prix - 2024-04-05',3,'',7,1,'2024-11-12 16:36:16.583290');
INSERT INTO django_admin_log VALUES(134,'31','Australian Grand Prix - 2024-03-22',3,'',7,1,'2024-11-12 16:36:16.583305');
INSERT INTO django_admin_log VALUES(135,'30','Saudi Arabian Grand Prix - 2024-03-07',3,'',7,1,'2024-11-12 16:36:16.583319');
INSERT INTO django_admin_log VALUES(136,'29','Bahrain Grand Prix - 2024-02-29',3,'',7,1,'2024-11-12 16:36:16.583333');
INSERT INTO django_admin_log VALUES(137,'73','Abu Dhabi Grand Prix - 2024-12-08',3,'',7,1,'2024-11-12 16:40:27.697558');
INSERT INTO django_admin_log VALUES(138,'72','Qatar Grand Prix - 2024-12-01',3,'',7,1,'2024-11-12 16:40:27.697625');
INSERT INTO django_admin_log VALUES(139,'71','Las Vegas Grand Prix - 2024-11-23',3,'',7,1,'2024-11-12 16:40:27.697642');
INSERT INTO django_admin_log VALUES(140,'70','São Paulo Grand Prix - 2024-11-03',3,'',7,1,'2024-11-12 16:40:27.697656');
INSERT INTO django_admin_log VALUES(141,'69','Mexico City Grand Prix - 2024-10-27',3,'',7,1,'2024-11-12 16:40:27.697670');
INSERT INTO django_admin_log VALUES(142,'68','United States Grand Prix - 2024-10-20',3,'',7,1,'2024-11-12 16:40:27.697683');
INSERT INTO django_admin_log VALUES(143,'67','Singapore Grand Prix - 2024-09-22',3,'',7,1,'2024-11-12 16:40:27.697696');
INSERT INTO django_admin_log VALUES(144,'66','Azerbaijan Grand Prix - 2024-09-15',3,'',7,1,'2024-11-12 16:40:27.697711');
INSERT INTO django_admin_log VALUES(145,'65','Italian Grand Prix - 2024-09-01',3,'',7,1,'2024-11-12 16:40:27.697725');
INSERT INTO django_admin_log VALUES(146,'64','Dutch Grand Prix - 2024-08-25',3,'',7,1,'2024-11-12 16:40:27.697739');
INSERT INTO django_admin_log VALUES(147,'63','Belgian Grand Prix - 2024-07-28',3,'',7,1,'2024-11-12 16:40:27.697753');
INSERT INTO django_admin_log VALUES(148,'62','Hungarian Grand Prix - 2024-07-21',3,'',7,1,'2024-11-12 16:40:27.697766');
INSERT INTO django_admin_log VALUES(149,'61','British Grand Prix - 2024-07-07',3,'',7,1,'2024-11-12 16:40:27.697779');
INSERT INTO django_admin_log VALUES(150,'60','Austrian Grand Prix - 2024-06-30',3,'',7,1,'2024-11-12 16:40:27.697792');
INSERT INTO django_admin_log VALUES(151,'59','Spanish Grand Prix - 2024-06-23',3,'',7,1,'2024-11-12 16:40:27.697805');
INSERT INTO django_admin_log VALUES(152,'58','Canadian Grand Prix - 2024-06-09',3,'',7,1,'2024-11-12 16:40:27.697818');
INSERT INTO django_admin_log VALUES(153,'57','Monaco Grand Prix - 2024-05-26',3,'',7,1,'2024-11-12 16:40:27.697832');
INSERT INTO django_admin_log VALUES(154,'56','Emilia Romagna Grand Prix - 2024-05-19',3,'',7,1,'2024-11-12 16:40:27.697845');
INSERT INTO django_admin_log VALUES(155,'55','Miami Grand Prix - 2024-05-05',3,'',7,1,'2024-11-12 16:40:27.697859');
INSERT INTO django_admin_log VALUES(156,'54','Chinese Grand Prix - 2024-04-21',3,'',7,1,'2024-11-12 16:40:27.697872');
INSERT INTO django_admin_log VALUES(157,'53','Japanese Grand Prix - 2024-04-07',3,'',7,1,'2024-11-12 16:40:27.697886');
INSERT INTO django_admin_log VALUES(158,'52','Australian Grand Prix - 2024-03-24',3,'',7,1,'2024-11-12 16:40:27.697899');
INSERT INTO django_admin_log VALUES(159,'51','Saudi Arabian Grand Prix - 2024-03-09',3,'',7,1,'2024-11-12 16:40:27.697913');
INSERT INTO django_admin_log VALUES(160,'50','Bahrain Grand Prix - 2024-03-02',3,'',7,1,'2024-11-12 16:40:27.697926');
INSERT INTO django_admin_log VALUES(161,'97','Abu Dhabi Grand Prix - 2024-12-08',3,'',7,1,'2024-11-12 16:47:10.305888');
INSERT INTO django_admin_log VALUES(162,'96','Qatar Grand Prix - 2024-12-01',3,'',7,1,'2024-11-12 16:47:10.305971');
INSERT INTO django_admin_log VALUES(163,'95','Las Vegas Grand Prix - 2024-11-23',3,'',7,1,'2024-11-12 16:47:10.305997');
INSERT INTO django_admin_log VALUES(164,'94','São Paulo Grand Prix - 2024-11-03',3,'',7,1,'2024-11-12 16:47:10.306021');
INSERT INTO django_admin_log VALUES(165,'93','Mexico City Grand Prix - 2024-10-27',3,'',7,1,'2024-11-12 16:47:10.306044');
INSERT INTO django_admin_log VALUES(166,'92','United States Grand Prix - 2024-10-20',3,'',7,1,'2024-11-12 16:47:10.306066');
INSERT INTO django_admin_log VALUES(167,'91','Singapore Grand Prix - 2024-09-22',3,'',7,1,'2024-11-12 16:47:10.306089');
INSERT INTO django_admin_log VALUES(168,'90','Azerbaijan Grand Prix - 2024-09-15',3,'',7,1,'2024-11-12 16:47:10.306112');
INSERT INTO django_admin_log VALUES(169,'89','Italian Grand Prix - 2024-09-01',3,'',7,1,'2024-11-12 16:47:10.306134');
INSERT INTO django_admin_log VALUES(170,'88','Dutch Grand Prix - 2024-08-25',3,'',7,1,'2024-11-12 16:47:10.306157');
INSERT INTO django_admin_log VALUES(171,'87','Belgian Grand Prix - 2024-07-28',3,'',7,1,'2024-11-12 16:47:10.306179');
INSERT INTO django_admin_log VALUES(172,'86','Hungarian Grand Prix - 2024-07-21',3,'',7,1,'2024-11-12 16:47:10.306201');
INSERT INTO django_admin_log VALUES(173,'85','British Grand Prix - 2024-07-07',3,'',7,1,'2024-11-12 16:47:10.306223');
INSERT INTO django_admin_log VALUES(174,'84','Austrian Grand Prix - 2024-06-30',3,'',7,1,'2024-11-12 16:47:10.306246');
INSERT INTO django_admin_log VALUES(175,'83','Spanish Grand Prix - 2024-06-23',3,'',7,1,'2024-11-12 16:47:10.306268');
INSERT INTO django_admin_log VALUES(176,'82','Canadian Grand Prix - 2024-06-09',3,'',7,1,'2024-11-12 16:47:10.306291');
INSERT INTO django_admin_log VALUES(177,'81','Monaco Grand Prix - 2024-05-26',3,'',7,1,'2024-11-12 16:47:10.306313');
INSERT INTO django_admin_log VALUES(178,'80','Emilia Romagna Grand Prix - 2024-05-19',3,'',7,1,'2024-11-12 16:47:10.306335');
INSERT INTO django_admin_log VALUES(179,'79','Miami Grand Prix - 2024-05-05',3,'',7,1,'2024-11-12 16:47:10.306357');
INSERT INTO django_admin_log VALUES(180,'78','Chinese Grand Prix - 2024-04-21',3,'',7,1,'2024-11-12 16:47:10.306379');
INSERT INTO django_admin_log VALUES(181,'77','Japanese Grand Prix - 2024-04-07',3,'',7,1,'2024-11-12 16:47:10.306401');
INSERT INTO django_admin_log VALUES(182,'76','Australian Grand Prix - 2024-03-24',3,'',7,1,'2024-11-12 16:47:10.306422');
INSERT INTO django_admin_log VALUES(183,'75','Saudi Arabian Grand Prix - 2024-03-09',3,'',7,1,'2024-11-12 16:47:10.306445');
INSERT INTO django_admin_log VALUES(184,'74','Bahrain Grand Prix - 2024-03-02',3,'',7,1,'2024-11-12 16:47:10.306470');
INSERT INTO django_admin_log VALUES(185,'10','Kick Sauber',3,'',11,1,'2024-11-12 16:58:27.796084');
INSERT INTO django_admin_log VALUES(186,'9','Williams',3,'',11,1,'2024-11-12 16:58:27.796131');
INSERT INTO django_admin_log VALUES(187,'8','RB Cash App',3,'',11,1,'2024-11-12 16:58:27.796148');
INSERT INTO django_admin_log VALUES(188,'7','Haas',3,'',11,1,'2024-11-12 16:58:27.796162');
INSERT INTO django_admin_log VALUES(189,'6','Alpine',3,'',11,1,'2024-11-12 16:58:27.796176');
INSERT INTO django_admin_log VALUES(190,'5','Aston Martin',3,'',11,1,'2024-11-12 16:58:27.796189');
INSERT INTO django_admin_log VALUES(191,'4','Mercedes',3,'',11,1,'2024-11-12 16:58:27.796203');
INSERT INTO django_admin_log VALUES(192,'3','Ferrari',3,'',11,1,'2024-11-12 16:58:27.796215');
INSERT INTO django_admin_log VALUES(193,'2','McLaren',3,'',11,1,'2024-11-12 16:58:27.796228');
INSERT INTO django_admin_log VALUES(194,'1','Red Bull Racing',3,'',11,1,'2024-11-12 16:58:27.796241');
INSERT INTO django_admin_log VALUES(195,'23','Liam Lawson - Tier 2',2,'[{"changed": {"fields": ["Tier"]}}]',10,1,'2024-11-12 20:08:57.346769');
INSERT INTO django_admin_log VALUES(196,'22','Franco Colapinto - Tier 2',2,'[{"changed": {"fields": ["Nationality", "Tier"]}}]',10,1,'2024-11-12 20:09:01.220521');
INSERT INTO django_admin_log VALUES(197,'21','Oliver Bearman - Tier 2',2,'[{"changed": {"fields": ["Tier"]}}]',10,1,'2024-11-12 20:09:04.555364');
INSERT INTO django_admin_log VALUES(198,'20','Logan Sargeant - Tier 2',2,'[{"changed": {"fields": ["Tier"]}}]',10,1,'2024-11-12 20:09:08.269301');
INSERT INTO django_admin_log VALUES(199,'19','Valtteri Bottas - Tier 2',2,'[{"changed": {"fields": ["Tier"]}}]',10,1,'2024-11-12 20:09:11.995832');
INSERT INTO django_admin_log VALUES(200,'18','Pierre Gasly - Tier 2',2,'[{"changed": {"fields": ["Tier"]}}]',10,1,'2024-11-12 20:09:15.397007');
INSERT INTO django_admin_log VALUES(201,'17','Esteban Ocon - Tier 2',2,'[{"changed": {"fields": ["Tier", "Price"]}}]',10,1,'2024-11-12 20:09:24.431486');
INSERT INTO django_admin_log VALUES(202,'1','Max Verstappen - Tier 1',2,'[{"changed": {"fields": ["Tier", "Price"]}}]',10,1,'2024-11-12 20:09:36.823177');
INSERT INTO django_admin_log VALUES(203,'2','Sergio Pérez - Tier 1',2,'[{"changed": {"fields": ["Tier", "Price"]}}]',10,1,'2024-11-12 20:09:42.443435');
INSERT INTO django_admin_log VALUES(204,'3','Carlos Sainz - Tier 1',2,'[{"changed": {"fields": ["Tier", "Price"]}}]',10,1,'2024-11-12 20:10:22.982080');
INSERT INTO django_admin_log VALUES(205,'4','Charles Leclerc - Tier 1',2,'[{"changed": {"fields": ["Tier", "Price"]}}]',10,1,'2024-11-12 20:10:29.578952');
INSERT INTO django_admin_log VALUES(206,'5','George Russell - Tier 1',2,'[{"changed": {"fields": ["Tier", "Price"]}}]',10,1,'2024-11-12 20:10:36.727543');
INSERT INTO django_admin_log VALUES(207,'6','Lando Norris - Tier 1',2,'[{"changed": {"fields": ["Tier", "Price"]}}]',10,1,'2024-11-12 20:10:45.178949');
INSERT INTO django_admin_log VALUES(208,'7','Lewis Hamilton - Tier 1',2,'[{"changed": {"fields": ["Tier", "Price"]}}]',10,1,'2024-11-12 20:10:54.464654');
INSERT INTO django_admin_log VALUES(209,'8','Oscar Piastri - Tier 1',2,'[{"changed": {"fields": ["Tier", "Price"]}}]',10,1,'2024-11-12 20:11:01.646558');
INSERT INTO django_admin_log VALUES(210,'9','Fernando Alonso - Tier 2',2,'[{"changed": {"fields": ["Tier", "Price"]}}]',10,1,'2024-11-12 20:11:17.383076');
INSERT INTO django_admin_log VALUES(211,'10','Lance Stroll - Tier 2',2,'[{"changed": {"fields": ["Tier", "Price"]}}]',10,1,'2024-11-12 20:11:23.990243');
INSERT INTO django_admin_log VALUES(212,'11','Guanyu Zhou - Tier 2',2,'[{"changed": {"fields": ["Tier"]}}]',10,1,'2024-11-12 20:11:29.835785');
INSERT INTO django_admin_log VALUES(213,'12','Kevin Magnussen - Tier 2',2,'[{"changed": {"fields": ["Tier", "Price"]}}]',10,1,'2024-11-12 20:11:38.681868');
INSERT INTO django_admin_log VALUES(214,'13','Daniel Ricciardo - Tier 2',2,'[{"changed": {"fields": ["Tier"]}}]',10,1,'2024-11-12 20:11:43.155281');
INSERT INTO django_admin_log VALUES(215,'14','Yuki Tsunoda - Tier 2',2,'[{"changed": {"fields": ["Tier", "Price"]}}]',10,1,'2024-11-12 20:11:49.218034');
INSERT INTO django_admin_log VALUES(216,'15','Alexander Albon - Tier 2',2,'[{"changed": {"fields": ["Tier", "Price"]}}]',10,1,'2024-11-12 20:11:55.778567');
INSERT INTO django_admin_log VALUES(217,'16','Nico Hülkenberg - Tier 2',2,'[{"changed": {"fields": ["Tier", "Price"]}}]',10,1,'2024-11-12 20:12:00.526022');
INSERT INTO django_admin_log VALUES(218,'17','Esteban Ocon - Tier 2',2,'[]',10,1,'2024-11-12 20:12:03.335746');
INSERT INTO django_admin_log VALUES(219,'19','Valtteri Bottas - Tier 2',2,'[]',10,1,'2024-11-12 20:12:05.700364');
INSERT INTO django_admin_log VALUES(220,'20','Logan Sargeant - Tier 2',2,'[]',10,1,'2024-11-12 20:12:07.830008');
INSERT INTO django_admin_log VALUES(221,'21','Oliver Bearman - Tier 2',2,'[{"changed": {"fields": ["Price"]}}]',10,1,'2024-11-12 20:12:13.423299');
INSERT INTO django_admin_log VALUES(222,'22','Franco Colapinto - Tier 2',2,'[{"changed": {"fields": ["Price"]}}]',10,1,'2024-11-12 20:12:16.963459');
INSERT INTO django_admin_log VALUES(223,'23','Liam Lawson - Tier 2',2,'[{"changed": {"fields": ["Price"]}}]',10,1,'2024-11-12 20:12:19.838081');
INSERT INTO django_admin_log VALUES(224,'6','TeamSelection object (6)',1,'[{"added": {}}]',8,1,'2024-11-13 03:55:41.868066');
INSERT INTO django_admin_log VALUES(225,'1','Red Bull',2,'[{"changed": {"fields": ["Standing"]}}]',11,1,'2024-11-13 04:09:22.235616');
INSERT INTO django_admin_log VALUES(226,'4','McLaren',2,'[{"changed": {"fields": ["Standing"]}}]',11,1,'2024-11-13 04:09:26.374433');
INSERT INTO django_admin_log VALUES(227,'2','Ferrari',2,'[{"changed": {"fields": ["Standing"]}}]',11,1,'2024-11-13 04:09:31.182915');
INSERT INTO django_admin_log VALUES(228,'3','Mercedes',2,'[{"changed": {"fields": ["Standing"]}}]',11,1,'2024-11-13 04:09:36.086792');
INSERT INTO django_admin_log VALUES(229,'5','Aston Martin',2,'[{"changed": {"fields": ["Standing"]}}]',11,1,'2024-11-13 04:09:40.670509');
INSERT INTO django_admin_log VALUES(230,'10','Alpine F1 Team',2,'[{"changed": {"fields": ["Standing"]}}]',11,1,'2024-11-13 04:09:44.369206');
INSERT INTO django_admin_log VALUES(231,'7','Haas F1 Team',2,'[{"changed": {"fields": ["Standing"]}}]',11,1,'2024-11-13 04:09:48.972465');
INSERT INTO django_admin_log VALUES(232,'8','RB F1 Team',2,'[{"changed": {"fields": ["Standing"]}}]',11,1,'2024-11-13 04:09:55.137864');
INSERT INTO django_admin_log VALUES(233,'9','Williams',2,'[{"changed": {"fields": ["Standing"]}}]',11,1,'2024-11-13 04:09:59.148620');
INSERT INTO django_admin_log VALUES(234,'6','Sauber',2,'[{"changed": {"fields": ["Standing"]}}]',11,1,'2024-11-13 04:10:08.176767');
INSERT INTO django_admin_log VALUES(235,'7','TeamSelection object (7)',1,'[{"added": {}}]',8,1,'2024-11-13 04:32:53.989524');
INSERT INTO django_admin_log VALUES(236,'8','TeamSelection object (8)',1,'[{"added": {}}]',8,1,'2024-11-13 04:33:28.672484');
INSERT INTO django_admin_log VALUES(237,'9','TeamSelection object (9)',1,'[{"added": {}}]',8,1,'2024-11-13 04:35:36.845881');
INSERT INTO django_admin_log VALUES(238,'10','TeamSelection object (10)',1,'[{"added": {}}]',8,1,'2024-11-13 04:35:52.918368');
INSERT INTO django_admin_log VALUES(239,'11','TeamSelection object (11)',1,'[{"added": {}}]',8,1,'2024-11-13 04:36:09.180747');
INSERT INTO django_admin_log VALUES(240,'1','RCFORL - 2024',2,'[{"changed": {"fields": ["Users"]}}]',12,1,'2024-11-13 15:28:57.699667');
INSERT INTO django_admin_log VALUES(241,'121','Abu Dhabi Grand Prix - 2024-12-08',3,'',7,1,'2024-11-14 16:13:08.063668');
INSERT INTO django_admin_log VALUES(242,'120','Qatar Grand Prix - 2024-12-01',3,'',7,1,'2024-11-14 16:13:08.063691');
INSERT INTO django_admin_log VALUES(243,'119','Las Vegas Grand Prix - 2024-11-23',3,'',7,1,'2024-11-14 16:13:08.063697');
INSERT INTO django_admin_log VALUES(244,'118','São Paulo Grand Prix - 2024-11-03',3,'',7,1,'2024-11-14 16:13:08.063703');
INSERT INTO django_admin_log VALUES(245,'117','Mexico City Grand Prix - 2024-10-27',3,'',7,1,'2024-11-14 16:13:08.063707');
INSERT INTO django_admin_log VALUES(246,'116','United States Grand Prix - 2024-10-20',3,'',7,1,'2024-11-14 16:13:08.063713');
INSERT INTO django_admin_log VALUES(247,'115','Singapore Grand Prix - 2024-09-22',3,'',7,1,'2024-11-14 16:13:08.063717');
INSERT INTO django_admin_log VALUES(248,'114','Azerbaijan Grand Prix - 2024-09-15',3,'',7,1,'2024-11-14 16:13:08.063722');
INSERT INTO django_admin_log VALUES(249,'113','Italian Grand Prix - 2024-09-01',3,'',7,1,'2024-11-14 16:13:08.063726');
INSERT INTO django_admin_log VALUES(250,'112','Dutch Grand Prix - 2024-08-25',3,'',7,1,'2024-11-14 16:13:08.063730');
INSERT INTO django_admin_log VALUES(251,'111','Belgian Grand Prix - 2024-07-28',3,'',7,1,'2024-11-14 16:13:08.063735');
INSERT INTO django_admin_log VALUES(252,'110','Hungarian Grand Prix - 2024-07-21',3,'',7,1,'2024-11-14 16:13:08.063740');
INSERT INTO django_admin_log VALUES(253,'109','British Grand Prix - 2024-07-07',3,'',7,1,'2024-11-14 16:13:08.063744');
INSERT INTO django_admin_log VALUES(254,'108','Austrian Grand Prix - 2024-06-30',3,'',7,1,'2024-11-14 16:13:08.063748');
INSERT INTO django_admin_log VALUES(255,'107','Spanish Grand Prix - 2024-06-23',3,'',7,1,'2024-11-14 16:13:08.063753');
INSERT INTO django_admin_log VALUES(256,'106','Canadian Grand Prix - 2024-06-09',3,'',7,1,'2024-11-14 16:13:08.063757');
INSERT INTO django_admin_log VALUES(257,'105','Monaco Grand Prix - 2024-05-26',3,'',7,1,'2024-11-14 16:13:08.063762');
INSERT INTO django_admin_log VALUES(258,'104','Emilia Romagna Grand Prix - 2024-05-19',3,'',7,1,'2024-11-14 16:13:08.063766');
INSERT INTO django_admin_log VALUES(259,'103','Miami Grand Prix - 2024-05-05',3,'',7,1,'2024-11-14 16:13:08.063771');
INSERT INTO django_admin_log VALUES(260,'102','Chinese Grand Prix - 2024-04-21',3,'',7,1,'2024-11-14 16:13:08.063775');
INSERT INTO django_admin_log VALUES(261,'101','Japanese Grand Prix - 2024-04-07',3,'',7,1,'2024-11-14 16:13:08.063779');
INSERT INTO django_admin_log VALUES(262,'100','Australian Grand Prix - 2024-03-24',3,'',7,1,'2024-11-14 16:13:08.063783');
INSERT INTO django_admin_log VALUES(263,'99','Saudi Arabian Grand Prix - 2024-03-09',3,'',7,1,'2024-11-14 16:13:08.063788');
INSERT INTO django_admin_log VALUES(264,'98','Bahrain Grand Prix - 2024-03-02',3,'',7,1,'2024-11-14 16:13:08.063792');
INSERT INTO django_admin_log VALUES(265,'13','TeamSelection object (13)',1,'[{"added": {}}]',8,1,'2024-11-15 15:19:39.876397');
INSERT INTO django_admin_log VALUES(266,'14','TeamSelection object (14)',1,'[{"added": {}}]',8,1,'2024-11-15 15:20:00.814143');
INSERT INTO django_admin_log VALUES(267,'15','TeamSelection object (15)',1,'[{"added": {}}]',8,1,'2024-11-15 15:20:16.950895');
INSERT INTO django_admin_log VALUES(268,'16','TeamSelection object (16)',1,'[{"added": {}}]',8,1,'2024-11-15 15:20:35.224399');
INSERT INTO django_admin_log VALUES(269,'17','TeamSelection object (17)',1,'[{"added": {}}]',8,1,'2024-11-15 15:20:57.590026');
INSERT INTO django_admin_log VALUES(270,'18','TeamSelection object (18)',1,'[{"added": {}}]',8,1,'2024-11-15 15:21:20.148171');
INSERT INTO django_admin_log VALUES(271,'19','TeamSelection object (19)',1,'[{"added": {}}]',8,1,'2024-11-15 15:21:41.147606');
INSERT INTO django_admin_log VALUES(272,'20','TeamSelection object (20)',1,'[{"added": {}}]',8,1,'2024-11-15 15:22:16.058590');
INSERT INTO django_admin_log VALUES(273,'21','TeamSelection object (21)',1,'[{"added": {}}]',8,1,'2024-11-15 15:22:39.775401');
INSERT INTO django_admin_log VALUES(274,'22','TeamSelection object (22)',1,'[{"added": {}}]',8,1,'2024-11-17 15:09:46.425242');
INSERT INTO django_admin_log VALUES(275,'23','TeamSelection object (23)',1,'[{"added": {}}]',8,1,'2024-11-17 15:10:23.643865');
INSERT INTO django_admin_log VALUES(276,'24','TeamSelection object (24)',1,'[{"added": {}}]',8,1,'2024-11-17 15:10:52.077309');
INSERT INTO django_admin_log VALUES(277,'25','TeamSelection object (25)',1,'[{"added": {}}]',8,1,'2024-11-17 15:11:47.043303');
INSERT INTO django_admin_log VALUES(278,'26','TeamSelection object (26)',1,'[{"added": {}}]',8,1,'2024-11-17 15:12:10.923655');
INSERT INTO django_admin_log VALUES(279,'27','TeamSelection object (27)',1,'[{"added": {}}]',8,1,'2024-11-17 15:12:40.367522');
INSERT INTO django_admin_log VALUES(280,'28','TeamSelection object (28)',1,'[{"added": {}}]',8,1,'2024-11-17 15:13:22.678031');
INSERT INTO django_admin_log VALUES(281,'29','TeamSelection object (29)',1,'[{"added": {}}]',8,1,'2024-11-17 15:13:54.907574');
INSERT INTO django_admin_log VALUES(282,'30','TeamSelection object (30)',1,'[{"added": {}}]',8,1,'2024-11-17 15:14:13.055034');
INSERT INTO django_admin_log VALUES(283,'31','TeamSelection object (31)',1,'[{"added": {}}]',8,1,'2024-11-17 15:14:50.842645');
INSERT INTO django_admin_log VALUES(284,'32','TeamSelection object (32)',1,'[{"added": {}}]',8,1,'2024-11-17 15:15:30.944559');
INSERT INTO django_admin_log VALUES(285,'32','TeamSelection object (32)',2,'[]',8,1,'2024-11-17 15:20:27.849688');
INSERT INTO django_admin_log VALUES(286,'12','TeamSelection object (12)',2,'[{"changed": {"fields": ["Drivers"]}}]',8,1,'2024-11-17 15:23:45.915610');
INSERT INTO django_admin_log VALUES(287,'32','TeamSelection object (32)',2,'[{"changed": {"fields": ["Race"]}}]',8,1,'2024-11-17 15:57:51.049234');
INSERT INTO django_admin_log VALUES(288,'3','Nippleton Racing - RCFORL (brian)',2,'[{"changed": {"fields": ["Name"]}}]',13,1,'2024-11-17 19:55:47.611038');
INSERT INTO django_admin_log VALUES(289,'2','All Gas No Breaks - RCFORL (brett)',2,'[{"changed": {"fields": ["Name"]}}]',13,1,'2024-11-17 19:56:00.830608');
INSERT INTO django_admin_log VALUES(290,'1','Ralts is the Best - RCFORL (ryanortiz)',2,'[{"changed": {"fields": ["Name"]}}]',13,1,'2024-11-17 19:56:07.963741');
INSERT INTO django_admin_log VALUES(291,'4','jordan',1,'[{"added": {}}]',4,1,'2024-11-17 19:56:34.284516');
INSERT INTO django_admin_log VALUES(292,'5','alex',1,'[{"added": {}}]',4,1,'2024-11-17 19:56:43.483257');
INSERT INTO django_admin_log VALUES(293,'6','Klark',1,'[{"added": {}}]',4,1,'2024-11-17 19:56:58.694918');
INSERT INTO django_admin_log VALUES(294,'7','jesse',1,'[{"added": {}}]',4,1,'2024-11-17 19:57:16.941753');
INSERT INTO django_admin_log VALUES(295,'8','cody',1,'[{"added": {}}]',4,1,'2024-11-17 19:57:31.332715');
INSERT INTO django_admin_log VALUES(296,'4','Chase Bank App - RFBRC - RCFORL (jordan)',1,'[{"added": {}}]',13,1,'2024-11-17 19:58:14.799562');
INSERT INTO django_admin_log VALUES(297,'5','Blart''s Karts - RCFORL (Klark)',1,'[{"added": {}}]',13,1,'2024-11-17 19:58:52.854918');
INSERT INTO django_admin_log VALUES(298,'5','Blart''s Karts - RCFORL (cody)',2,'[{"changed": {"fields": ["User"]}}]',13,1,'2024-11-17 20:00:45.745680');
INSERT INTO django_admin_log VALUES(299,'6','Pit Lizards - RCFORL (Klark)',1,'[{"added": {}}]',13,1,'2024-11-17 20:04:32.439017');
INSERT INTO django_admin_log VALUES(300,'7','Rana Rapida Racing - RCFORL (alex)',1,'[{"added": {}}]',13,1,'2024-11-17 20:04:53.438393');
INSERT INTO django_admin_log VALUES(301,'8','Top Gear - RCFORL (jesse)',1,'[{"added": {}}]',13,1,'2024-11-17 20:05:13.871552');
INSERT INTO django_admin_log VALUES(302,'33','TeamSelection object (33)',1,'[{"added": {}}]',8,1,'2024-11-17 20:10:30.367500');
INSERT INTO django_admin_log VALUES(303,'34','TeamSelection object (34)',1,'[{"added": {}}]',8,1,'2024-11-17 20:11:01.285508');
INSERT INTO django_admin_log VALUES(304,'35','TeamSelection object (35)',1,'[{"added": {}}]',8,1,'2024-11-17 20:11:20.384035');
INSERT INTO django_admin_log VALUES(305,'36','TeamSelection object (36)',1,'[{"added": {}}]',8,1,'2024-11-17 20:11:36.898283');
INSERT INTO django_admin_log VALUES(306,'37','TeamSelection object (37)',1,'[{"added": {}}]',8,1,'2024-11-17 20:11:55.262324');
INSERT INTO django_admin_log VALUES(307,'38','TeamSelection object (38)',1,'[{"added": {}}]',8,1,'2024-11-17 20:12:11.179591');
INSERT INTO django_admin_log VALUES(308,'39','TeamSelection object (39)',1,'[{"added": {}}]',8,1,'2024-11-17 20:12:56.400677');
INSERT INTO django_admin_log VALUES(309,'40','TeamSelection object (40)',1,'[{"added": {}}]',8,1,'2024-11-17 20:13:12.083943');
INSERT INTO django_admin_log VALUES(310,'41','TeamSelection object (41)',1,'[{"added": {}}]',8,1,'2024-11-17 20:13:34.160108');
INSERT INTO django_admin_log VALUES(311,'42','TeamSelection object (42)',1,'[{"added": {}}]',8,1,'2024-11-17 20:14:08.244260');
INSERT INTO django_admin_log VALUES(312,'43','TeamSelection object (43)',1,'[{"added": {}}]',8,1,'2024-11-17 20:15:11.332332');
INSERT INTO django_admin_log VALUES(313,'44','TeamSelection object (44)',1,'[{"added": {}}]',8,1,'2024-11-17 20:15:31.010565');
INSERT INTO django_admin_log VALUES(314,'45','TeamSelection object (45)',1,'[{"added": {}}]',8,1,'2024-11-17 20:15:59.390182');
INSERT INTO django_admin_log VALUES(315,'46','TeamSelection object (46)',1,'[{"added": {}}]',8,1,'2024-11-17 20:16:31.473409');
INSERT INTO django_admin_log VALUES(316,'47','TeamSelection object (47)',1,'[{"added": {}}]',8,1,'2024-11-17 20:16:53.906667');
INSERT INTO django_admin_log VALUES(317,'48','TeamSelection object (48)',1,'[{"added": {}}]',8,1,'2024-11-17 20:17:45.148029');
INSERT INTO django_admin_log VALUES(318,'49','TeamSelection object (49)',1,'[{"added": {}}]',8,1,'2024-11-17 20:18:18.834819');
INSERT INTO django_admin_log VALUES(319,'50','TeamSelection object (50)',1,'[{"added": {}}]',8,1,'2024-11-17 20:18:41.896481');
INSERT INTO django_admin_log VALUES(320,'51','TeamSelection object (51)',1,'[{"added": {}}]',8,1,'2024-11-17 20:19:09.239997');
INSERT INTO django_admin_log VALUES(321,'52','TeamSelection object (52)',1,'[{"added": {}}]',8,1,'2024-11-17 20:20:09.418981');
INSERT INTO django_admin_log VALUES(322,'53','TeamSelection object (53)',1,'[{"added": {}}]',8,1,'2024-11-17 20:20:22.841789');
INSERT INTO django_admin_log VALUES(323,'54','TeamSelection object (54)',1,'[{"added": {}}]',8,1,'2024-11-17 20:20:39.126754');
INSERT INTO django_admin_log VALUES(324,'55','TeamSelection object (55)',1,'[{"added": {}}]',8,1,'2024-11-17 20:21:04.067065');
INSERT INTO django_admin_log VALUES(325,'56','TeamSelection object (56)',1,'[{"added": {}}]',8,1,'2024-11-17 20:21:39.596178');
INSERT INTO django_admin_log VALUES(326,'57','TeamSelection object (57)',1,'[{"added": {}}]',8,1,'2024-11-17 20:22:19.631926');
INSERT INTO django_admin_log VALUES(327,'58','TeamSelection object (58)',1,'[{"added": {}}]',8,1,'2024-11-17 20:22:32.184695');
INSERT INTO django_admin_log VALUES(328,'59','TeamSelection object (59)',1,'[{"added": {}}]',8,1,'2024-11-17 20:22:46.685103');
INSERT INTO django_admin_log VALUES(329,'1','Prediction for Bahrain Grand Prix - 2024-03-02',1,'[{"added": {}}]',17,1,'2024-11-17 22:15:33.018260');
INSERT INTO django_admin_log VALUES(330,'2','Prediction for Saudi Arabian Grand Prix - 2024-03-09',1,'[{"added": {}}]',17,1,'2024-11-17 22:16:31.217865');
INSERT INTO django_admin_log VALUES(331,'3','Prediction for Australian Grand Prix - 2024-03-24',1,'[{"added": {}}]',17,1,'2024-11-17 22:16:37.076474');
INSERT INTO django_admin_log VALUES(332,'4','Prediction for Japanese Grand Prix - 2024-04-07',1,'[{"added": {}}]',17,1,'2024-11-17 22:16:43.288109');
INSERT INTO django_admin_log VALUES(333,'5','Prediction for Chinese Grand Prix - 2024-04-21',1,'[{"added": {}}]',17,1,'2024-11-17 22:16:48.323083');
INSERT INTO django_admin_log VALUES(334,'6','Prediction for Miami Grand Prix - 2024-05-05',1,'[{"added": {}}]',17,1,'2024-11-17 22:16:56.321457');
INSERT INTO django_admin_log VALUES(335,'7','Prediction for Emilia Romagna Grand Prix - 2024-05-19',1,'[{"added": {}}]',17,1,'2024-11-17 22:17:02.198682');
INSERT INTO django_admin_log VALUES(336,'8','Prediction for Monaco Grand Prix - 2024-05-26',1,'[{"added": {}}]',17,1,'2024-11-17 22:17:09.369043');
INSERT INTO django_admin_log VALUES(337,'9','Prediction for Canadian Grand Prix - 2024-06-09',1,'[{"added": {}}]',17,1,'2024-11-17 22:17:19.083837');
INSERT INTO django_admin_log VALUES(338,'10','Prediction for Spanish Grand Prix - 2024-06-23',1,'[{"added": {}}]',17,1,'2024-11-17 22:17:30.570862');
INSERT INTO django_admin_log VALUES(339,'11','Prediction for Austrian Grand Prix - 2024-06-30',1,'[{"added": {}}]',17,1,'2024-11-17 22:17:37.448448');
INSERT INTO django_admin_log VALUES(340,'12','Prediction for British Grand Prix - 2024-07-07',1,'[{"added": {}}]',17,1,'2024-11-17 22:17:46.532856');
INSERT INTO django_admin_log VALUES(341,'13','Prediction for Hungarian Grand Prix - 2024-07-21',1,'[{"added": {}}]',17,1,'2024-11-17 22:18:12.600011');
INSERT INTO django_admin_log VALUES(342,'14','Prediction for Belgian Grand Prix - 2024-07-28',1,'[{"added": {}}]',17,1,'2024-11-17 22:18:18.764864');
INSERT INTO django_admin_log VALUES(343,'15','Prediction for Dutch Grand Prix - 2024-08-25',1,'[{"added": {}}]',17,1,'2024-11-17 22:18:27.650777');
INSERT INTO django_admin_log VALUES(344,'16','Prediction for Italian Grand Prix - 2024-09-01',1,'[{"added": {}}]',17,1,'2024-11-17 22:18:37.878461');
INSERT INTO django_admin_log VALUES(345,'17','Prediction for Azerbaijan Grand Prix - 2024-09-15',1,'[{"added": {}}]',17,1,'2024-11-17 22:18:44.124544');
INSERT INTO django_admin_log VALUES(346,'18','Prediction for Singapore Grand Prix - 2024-09-22',1,'[{"added": {}}]',17,1,'2024-11-17 22:18:50.593874');
INSERT INTO django_admin_log VALUES(347,'19','Prediction for United States Grand Prix - 2024-10-20',1,'[{"added": {}}]',17,1,'2024-11-17 22:18:56.582110');
INSERT INTO django_admin_log VALUES(348,'20','Prediction for São Paulo Grand Prix - 2024-11-03',1,'[{"added": {}}]',17,1,'2024-11-17 22:19:04.974235');
INSERT INTO django_admin_log VALUES(349,'21','Prediction for Mexico City Grand Prix - 2024-10-27',1,'[{"added": {}}]',17,1,'2024-11-17 22:19:34.263839');
INSERT INTO django_admin_log VALUES(350,'1','Ralts is the Best - Bahrain Grand Prix',1,'[{"added": {}}]',16,1,'2024-11-17 22:20:21.754345');
INSERT INTO django_admin_log VALUES(351,'2','Ralts is the Best - Australian Grand Prix',1,'[{"added": {}}]',16,1,'2024-11-17 22:21:48.580130');
INSERT INTO django_admin_log VALUES(352,'3','Ralts is the Best - Japanese Grand Prix',1,'[{"added": {}}]',16,1,'2024-11-17 22:22:32.959475');
INSERT INTO django_admin_log VALUES(353,'4','Ralts is the Best - Emilia Romagna Grand Prix',1,'[{"added": {}}]',16,1,'2024-11-17 22:22:51.412895');
INSERT INTO django_admin_log VALUES(354,'5','Ralts is the Best - Monaco Grand Prix',1,'[{"added": {}}]',16,1,'2024-11-17 22:23:04.994721');
INSERT INTO django_admin_log VALUES(355,'6','Ralts is the Best - Canadian Grand Prix',1,'[{"added": {}}]',16,1,'2024-11-17 22:23:17.827000');
INSERT INTO django_admin_log VALUES(356,'7','Ralts is the Best - Spanish Grand Prix',1,'[{"added": {}}]',16,1,'2024-11-17 22:23:34.389127');
INSERT INTO django_admin_log VALUES(357,'8','Ralts is the Best - British Grand Prix',1,'[{"added": {}}]',16,1,'2024-11-17 22:23:57.477144');
INSERT INTO django_admin_log VALUES(358,'9','Ralts is the Best - Dutch Grand Prix',1,'[{"added": {}}]',16,1,'2024-11-17 22:24:12.923902');
INSERT INTO django_admin_log VALUES(359,'10','Ralts is the Best - Azerbaijan Grand Prix',1,'[{"added": {}}]',16,1,'2024-11-17 22:24:29.053585');
INSERT INTO django_admin_log VALUES(360,'11','Ralts is the Best - United States Grand Prix',1,'[{"added": {}}]',16,1,'2024-11-17 22:24:44.748651');
INSERT INTO django_admin_log VALUES(361,'12','Ralts is the Best - São Paulo Grand Prix',1,'[{"added": {}}]',16,1,'2024-11-17 22:25:07.850217');
INSERT INTO django_admin_log VALUES(362,'13','Chase Bank App - RFBRC - Bahrain Grand Prix',1,'[{"added": {}}]',16,1,'2024-11-18 02:16:07.114492');
INSERT INTO django_admin_log VALUES(363,'14','Chase Bank App - RFBRC - Saudi Arabian Grand Prix',1,'[{"added": {}}]',16,1,'2024-11-18 02:16:20.555298');
INSERT INTO django_admin_log VALUES(364,'15','Chase Bank App - RFBRC - Australian Grand Prix',1,'[{"added": {}}]',16,1,'2024-11-18 02:16:33.563638');
INSERT INTO django_admin_log VALUES(365,'16','Chase Bank App - RFBRC - Chinese Grand Prix',1,'[{"added": {}}]',16,1,'2024-11-18 02:16:50.765577');
INSERT INTO django_admin_log VALUES(366,'17','Chase Bank App - RFBRC - Miami Grand Prix',1,'[{"added": {}}]',16,1,'2024-11-18 02:17:10.578446');
INSERT INTO django_admin_log VALUES(367,'18','Chase Bank App - RFBRC - Emilia Romagna Grand Prix',1,'[{"added": {}}]',16,1,'2024-11-18 02:17:23.687258');
INSERT INTO django_admin_log VALUES(368,'19','Chase Bank App - RFBRC - Spanish Grand Prix',1,'[{"added": {}}]',16,1,'2024-11-18 02:17:44.800994');
INSERT INTO django_admin_log VALUES(369,'20','Chase Bank App - RFBRC - British Grand Prix',1,'[{"added": {}}]',16,1,'2024-11-18 02:18:09.404267');
INSERT INTO django_admin_log VALUES(370,'21','Chase Bank App - RFBRC - Belgian Grand Prix',1,'[{"added": {}}]',16,1,'2024-11-18 02:18:27.848851');
INSERT INTO django_admin_log VALUES(371,'22','Chase Bank App - RFBRC - United States Grand Prix',1,'[{"added": {}}]',16,1,'2024-11-18 02:18:49.356136');
INSERT INTO django_admin_log VALUES(372,'12','Ralts is the Best - São Paulo Grand Prix',2,'[{"changed": {"fields": ["Is correct"]}}]',16,1,'2024-11-18 02:22:16.580202');
INSERT INTO django_admin_log VALUES(373,'23','Nippleton Racing - Bahrain Grand Prix',1,'[{"added": {}}]',16,1,'2024-11-18 02:23:18.728010');
INSERT INTO django_admin_log VALUES(374,'24','Nippleton Racing - Chinese Grand Prix',1,'[{"added": {}}]',16,1,'2024-11-18 02:23:38.590792');
INSERT INTO django_admin_log VALUES(375,'25','Nippleton Racing - Emilia Romagna Grand Prix',1,'[{"added": {}}]',16,1,'2024-11-18 02:23:54.893548');
INSERT INTO django_admin_log VALUES(376,'26','Nippleton Racing - Monaco Grand Prix',1,'[{"added": {}}]',16,1,'2024-11-18 02:24:09.112708');
INSERT INTO django_admin_log VALUES(377,'27','Nippleton Racing - Spanish Grand Prix',1,'[{"added": {}}]',16,1,'2024-11-18 02:24:22.542948');
INSERT INTO django_admin_log VALUES(378,'28','Nippleton Racing - British Grand Prix',1,'[{"added": {}}]',16,1,'2024-11-18 02:24:40.530135');
INSERT INTO django_admin_log VALUES(379,'29','Nippleton Racing - Hungarian Grand Prix',1,'[{"added": {}}]',16,1,'2024-11-18 02:24:55.491651');
INSERT INTO django_admin_log VALUES(380,'30','Nippleton Racing - Azerbaijan Grand Prix',1,'[{"added": {}}]',16,1,'2024-11-18 02:25:15.754534');
INSERT INTO django_admin_log VALUES(381,'31','Nippleton Racing - United States Grand Prix',1,'[{"added": {}}]',16,1,'2024-11-18 02:25:32.944597');
INSERT INTO django_admin_log VALUES(382,'32','All Gas No Breaks - Bahrain Grand Prix',1,'[{"added": {}}]',16,1,'2024-11-18 02:26:27.767604');
INSERT INTO django_admin_log VALUES(383,'33','All Gas No Breaks - Chinese Grand Prix',1,'[{"added": {}}]',16,1,'2024-11-18 02:26:46.103603');
INSERT INTO django_admin_log VALUES(384,'34','All Gas No Breaks - Emilia Romagna Grand Prix',1,'[{"added": {}}]',16,1,'2024-11-18 02:26:59.136107');
INSERT INTO django_admin_log VALUES(385,'35','All Gas No Breaks - British Grand Prix',1,'[{"added": {}}]',16,1,'2024-11-18 02:27:26.441016');
INSERT INTO django_admin_log VALUES(386,'36','All Gas No Breaks - Belgian Grand Prix',1,'[{"added": {}}]',16,1,'2024-11-18 02:27:42.410148');
INSERT INTO django_admin_log VALUES(387,'37','Top Gear - Bahrain Grand Prix',1,'[{"added": {}}]',16,1,'2024-11-18 02:28:37.552936');
INSERT INTO django_admin_log VALUES(388,'38','Top Gear - Australian Grand Prix',1,'[{"added": {}}]',16,1,'2024-11-18 02:28:53.012541');
INSERT INTO django_admin_log VALUES(389,'39','Top Gear - Chinese Grand Prix',1,'[{"added": {}}]',16,1,'2024-11-18 02:29:09.982406');
INSERT INTO django_admin_log VALUES(390,'40','Top Gear - Spanish Grand Prix',1,'[{"added": {}}]',16,1,'2024-11-18 02:29:29.621233');
INSERT INTO django_admin_log VALUES(391,'41','Top Gear - British Grand Prix',1,'[{"added": {}}]',16,1,'2024-11-18 02:29:46.375802');
INSERT INTO django_admin_log VALUES(392,'42','Top Gear - Hungarian Grand Prix',1,'[{"added": {}}]',16,1,'2024-11-18 02:29:59.739495');
INSERT INTO django_admin_log VALUES(393,'43','Rana Rapida Racing - Bahrain Grand Prix',1,'[{"added": {}}]',16,1,'2024-11-18 02:30:27.653851');
INSERT INTO django_admin_log VALUES(394,'44','Rana Rapida Racing - Saudi Arabian Grand Prix',1,'[{"added": {}}]',16,1,'2024-11-18 02:30:34.303732');
INSERT INTO django_admin_log VALUES(395,'45','Rana Rapida Racing - Emilia Romagna Grand Prix',1,'[{"added": {}}]',16,1,'2024-11-18 02:31:42.463587');
INSERT INTO django_admin_log VALUES(396,'46','Rana Rapida Racing - Spanish Grand Prix',1,'[{"added": {}}]',16,1,'2024-11-18 02:32:03.460341');
INSERT INTO django_admin_log VALUES(397,'47','Rana Rapida Racing - British Grand Prix',1,'[{"added": {}}]',16,1,'2024-11-18 02:32:23.519268');
INSERT INTO django_admin_log VALUES(398,'48','Rana Rapida Racing - Hungarian Grand Prix',1,'[{"added": {}}]',16,1,'2024-11-18 02:32:39.669159');
INSERT INTO django_admin_log VALUES(399,'49','Pit Lizards - Bahrain Grand Prix',1,'[{"added": {}}]',16,1,'2024-11-18 02:33:27.201733');
INSERT INTO django_admin_log VALUES(400,'50','Pit Lizards - Chinese Grand Prix',1,'[{"added": {}}]',16,1,'2024-11-18 02:33:42.965146');
INSERT INTO django_admin_log VALUES(401,'51','Blart''s Karts - Emilia Romagna Grand Prix',1,'[{"added": {}}]',16,1,'2024-11-18 02:34:00.483319');
INSERT INTO django_admin_log VALUES(402,'52','Blart''s Karts - Monaco Grand Prix',1,'[{"added": {}}]',16,1,'2024-11-18 02:34:14.234231');
INSERT INTO django_admin_log VALUES(403,'53','Blart''s Karts - Canadian Grand Prix',1,'[{"added": {}}]',16,1,'2024-11-18 02:34:27.271299');
INSERT INTO django_admin_log VALUES(404,'54','Pit Lizards - Austrian Grand Prix',1,'[{"added": {}}]',16,1,'2024-11-18 02:34:45.383453');
INSERT INTO django_admin_log VALUES(405,'55','Blart''s Karts - British Grand Prix',1,'[{"added": {}}]',16,1,'2024-11-18 02:35:00.814534');
INSERT INTO django_admin_log VALUES(406,'56','Blart''s Karts - Belgian Grand Prix',1,'[{"added": {}}]',16,1,'2024-11-18 02:35:16.938586');
INSERT INTO django_admin_log VALUES(407,'57','Blart''s Karts - Azerbaijan Grand Prix',1,'[{"added": {}}]',16,1,'2024-11-18 02:35:34.573335');
INSERT INTO django_admin_log VALUES(408,'58','Blart''s Karts - United States Grand Prix',1,'[{"added": {}}]',16,1,'2024-11-18 02:35:54.133040');
INSERT INTO django_admin_log VALUES(409,'59','Blart''s Karts - Bahrain Grand Prix',1,'[{"added": {}}]',16,1,'2024-11-18 02:36:20.460212');
INSERT INTO django_admin_log VALUES(410,'60','Blart''s Karts - Saudi Arabian Grand Prix',1,'[{"added": {}}]',16,1,'2024-11-18 02:36:27.156567');
INSERT INTO django_admin_log VALUES(411,'61','Blart''s Karts - Australian Grand Prix',1,'[{"added": {}}]',16,1,'2024-11-18 02:36:34.870593');
INSERT INTO django_admin_log VALUES(412,'62','Blart''s Karts - Chinese Grand Prix',1,'[{"added": {}}]',16,1,'2024-11-18 02:36:52.170372');
INSERT INTO django_admin_log VALUES(413,'63','Blart''s Karts - Emilia Romagna Grand Prix',1,'[{"added": {}}]',16,1,'2024-11-18 02:37:12.084554');
INSERT INTO django_admin_log VALUES(414,'64','Blart''s Karts - Monaco Grand Prix',1,'[{"added": {}}]',16,1,'2024-11-18 02:37:28.627577');
INSERT INTO django_admin_log VALUES(415,'65','Blart''s Karts - Spanish Grand Prix',1,'[{"added": {}}]',16,1,'2024-11-18 02:37:42.269000');
INSERT INTO django_admin_log VALUES(416,'66','Blart''s Karts - British Grand Prix',1,'[{"added": {}}]',16,1,'2024-11-18 02:38:10.771061');
INSERT INTO django_admin_log VALUES(417,'67','Blart''s Karts - Belgian Grand Prix',1,'[{"added": {}}]',16,1,'2024-11-18 02:38:30.537135');
INSERT INTO django_admin_log VALUES(418,'68','Blart''s Karts - Azerbaijan Grand Prix',1,'[{"added": {}}]',16,1,'2024-11-18 02:38:45.995496');
INSERT INTO django_admin_log VALUES(419,'69','Blart''s Karts - United States Grand Prix',1,'[{"added": {}}]',16,1,'2024-11-18 02:39:01.804207');
INSERT INTO django_admin_log VALUES(420,'70','Blart''s Karts - São Paulo Grand Prix',1,'[{"added": {}}]',16,1,'2024-11-18 02:39:23.685147');
INSERT INTO django_admin_log VALUES(421,'195','TeamSelection object (195)',1,'[{"added": {}}]',8,1,'2024-11-18 02:45:59.041274');
INSERT INTO django_admin_log VALUES(422,'1','RCFORL - 2024',2,'[{"changed": {"fields": ["Users"]}}]',12,1,'2024-11-18 02:58:29.611273');
INSERT INTO django_admin_log VALUES(423,'18','Prediction for Singapore Grand Prix - 2024-09-22',2,'[{"changed": {"fields": ["Question type"]}}]',17,1,'2024-11-18 03:49:20.243414');
INSERT INTO django_admin_log VALUES(424,'12','Prediction for British Grand Prix - 2024-07-07',2,'[{"changed": {"fields": ["Question type"]}}]',17,1,'2024-11-18 03:49:41.137060');
INSERT INTO django_admin_log VALUES(425,'10','Prediction for Spanish Grand Prix - 2024-06-23',2,'[{"changed": {"fields": ["Question type"]}}]',17,1,'2024-11-18 03:49:54.369583');
INSERT INTO django_admin_log VALUES(426,'9','Prediction for Canadian Grand Prix - 2024-06-09',2,'[{"changed": {"fields": ["Question type"]}}]',17,1,'2024-11-18 03:50:01.914819');
INSERT INTO django_admin_log VALUES(427,'8','Prediction for Monaco Grand Prix - 2024-05-26',2,'[{"changed": {"fields": ["Question type"]}}]',17,1,'2024-11-18 03:50:07.415994');
INSERT INTO django_admin_log VALUES(428,'7','Prediction for Emilia Romagna Grand Prix - 2024-05-19',2,'[]',17,1,'2024-11-18 03:50:11.884443');
INSERT INTO django_admin_log VALUES(429,'4','Prediction for Japanese Grand Prix - 2024-04-07',2,'[{"changed": {"fields": ["Question type"]}}]',17,1,'2024-11-18 03:50:24.304934');
INSERT INTO django_admin_log VALUES(430,'19','Prediction for United States Grand Prix - 2024-10-20',2,'[{"changed": {"fields": ["Question type"]}}]',17,1,'2024-11-18 03:52:17.006682');
INSERT INTO django_admin_log VALUES(431,'71','Pit Lizards - United States Grand Prix',1,'[{"added": {}}]',16,1,'2024-11-18 04:01:20.129431');
INSERT INTO django_admin_log VALUES(432,'72','Pit Lizards - Azerbaijan Grand Prix',1,'[{"added": {}}]',16,1,'2024-11-18 04:01:54.949877');
INSERT INTO django_admin_log VALUES(433,'73','Blart''s Karts - Belgian Grand Prix',1,'[{"added": {}}]',16,1,'2024-11-18 04:02:15.725130');
INSERT INTO django_admin_log VALUES(434,'74','Pit Lizards - British Grand Prix',1,'[{"added": {}}]',16,1,'2024-11-18 04:02:34.891097');
INSERT INTO django_admin_log VALUES(435,'75','Pit Lizards - Canadian Grand Prix',1,'[{"added": {}}]',16,1,'2024-11-18 04:02:51.432583');
INSERT INTO django_admin_log VALUES(436,'76','Pit Lizards - Monaco Grand Prix',1,'[{"added": {}}]',16,1,'2024-11-18 04:03:03.710272');
INSERT INTO django_admin_log VALUES(437,'77','Pit Lizards - Emilia Romagna Grand Prix',1,'[{"added": {}}]',16,1,'2024-11-18 04:03:18.936996');
INSERT INTO django_admin_log VALUES(438,'78','Rana Rapida Racing - Emilia Romagna Grand Prix',1,'[{"added": {}}]',16,1,'2024-11-18 04:09:27.449827');
INSERT INTO django_admin_log VALUES(439,'79','Blart''s Karts - Emilia Romagna Grand Prix',1,'[{"added": {}}]',16,1,'2024-11-18 04:09:45.262903');
INSERT INTO django_admin_log VALUES(440,'80','All Gas No Breaks - Emilia Romagna Grand Prix',1,'[{"added": {}}]',16,1,'2024-11-18 04:10:02.777744');
INSERT INTO django_admin_log VALUES(441,'81','Ralts is the Best - Emilia Romagna Grand Prix',1,'[{"added": {}}]',16,1,'2024-11-18 04:10:22.127402');
INSERT INTO django_admin_log VALUES(442,'82','Nippleton Racing - Emilia Romagna Grand Prix',1,'[{"added": {}}]',16,1,'2024-11-18 04:10:32.996704');
INSERT INTO django_admin_log VALUES(443,'83','Chase Bank App - RFBRC - Emilia Romagna Grand Prix',1,'[{"added": {}}]',16,1,'2024-11-18 04:10:42.341035');
INSERT INTO django_admin_log VALUES(444,'84','Nippleton Racing - Emilia Romagna Grand Prix',1,'[{"added": {}}]',16,1,'2024-11-18 04:10:57.673586');
INSERT INTO django_admin_log VALUES(445,'84','Nippleton Racing - Emilia Romagna Grand Prix',3,'',16,1,'2024-11-18 04:11:07.805217');
INSERT INTO django_admin_log VALUES(446,'187','Nippleton Racing - Azerbaijan Grand Prix (2024-09-15)',2,'[{"changed": {"fields": ["Drivers"]}}]',8,1,'2024-11-18 15:42:58.553788');
INSERT INTO django_admin_log VALUES(447,'185','Nippleton Racing - Dutch Grand Prix (2024-08-25)',2,'[{"changed": {"fields": ["Drivers"]}}]',8,1,'2024-11-18 15:43:39.487800');
INSERT INTO django_admin_log VALUES(448,'60','All Gas No Breaks - Saudi Arabian Grand Prix (2024-03-09)',2,'[{"changed": {"fields": ["Points"]}}]',8,1,'2024-11-18 15:49:10.434911');
INSERT INTO django_admin_log VALUES(449,'1128','Carlos Sainz - Saudi Arabian Grand Prix - Race',2,'[{"changed": {"fields": ["Driver"]}}]',9,1,'2024-11-18 15:50:18.229107');
INSERT INTO django_admin_log VALUES(450,'60','All Gas No Breaks - Saudi Arabian Grand Prix (2024-03-09)',2,'[{"changed": {"fields": ["Points"]}}]',8,1,'2024-11-18 15:53:54.483890');
INSERT INTO django_admin_log VALUES(451,'60','All Gas No Breaks - Saudi Arabian Grand Prix (2024-03-09)',2,'[{"changed": {"fields": ["Drivers"]}}]',8,1,'2024-11-18 15:54:14.495492');
INSERT INTO django_admin_log VALUES(452,'1152','Oliver Bearman - Saudi Arabian Grand Prix - Qualifying',2,'[{"changed": {"fields": ["Is tier override"]}}]',9,1,'2024-11-18 15:58:13.602056');
INSERT INTO django_admin_log VALUES(453,'1128','Oliver Bearman - Saudi Arabian Grand Prix - Race',2,'[{"changed": {"fields": ["Driver", "Is tier override"]}}]',9,1,'2024-11-18 15:58:30.680875');
INSERT INTO django_admin_log VALUES(454,'1128','Oliver Bearman - Saudi Arabian Grand Prix - Race',2,'[]',9,1,'2024-11-18 15:59:27.100104');
INSERT INTO django_admin_log VALUES(455,'60','All Gas No Breaks - Saudi Arabian Grand Prix (2024-03-09)',2,'[{"changed": {"fields": ["Points"]}}]',8,1,'2024-11-18 16:04:34.590786');
INSERT INTO django_admin_log VALUES(456,'1112','Oliver Bearman - Saudi Arabian Grand Prix - Qualifying',2,'[{"changed": {"fields": ["Is tier override"]}}]',9,1,'2024-11-18 16:20:33.361604');
INSERT INTO django_admin_log VALUES(457,'1088','Oliver Bearman - Saudi Arabian Grand Prix - Race',2,'[{"changed": {"fields": ["Is tier override"]}}]',9,1,'2024-11-18 16:21:00.282254');
INSERT INTO django_admin_log VALUES(458,'157','Blart''s Karts - Japanese Grand Prix (2024-04-07)',2,'[{"changed": {"fields": ["Drivers"]}}]',8,1,'2024-11-18 16:29:48.444939');
INSERT INTO django_admin_log VALUES(459,'121','Rana Rapida Racing - Dutch Grand Prix (2024-08-25)',2,'[{"changed": {"fields": ["Drivers"]}}]',8,1,'2024-11-18 16:42:41.076529');
INSERT INTO django_admin_log VALUES(460,'111','Rana Rapida Racing - Chinese Grand Prix (2024-04-21)',2,'[{"changed": {"fields": ["Drivers"]}}]',8,1,'2024-11-18 16:43:22.520060');
INSERT INTO django_admin_log VALUES(461,'85','Pit Lizards - Dutch Grand Prix',1,'[{"added": {}}]',16,1,'2024-11-18 16:51:02.347709');
INSERT INTO django_admin_log VALUES(462,'53','Blart''s Karts - Canadian Grand Prix',2,'[{"changed": {"fields": ["Is correct"]}}]',16,1,'2024-11-18 16:52:01.999431');
INSERT INTO django_admin_log VALUES(463,'3','Ralts is the Best - Japanese Grand Prix',2,'[{"changed": {"fields": ["Is correct"]}}]',16,1,'2024-11-18 17:28:25.553836');
INSERT INTO django_admin_log VALUES(464,'86','Ralts is the Best - Chinese Grand Prix',1,'[{"added": {}}]',16,1,'2024-11-18 17:28:50.046036');
INSERT INTO django_admin_log VALUES(465,'3','Ralts is the Best - Japanese Grand Prix',2,'[{"changed": {"fields": ["Is correct"]}}]',16,1,'2024-11-18 18:16:12.587936');
CREATE TABLE IF NOT EXISTS "django_content_type" ("id" integer NOT NULL PRIMARY KEY AUTOINCREMENT, "app_label" varchar(100) NOT NULL, "model" varchar(100) NOT NULL);
INSERT INTO django_content_type VALUES(1,'admin','logentry');
INSERT INTO django_content_type VALUES(2,'auth','permission');
INSERT INTO django_content_type VALUES(3,'auth','group');
INSERT INTO django_content_type VALUES(4,'auth','user');
INSERT INTO django_content_type VALUES(5,'contenttypes','contenttype');
INSERT INTO django_content_type VALUES(6,'sessions','session');
INSERT INTO django_content_type VALUES(7,'league','race');
INSERT INTO django_content_type VALUES(8,'league','teamselection');
INSERT INTO django_content_type VALUES(9,'league','raceresult');
INSERT INTO django_content_type VALUES(10,'league','driver');
INSERT INTO django_content_type VALUES(11,'league','constructor');
INSERT INTO django_content_type VALUES(12,'league','league');
INSERT INTO django_content_type VALUES(13,'league','team');
INSERT INTO django_content_type VALUES(14,'league','racetemplate');
INSERT INTO django_content_type VALUES(15,'league','historicalconstructorstanding');
INSERT INTO django_content_type VALUES(16,'league','predictionanswer');
INSERT INTO django_content_type VALUES(17,'league','predictionquestion');
CREATE TABLE IF NOT EXISTS "auth_permission" ("id" integer NOT NULL PRIMARY KEY AUTOINCREMENT, "content_type_id" integer NOT NULL REFERENCES "django_content_type" ("id") DEFERRABLE INITIALLY DEFERRED, "codename" varchar(100) NOT NULL, "name" varchar(255) NOT NULL);
INSERT INTO auth_permission VALUES(1,1,'add_logentry','Can add log entry');
INSERT INTO auth_permission VALUES(2,1,'change_logentry','Can change log entry');
INSERT INTO auth_permission VALUES(3,1,'delete_logentry','Can delete log entry');
INSERT INTO auth_permission VALUES(4,1,'view_logentry','Can view log entry');
INSERT INTO auth_permission VALUES(5,2,'add_permission','Can add permission');
INSERT INTO auth_permission VALUES(6,2,'change_permission','Can change permission');
INSERT INTO auth_permission VALUES(7,2,'delete_permission','Can delete permission');
INSERT INTO auth_permission VALUES(8,2,'view_permission','Can view permission');
INSERT INTO auth_permission VALUES(9,3,'add_group','Can add group');
INSERT INTO auth_permission VALUES(10,3,'change_group','Can change group');
INSERT INTO auth_permission VALUES(11,3,'delete_group','Can delete group');
INSERT INTO auth_permission VALUES(12,3,'view_group','Can view group');
INSERT INTO auth_permission VALUES(13,4,'add_user','Can add user');
INSERT INTO auth_permission VALUES(14,4,'change_user','Can change user');
INSERT INTO auth_permission VALUES(15,4,'delete_user','Can delete user');
INSERT INTO auth_permission VALUES(16,4,'view_user','Can view user');
INSERT INTO auth_permission VALUES(17,5,'add_contenttype','Can add content type');
INSERT INTO auth_permission VALUES(18,5,'change_contenttype','Can change content type');
INSERT INTO auth_permission VALUES(19,5,'delete_contenttype','Can delete content type');
INSERT INTO auth_permission VALUES(20,5,'view_contenttype','Can view content type');
INSERT INTO auth_permission VALUES(21,6,'add_session','Can add session');
INSERT INTO auth_permission VALUES(22,6,'change_session','Can change session');
INSERT INTO auth_permission VALUES(23,6,'delete_session','Can delete session');
INSERT INTO auth_permission VALUES(24,6,'view_session','Can view session');
INSERT INTO auth_permission VALUES(25,7,'add_race','Can add race');
INSERT INTO auth_permission VALUES(26,7,'change_race','Can change race');
INSERT INTO auth_permission VALUES(27,7,'delete_race','Can delete race');
INSERT INTO auth_permission VALUES(28,7,'view_race','Can view race');
INSERT INTO auth_permission VALUES(29,8,'add_teamselection','Can add team selection');
INSERT INTO auth_permission VALUES(30,8,'change_teamselection','Can change team selection');
INSERT INTO auth_permission VALUES(31,8,'delete_teamselection','Can delete team selection');
INSERT INTO auth_permission VALUES(32,8,'view_teamselection','Can view team selection');
INSERT INTO auth_permission VALUES(33,9,'add_raceresult','Can add race result');
INSERT INTO auth_permission VALUES(34,9,'change_raceresult','Can change race result');
INSERT INTO auth_permission VALUES(35,9,'delete_raceresult','Can delete race result');
INSERT INTO auth_permission VALUES(36,9,'view_raceresult','Can view race result');
INSERT INTO auth_permission VALUES(37,11,'add_constructor','Can add constructor');
INSERT INTO auth_permission VALUES(38,11,'change_constructor','Can change constructor');
INSERT INTO auth_permission VALUES(39,11,'delete_constructor','Can delete constructor');
INSERT INTO auth_permission VALUES(40,11,'view_constructor','Can view constructor');
INSERT INTO auth_permission VALUES(41,10,'add_driver','Can add driver');
INSERT INTO auth_permission VALUES(42,10,'change_driver','Can change driver');
INSERT INTO auth_permission VALUES(43,10,'delete_driver','Can delete driver');
INSERT INTO auth_permission VALUES(44,10,'view_driver','Can view driver');
INSERT INTO auth_permission VALUES(45,12,'add_league','Can add league');
INSERT INTO auth_permission VALUES(46,12,'change_league','Can change league');
INSERT INTO auth_permission VALUES(47,12,'delete_league','Can delete league');
INSERT INTO auth_permission VALUES(48,12,'view_league','Can view league');
INSERT INTO auth_permission VALUES(49,13,'add_team','Can add team');
INSERT INTO auth_permission VALUES(50,13,'change_team','Can change team');
INSERT INTO auth_permission VALUES(51,13,'delete_team','Can delete team');
INSERT INTO auth_permission VALUES(52,13,'view_team','Can view team');
INSERT INTO auth_permission VALUES(53,14,'add_racetemplate','Can add race template');
INSERT INTO auth_permission VALUES(54,14,'change_racetemplate','Can change race template');
INSERT INTO auth_permission VALUES(55,14,'delete_racetemplate','Can delete race template');
INSERT INTO auth_permission VALUES(56,14,'view_racetemplate','Can view race template');
INSERT INTO auth_permission VALUES(57,15,'add_historicalconstructorstanding','Can add historical constructor standing');
INSERT INTO auth_permission VALUES(58,15,'change_historicalconstructorstanding','Can change historical constructor standing');
INSERT INTO auth_permission VALUES(59,15,'delete_historicalconstructorstanding','Can delete historical constructor standing');
INSERT INTO auth_permission VALUES(60,15,'view_historicalconstructorstanding','Can view historical constructor standing');
INSERT INTO auth_permission VALUES(61,16,'add_predictionanswer','Can add prediction answer');
INSERT INTO auth_permission VALUES(62,16,'change_predictionanswer','Can change prediction answer');
INSERT INTO auth_permission VALUES(63,16,'delete_predictionanswer','Can delete prediction answer');
INSERT INTO auth_permission VALUES(64,16,'view_predictionanswer','Can view prediction answer');
INSERT INTO auth_permission VALUES(65,17,'add_predictionquestion','Can add prediction question');
INSERT INTO auth_permission VALUES(66,17,'change_predictionquestion','Can change prediction question');
INSERT INTO auth_permission VALUES(67,17,'delete_predictionquestion','Can delete prediction question');
INSERT INTO auth_permission VALUES(68,17,'view_predictionquestion','Can view prediction question');
CREATE TABLE IF NOT EXISTS "auth_group" ("id" integer NOT NULL PRIMARY KEY AUTOINCREMENT, "name" varchar(150) NOT NULL UNIQUE);
CREATE TABLE IF NOT EXISTS "auth_user" ("id" integer NOT NULL PRIMARY KEY AUTOINCREMENT, "password" varchar(128) NOT NULL, "last_login" datetime NULL, "is_superuser" bool NOT NULL, "username" varchar(150) NOT NULL UNIQUE, "last_name" varchar(150) NOT NULL, "email" varchar(254) NOT NULL, "is_staff" bool NOT NULL, "is_active" bool NOT NULL, "date_joined" datetime NOT NULL, "first_name" varchar(150) NOT NULL);
INSERT INTO auth_user VALUES(1,'pbkdf2_sha256$870000$Riroko7NnkRcwy66lkRyiw$P/awEqCAY59MARStDhsCuAEUCao4xqr9lhXxEgNnc4k=','2024-11-18 19:32:47.614825',1,'ryanortiz','','ortizryan76@gmail.com',1,1,'2024-11-08 20:17:14','');
INSERT INTO auth_user VALUES(2,'pbkdf2_sha256$870000$ktIbAQ5b2Zlzo389YVXjm0$XAyL2vIfRfr1pBxAUWyIqvOFbeZ6wYrh+JAspUxZX+s=','2024-11-18 15:51:33.455715',0,'brett','','',0,1,'2024-11-12 02:32:06.087012','');
INSERT INTO auth_user VALUES(3,'pbkdf2_sha256$870000$UasgTbyWfyJaVylgbpxC56$5/aE7jOFWjfac0EhLKvGKXSmubnmhOOQIl6ommiFrCE=','2024-11-18 15:36:28.533261',0,'brian','','',0,1,'2024-11-12 02:38:48.649817','');
INSERT INTO auth_user VALUES(4,'pbkdf2_sha256$870000$tTupscY8ohBRhrltQbrBBh$8iDzRQjhxsOAJk2vwIkzkZHJpLh9XnVI0MBge7x8Aqg=','2024-11-18 15:03:37.227808',0,'jordan','','',0,1,'2024-11-17 19:56:34.107462','');
INSERT INTO auth_user VALUES(5,'pbkdf2_sha256$870000$HgRgX5aQ1QkPS85Nw7baIu$H3BaeiKgLieM6+EUxvA5zc3tl+8mPASae0PA6FThBc4=','2024-11-18 16:37:35.290255',0,'alex','','',0,1,'2024-11-17 19:56:43.299273','');
INSERT INTO auth_user VALUES(6,'pbkdf2_sha256$870000$5oFPyKoUtkdmA8MOxt64HO$E08HQ4BzAmaUcQhlJf4UbDLFosr1XvDdRhUESCLZc+A=','2024-11-18 16:47:02.485246',0,'Klark','','',0,1,'2024-11-17 19:56:58.513022','');
INSERT INTO auth_user VALUES(7,'pbkdf2_sha256$870000$N2hzUhjHiF1sDKxWp7wTUo$vYliYczvGbFHRkfQ2L29261VgrOoA5kc8NKTZQL5FPA=','2024-11-18 16:33:26.964529',0,'jesse','','',0,1,'2024-11-17 19:57:16.762558','');
INSERT INTO auth_user VALUES(8,'pbkdf2_sha256$870000$6IzoYLPAt3gM03ikxeCfwz$ek55G8MnfUEPWxHeIkqx+WhUN8gMsCKbodAHbCptDXE=','2024-11-18 19:32:17.011006',0,'cody','','',0,1,'2024-11-17 19:57:31.170932','');
CREATE TABLE IF NOT EXISTS "django_session" ("session_key" varchar(40) NOT NULL PRIMARY KEY, "session_data" text NOT NULL, "expire_date" datetime NOT NULL);
INSERT INTO django_session VALUES('oxzxcsm0cgqwyyam10ysujrx8ksiyr0u','e30:1tCs31:WzAamnZaTDA8bK0r2OmSZDczRWdNYO8A11eqAPqAFOw','2024-12-02 03:03:31.156542');
INSERT INTO django_session VALUES('c3ad3fj0biqkwajoxixqshd4b5gn61ab','.eJxVjMsOwiAQRf-FtSEdWjrg0r3fQGZgkKqBpI-V8d-1SRe6veec-1KBtrWEbZE5TEmdFajT78YUH1J3kO5Ub03HVtd5Yr0r-qCLvrYkz8vh_h0UWsq3doyYvEPrDHtjDTMO0CNJF8H6niJ4l4dMkLtRMhqBURIJ-i4xgjXq_QHQNTex:1tD42b:tmu8cJIVvLkL7DavtW5xqmGNuNHZT3A-S6FB70nyRns','2024-12-02 15:51:53.048360');
INSERT INTO django_session VALUES('uyolaab9n04t73mg3wj072rmv59j3sas','.eJxVjMsOwiAQRf-FtSEdWjrg0r3fQGZgkKqBpI-V8d-1SRe6veec-1KBtrWEbZE5TEmdFajT78YUH1J3kO5Ub03HVtd5Yr0r-qCLvrYkz8vh_h0UWsq3doyYvEPrDHtjDTMO0CNJF8H6niJ4l4dMkLtRMhqBURIJ-i4xgjXq_QHQNTex:1tD7UN:-Rc6dG5bovgQcO_ztfqWiM_ibzoNc5YFgfeQPxxPwi8','2024-12-02 19:32:47.615890');
CREATE TABLE IF NOT EXISTS "league_teamselection_drivers" ("id" integer NOT NULL PRIMARY KEY AUTOINCREMENT, "teamselection_id" bigint NOT NULL REFERENCES "league_teamselection" ("id") DEFERRABLE INITIALLY DEFERRED, "driver_id" bigint NOT NULL REFERENCES "league_driver" ("id") DEFERRABLE INITIALLY DEFERRED);
INSERT INTO league_teamselection_drivers VALUES(42,12,1);
INSERT INTO league_teamselection_drivers VALUES(44,12,11);
INSERT INTO league_teamselection_drivers VALUES(45,13,16);
INSERT INTO league_teamselection_drivers VALUES(46,13,2);
INSERT INTO league_teamselection_drivers VALUES(47,13,11);
INSERT INTO league_teamselection_drivers VALUES(48,13,13);
INSERT INTO league_teamselection_drivers VALUES(49,14,10);
INSERT INTO league_teamselection_drivers VALUES(50,14,4);
INSERT INTO league_teamselection_drivers VALUES(51,15,8);
INSERT INTO league_teamselection_drivers VALUES(52,15,9);
INSERT INTO league_teamselection_drivers VALUES(53,16,16);
INSERT INTO league_teamselection_drivers VALUES(54,16,3);
INSERT INTO league_teamselection_drivers VALUES(55,16,14);
INSERT INTO league_teamselection_drivers VALUES(56,17,16);
INSERT INTO league_teamselection_drivers VALUES(57,17,11);
INSERT INTO league_teamselection_drivers VALUES(58,17,6);
INSERT INTO league_teamselection_drivers VALUES(59,17,14);
INSERT INTO league_teamselection_drivers VALUES(60,18,8);
INSERT INTO league_teamselection_drivers VALUES(61,18,16);
INSERT INTO league_teamselection_drivers VALUES(62,18,14);
INSERT INTO league_teamselection_drivers VALUES(63,19,9);
INSERT INTO league_teamselection_drivers VALUES(64,19,4);
INSERT INTO league_teamselection_drivers VALUES(65,20,8);
INSERT INTO league_teamselection_drivers VALUES(66,20,11);
INSERT INTO league_teamselection_drivers VALUES(67,20,13);
INSERT INTO league_teamselection_drivers VALUES(68,20,15);
INSERT INTO league_teamselection_drivers VALUES(69,20,19);
INSERT INTO league_teamselection_drivers VALUES(70,21,9);
INSERT INTO league_teamselection_drivers VALUES(71,21,13);
INSERT INTO league_teamselection_drivers VALUES(72,21,5);
INSERT INTO league_teamselection_drivers VALUES(73,22,1);
INSERT INTO league_teamselection_drivers VALUES(74,22,18);
INSERT INTO league_teamselection_drivers VALUES(75,22,17);
INSERT INTO league_teamselection_drivers VALUES(76,23,7);
INSERT INTO league_teamselection_drivers VALUES(77,23,16);
INSERT INTO league_teamselection_drivers VALUES(78,23,17);
INSERT INTO league_teamselection_drivers VALUES(79,23,18);
INSERT INTO league_teamselection_drivers VALUES(80,23,19);
INSERT INTO league_teamselection_drivers VALUES(81,24,16);
INSERT INTO league_teamselection_drivers VALUES(82,24,3);
INSERT INTO league_teamselection_drivers VALUES(83,24,12);
INSERT INTO league_teamselection_drivers VALUES(84,24,13);
INSERT INTO league_teamselection_drivers VALUES(85,25,5);
INSERT INTO league_teamselection_drivers VALUES(86,25,12);
INSERT INTO league_teamselection_drivers VALUES(87,25,13);
INSERT INTO league_teamselection_drivers VALUES(88,25,15);
INSERT INTO league_teamselection_drivers VALUES(89,25,17);
INSERT INTO league_teamselection_drivers VALUES(90,26,16);
INSERT INTO league_teamselection_drivers VALUES(91,26,6);
INSERT INTO league_teamselection_drivers VALUES(92,26,15);
INSERT INTO league_teamselection_drivers VALUES(93,27,9);
INSERT INTO league_teamselection_drivers VALUES(94,27,13);
INSERT INTO league_teamselection_drivers VALUES(95,27,7);
INSERT INTO league_teamselection_drivers VALUES(96,28,4);
INSERT INTO league_teamselection_drivers VALUES(97,28,22);
INSERT INTO league_teamselection_drivers VALUES(98,28,14);
INSERT INTO league_teamselection_drivers VALUES(99,28,15);
INSERT INTO league_teamselection_drivers VALUES(100,29,9);
INSERT INTO league_teamselection_drivers VALUES(101,29,2);
INSERT INTO league_teamselection_drivers VALUES(102,29,14);
INSERT INTO league_teamselection_drivers VALUES(103,29,22);
INSERT INTO league_teamselection_drivers VALUES(104,30,17);
INSERT INTO league_teamselection_drivers VALUES(105,30,23);
INSERT INTO league_teamselection_drivers VALUES(106,30,6);
INSERT INTO league_teamselection_drivers VALUES(107,30,22);
INSERT INTO league_teamselection_drivers VALUES(108,31,3);
INSERT INTO league_teamselection_drivers VALUES(109,31,12);
INSERT INTO league_teamselection_drivers VALUES(110,31,17);
INSERT INTO league_teamselection_drivers VALUES(111,31,22);
INSERT INTO league_teamselection_drivers VALUES(112,31,23);
INSERT INTO league_teamselection_drivers VALUES(113,32,5);
INSERT INTO league_teamselection_drivers VALUES(114,32,17);
INSERT INTO league_teamselection_drivers VALUES(115,32,18);
INSERT INTO league_teamselection_drivers VALUES(116,32,22);
INSERT INTO league_teamselection_drivers VALUES(117,32,23);
INSERT INTO league_teamselection_drivers VALUES(118,12,13);
INSERT INTO league_teamselection_drivers VALUES(119,33,1);
INSERT INTO league_teamselection_drivers VALUES(120,33,12);
INSERT INTO league_teamselection_drivers VALUES(121,33,14);
INSERT INTO league_teamselection_drivers VALUES(122,34,2);
INSERT INTO league_teamselection_drivers VALUES(123,34,11);
INSERT INTO league_teamselection_drivers VALUES(124,34,12);
INSERT INTO league_teamselection_drivers VALUES(125,34,13);
INSERT INTO league_teamselection_drivers VALUES(126,34,20);
INSERT INTO league_teamselection_drivers VALUES(127,35,1);
INSERT INTO league_teamselection_drivers VALUES(128,35,19);
INSERT INTO league_teamselection_drivers VALUES(129,35,14);
INSERT INTO league_teamselection_drivers VALUES(130,36,1);
INSERT INTO league_teamselection_drivers VALUES(131,36,19);
INSERT INTO league_teamselection_drivers VALUES(132,36,14);
INSERT INTO league_teamselection_drivers VALUES(133,37,2);
INSERT INTO league_teamselection_drivers VALUES(134,37,18);
INSERT INTO league_teamselection_drivers VALUES(135,37,15);
INSERT INTO league_teamselection_drivers VALUES(136,38,2);
INSERT INTO league_teamselection_drivers VALUES(137,38,11);
INSERT INTO league_teamselection_drivers VALUES(138,38,14);
INSERT INTO league_teamselection_drivers VALUES(139,39,17);
INSERT INTO league_teamselection_drivers VALUES(140,39,11);
INSERT INTO league_teamselection_drivers VALUES(141,39,6);
INSERT INTO league_teamselection_drivers VALUES(142,39,14);
INSERT INTO league_teamselection_drivers VALUES(143,40,4);
INSERT INTO league_teamselection_drivers VALUES(144,40,12);
INSERT INTO league_teamselection_drivers VALUES(145,40,14);
INSERT INTO league_teamselection_drivers VALUES(146,41,17);
INSERT INTO league_teamselection_drivers VALUES(147,41,4);
INSERT INTO league_teamselection_drivers VALUES(148,41,14);
INSERT INTO league_teamselection_drivers VALUES(149,42,17);
INSERT INTO league_teamselection_drivers VALUES(150,42,4);
INSERT INTO league_teamselection_drivers VALUES(151,42,14);
INSERT INTO league_teamselection_drivers VALUES(152,43,17);
INSERT INTO league_teamselection_drivers VALUES(153,43,5);
INSERT INTO league_teamselection_drivers VALUES(154,43,14);
INSERT INTO league_teamselection_drivers VALUES(155,44,17);
INSERT INTO league_teamselection_drivers VALUES(156,44,10);
INSERT INTO league_teamselection_drivers VALUES(157,44,5);
INSERT INTO league_teamselection_drivers VALUES(158,45,5);
INSERT INTO league_teamselection_drivers VALUES(159,45,14);
INSERT INTO league_teamselection_drivers VALUES(160,45,15);
INSERT INTO league_teamselection_drivers VALUES(161,46,20);
INSERT INTO league_teamselection_drivers VALUES(162,46,6);
INSERT INTO league_teamselection_drivers VALUES(163,46,14);
INSERT INTO league_teamselection_drivers VALUES(164,47,10);
INSERT INTO league_teamselection_drivers VALUES(165,47,19);
INSERT INTO league_teamselection_drivers VALUES(166,47,6);
INSERT INTO league_teamselection_drivers VALUES(167,48,17);
INSERT INTO league_teamselection_drivers VALUES(168,48,10);
INSERT INTO league_teamselection_drivers VALUES(169,48,13);
INSERT INTO league_teamselection_drivers VALUES(170,48,7);
INSERT INTO league_teamselection_drivers VALUES(171,49,10);
INSERT INTO league_teamselection_drivers VALUES(172,49,3);
INSERT INTO league_teamselection_drivers VALUES(173,49,14);
INSERT INTO league_teamselection_drivers VALUES(174,50,9);
INSERT INTO league_teamselection_drivers VALUES(175,50,3);
INSERT INTO league_teamselection_drivers VALUES(176,50,14);
INSERT INTO league_teamselection_drivers VALUES(177,51,11);
INSERT INTO league_teamselection_drivers VALUES(178,51,10);
INSERT INTO league_teamselection_drivers VALUES(179,51,3);
INSERT INTO league_teamselection_drivers VALUES(180,51,14);
INSERT INTO league_teamselection_drivers VALUES(181,52,9);
INSERT INTO league_teamselection_drivers VALUES(182,52,7);
INSERT INTO league_teamselection_drivers VALUES(183,53,1);
INSERT INTO league_teamselection_drivers VALUES(185,53,17);
INSERT INTO league_teamselection_drivers VALUES(186,54,1);
INSERT INTO league_teamselection_drivers VALUES(187,54,11);
INSERT INTO league_teamselection_drivers VALUES(188,54,14);
INSERT INTO league_teamselection_drivers VALUES(189,55,2);
INSERT INTO league_teamselection_drivers VALUES(190,55,20);
INSERT INTO league_teamselection_drivers VALUES(191,55,12);
INSERT INTO league_teamselection_drivers VALUES(192,55,13);
INSERT INTO league_teamselection_drivers VALUES(193,56,1);
INSERT INTO league_teamselection_drivers VALUES(194,56,15);
INSERT INTO league_teamselection_drivers VALUES(195,57,11);
INSERT INTO league_teamselection_drivers VALUES(196,57,3);
INSERT INTO league_teamselection_drivers VALUES(197,57,12);
INSERT INTO league_teamselection_drivers VALUES(198,57,15);
INSERT INTO league_teamselection_drivers VALUES(199,58,9);
INSERT INTO league_teamselection_drivers VALUES(200,58,4);
INSERT INTO league_teamselection_drivers VALUES(201,59,11);
INSERT INTO league_teamselection_drivers VALUES(202,59,6);
INSERT INTO league_teamselection_drivers VALUES(203,59,14);
INSERT INTO league_teamselection_drivers VALUES(204,60,9);
INSERT INTO league_teamselection_drivers VALUES(206,61,9);
INSERT INTO league_teamselection_drivers VALUES(207,61,12);
INSERT INTO league_teamselection_drivers VALUES(208,61,6);
INSERT INTO league_teamselection_drivers VALUES(209,62,8);
INSERT INTO league_teamselection_drivers VALUES(210,62,11);
INSERT INTO league_teamselection_drivers VALUES(211,62,14);
INSERT INTO league_teamselection_drivers VALUES(212,62,15);
INSERT INTO league_teamselection_drivers VALUES(213,64,1);
INSERT INTO league_teamselection_drivers VALUES(214,64,15);
INSERT INTO league_teamselection_drivers VALUES(215,66,3);
INSERT INTO league_teamselection_drivers VALUES(216,66,12);
INSERT INTO league_teamselection_drivers VALUES(217,66,14);
INSERT INTO league_teamselection_drivers VALUES(218,67,8);
INSERT INTO league_teamselection_drivers VALUES(219,67,18);
INSERT INTO league_teamselection_drivers VALUES(220,67,14);
INSERT INTO league_teamselection_drivers VALUES(221,75,17);
INSERT INTO league_teamselection_drivers VALUES(222,75,13);
INSERT INTO league_teamselection_drivers VALUES(223,75,18);
INSERT INTO league_teamselection_drivers VALUES(224,75,5);
INSERT INTO league_teamselection_drivers VALUES(225,77,1);
INSERT INTO league_teamselection_drivers VALUES(226,77,12);
INSERT INTO league_teamselection_drivers VALUES(227,77,22);
INSERT INTO league_teamselection_drivers VALUES(228,77,23);
INSERT INTO league_teamselection_drivers VALUES(229,63,16);
INSERT INTO league_teamselection_drivers VALUES(230,63,2);
INSERT INTO league_teamselection_drivers VALUES(231,63,15);
INSERT INTO league_teamselection_drivers VALUES(232,65,16);
INSERT INTO league_teamselection_drivers VALUES(233,65,4);
INSERT INTO league_teamselection_drivers VALUES(234,65,14);
INSERT INTO league_teamselection_drivers VALUES(235,68,16);
INSERT INTO league_teamselection_drivers VALUES(236,68,18);
INSERT INTO league_teamselection_drivers VALUES(237,68,4);
INSERT INTO league_teamselection_drivers VALUES(238,68,13);
INSERT INTO league_teamselection_drivers VALUES(239,69,16);
INSERT INTO league_teamselection_drivers VALUES(240,69,17);
INSERT INTO league_teamselection_drivers VALUES(241,69,19);
INSERT INTO league_teamselection_drivers VALUES(242,69,6);
INSERT INTO league_teamselection_drivers VALUES(243,70,16);
INSERT INTO league_teamselection_drivers VALUES(244,70,13);
INSERT INTO league_teamselection_drivers VALUES(245,70,18);
INSERT INTO league_teamselection_drivers VALUES(246,70,5);
INSERT INTO league_teamselection_drivers VALUES(247,71,16);
INSERT INTO league_teamselection_drivers VALUES(248,71,18);
INSERT INTO league_teamselection_drivers VALUES(249,71,19);
INSERT INTO league_teamselection_drivers VALUES(250,71,7);
INSERT INTO league_teamselection_drivers VALUES(251,73,2);
INSERT INTO league_teamselection_drivers VALUES(252,73,13);
INSERT INTO league_teamselection_drivers VALUES(253,73,16);
INSERT INTO league_teamselection_drivers VALUES(254,73,18);
INSERT INTO league_teamselection_drivers VALUES(255,73,19);
INSERT INTO league_teamselection_drivers VALUES(256,78,2);
INSERT INTO league_teamselection_drivers VALUES(257,78,10);
INSERT INTO league_teamselection_drivers VALUES(258,78,16);
INSERT INTO league_teamselection_drivers VALUES(259,78,22);
INSERT INTO league_teamselection_drivers VALUES(260,78,23);
INSERT INTO league_teamselection_drivers VALUES(261,79,16);
INSERT INTO league_teamselection_drivers VALUES(262,79,1);
INSERT INTO league_teamselection_drivers VALUES(263,79,19);
INSERT INTO league_teamselection_drivers VALUES(264,79,22);
INSERT INTO league_teamselection_drivers VALUES(265,83,11);
INSERT INTO league_teamselection_drivers VALUES(266,83,4);
INSERT INTO league_teamselection_drivers VALUES(267,83,13);
INSERT INTO league_teamselection_drivers VALUES(268,83,15);
INSERT INTO league_teamselection_drivers VALUES(269,72,7);
INSERT INTO league_teamselection_drivers VALUES(270,72,15);
INSERT INTO league_teamselection_drivers VALUES(271,72,16);
INSERT INTO league_teamselection_drivers VALUES(272,72,18);
INSERT INTO league_teamselection_drivers VALUES(273,72,19);
INSERT INTO league_teamselection_drivers VALUES(274,74,18);
INSERT INTO league_teamselection_drivers VALUES(275,74,3);
INSERT INTO league_teamselection_drivers VALUES(276,74,13);
INSERT INTO league_teamselection_drivers VALUES(277,74,15);
INSERT INTO league_teamselection_drivers VALUES(278,76,18);
INSERT INTO league_teamselection_drivers VALUES(279,76,15);
INSERT INTO league_teamselection_drivers VALUES(280,76,22);
INSERT INTO league_teamselection_drivers VALUES(281,76,7);
INSERT INTO league_teamselection_drivers VALUES(282,84,17);
INSERT INTO league_teamselection_drivers VALUES(283,84,4);
INSERT INTO league_teamselection_drivers VALUES(284,84,12);
INSERT INTO league_teamselection_drivers VALUES(285,85,17);
INSERT INTO league_teamselection_drivers VALUES(286,85,18);
INSERT INTO league_teamselection_drivers VALUES(287,85,5);
INSERT INTO league_teamselection_drivers VALUES(288,85,15);
INSERT INTO league_teamselection_drivers VALUES(289,86,1);
INSERT INTO league_teamselection_drivers VALUES(290,86,12);
INSERT INTO league_teamselection_drivers VALUES(291,86,15);
INSERT INTO league_teamselection_drivers VALUES(292,87,4);
INSERT INTO league_teamselection_drivers VALUES(293,87,13);
INSERT INTO league_teamselection_drivers VALUES(294,87,14);
INSERT INTO league_teamselection_drivers VALUES(295,88,10);
INSERT INTO league_teamselection_drivers VALUES(296,88,3);
INSERT INTO league_teamselection_drivers VALUES(297,89,8);
INSERT INTO league_teamselection_drivers VALUES(298,89,9);
INSERT INTO league_teamselection_drivers VALUES(299,89,20);
INSERT INTO league_teamselection_drivers VALUES(300,90,9);
INSERT INTO league_teamselection_drivers VALUES(301,90,3);
INSERT INTO league_teamselection_drivers VALUES(302,91,17);
INSERT INTO league_teamselection_drivers VALUES(303,91,18);
INSERT INTO league_teamselection_drivers VALUES(304,91,6);
INSERT INTO league_teamselection_drivers VALUES(305,91,15);
INSERT INTO league_teamselection_drivers VALUES(306,92,11);
INSERT INTO league_teamselection_drivers VALUES(307,92,6);
INSERT INTO league_teamselection_drivers VALUES(308,92,14);
INSERT INTO league_teamselection_drivers VALUES(309,93,1);
INSERT INTO league_teamselection_drivers VALUES(310,93,18);
INSERT INTO league_teamselection_drivers VALUES(311,93,17);
INSERT INTO league_teamselection_drivers VALUES(312,94,9);
INSERT INTO league_teamselection_drivers VALUES(313,94,6);
INSERT INTO league_teamselection_drivers VALUES(314,95,9);
INSERT INTO league_teamselection_drivers VALUES(315,95,19);
INSERT INTO league_teamselection_drivers VALUES(316,95,5);
INSERT INTO league_teamselection_drivers VALUES(317,96,9);
INSERT INTO league_teamselection_drivers VALUES(318,96,2);
INSERT INTO league_teamselection_drivers VALUES(319,96,17);
INSERT INTO league_teamselection_drivers VALUES(320,97,17);
INSERT INTO league_teamselection_drivers VALUES(321,97,14);
INSERT INTO league_teamselection_drivers VALUES(322,97,7);
INSERT INTO league_teamselection_drivers VALUES(323,98,8);
INSERT INTO league_teamselection_drivers VALUES(324,98,9);
INSERT INTO league_teamselection_drivers VALUES(325,98,17);
INSERT INTO league_teamselection_drivers VALUES(326,99,9);
INSERT INTO league_teamselection_drivers VALUES(327,99,2);
INSERT INTO league_teamselection_drivers VALUES(328,99,14);
INSERT INTO league_teamselection_drivers VALUES(329,101,9);
INSERT INTO league_teamselection_drivers VALUES(330,101,15);
INSERT INTO league_teamselection_drivers VALUES(331,101,7);
INSERT INTO league_teamselection_drivers VALUES(332,102,2);
INSERT INTO league_teamselection_drivers VALUES(333,102,9);
INSERT INTO league_teamselection_drivers VALUES(334,102,11);
INSERT INTO league_teamselection_drivers VALUES(335,102,12);
INSERT INTO league_teamselection_drivers VALUES(336,102,17);
INSERT INTO league_teamselection_drivers VALUES(337,107,6);
INSERT INTO league_teamselection_drivers VALUES(338,107,11);
INSERT INTO league_teamselection_drivers VALUES(339,107,12);
INSERT INTO league_teamselection_drivers VALUES(340,107,13);
INSERT INTO league_teamselection_drivers VALUES(341,107,19);
INSERT INTO league_teamselection_drivers VALUES(342,108,18);
INSERT INTO league_teamselection_drivers VALUES(343,108,13);
INSERT INTO league_teamselection_drivers VALUES(344,108,6);
INSERT INTO league_teamselection_drivers VALUES(345,108,14);
INSERT INTO league_teamselection_drivers VALUES(346,109,19);
INSERT INTO league_teamselection_drivers VALUES(347,109,4);
INSERT INTO league_teamselection_drivers VALUES(348,109,13);
INSERT INTO league_teamselection_drivers VALUES(349,109,14);
INSERT INTO league_teamselection_drivers VALUES(350,110,4);
INSERT INTO league_teamselection_drivers VALUES(351,110,13);
INSERT INTO league_teamselection_drivers VALUES(352,110,14);
INSERT INTO league_teamselection_drivers VALUES(355,111,14);
INSERT INTO league_teamselection_drivers VALUES(356,112,1);
INSERT INTO league_teamselection_drivers VALUES(357,112,15);
INSERT INTO league_teamselection_drivers VALUES(358,113,2);
INSERT INTO league_teamselection_drivers VALUES(359,113,12);
INSERT INTO league_teamselection_drivers VALUES(360,113,14);
INSERT INTO league_teamselection_drivers VALUES(361,114,16);
INSERT INTO league_teamselection_drivers VALUES(362,114,2);
INSERT INTO league_teamselection_drivers VALUES(363,114,15);
INSERT INTO league_teamselection_drivers VALUES(364,116,18);
INSERT INTO league_teamselection_drivers VALUES(365,116,12);
INSERT INTO league_teamselection_drivers VALUES(366,116,5);
INSERT INTO league_teamselection_drivers VALUES(367,116,14);
INSERT INTO league_teamselection_drivers VALUES(368,118,9);
INSERT INTO league_teamselection_drivers VALUES(369,118,6);
INSERT INTO league_teamselection_drivers VALUES(370,119,17);
INSERT INTO league_teamselection_drivers VALUES(371,119,18);
INSERT INTO league_teamselection_drivers VALUES(372,119,4);
INSERT INTO league_teamselection_drivers VALUES(373,119,13);
INSERT INTO league_teamselection_drivers VALUES(374,120,8);
INSERT INTO league_teamselection_drivers VALUES(375,120,13);
INSERT INTO league_teamselection_drivers VALUES(376,120,14);
INSERT INTO league_teamselection_drivers VALUES(378,121,13);
INSERT INTO league_teamselection_drivers VALUES(380,122,16);
INSERT INTO league_teamselection_drivers VALUES(381,122,17);
INSERT INTO league_teamselection_drivers VALUES(382,122,22);
INSERT INTO league_teamselection_drivers VALUES(383,122,7);
INSERT INTO league_teamselection_drivers VALUES(384,123,1);
INSERT INTO league_teamselection_drivers VALUES(385,123,13);
INSERT INTO league_teamselection_drivers VALUES(386,123,14);
INSERT INTO league_teamselection_drivers VALUES(387,124,9);
INSERT INTO league_teamselection_drivers VALUES(388,124,14);
INSERT INTO league_teamselection_drivers VALUES(389,124,7);
INSERT INTO league_teamselection_drivers VALUES(390,126,9);
INSERT INTO league_teamselection_drivers VALUES(391,126,2);
INSERT INTO league_teamselection_drivers VALUES(392,126,18);
INSERT INTO league_teamselection_drivers VALUES(393,126,14);
INSERT INTO league_teamselection_drivers VALUES(394,127,9);
INSERT INTO league_teamselection_drivers VALUES(395,127,18);
INSERT INTO league_teamselection_drivers VALUES(396,127,3);
INSERT INTO league_teamselection_drivers VALUES(397,131,15);
INSERT INTO league_teamselection_drivers VALUES(398,131,6);
INSERT INTO league_teamselection_drivers VALUES(399,131,14);
INSERT INTO league_teamselection_drivers VALUES(400,132,16);
INSERT INTO league_teamselection_drivers VALUES(401,132,1);
INSERT INTO league_teamselection_drivers VALUES(402,132,13);
INSERT INTO league_teamselection_drivers VALUES(403,133,9);
INSERT INTO league_teamselection_drivers VALUES(404,133,3);
INSERT INTO league_teamselection_drivers VALUES(405,134,16);
INSERT INTO league_teamselection_drivers VALUES(406,134,4);
INSERT INTO league_teamselection_drivers VALUES(407,134,20);
INSERT INTO league_teamselection_drivers VALUES(408,134,14);
INSERT INTO league_teamselection_drivers VALUES(409,135,2);
INSERT INTO league_teamselection_drivers VALUES(410,135,11);
INSERT INTO league_teamselection_drivers VALUES(411,135,14);
INSERT INTO league_teamselection_drivers VALUES(412,136,2);
INSERT INTO league_teamselection_drivers VALUES(413,136,11);
INSERT INTO league_teamselection_drivers VALUES(414,136,14);
INSERT INTO league_teamselection_drivers VALUES(415,137,16);
INSERT INTO league_teamselection_drivers VALUES(416,137,3);
INSERT INTO league_teamselection_drivers VALUES(417,137,14);
INSERT INTO league_teamselection_drivers VALUES(418,138,4);
INSERT INTO league_teamselection_drivers VALUES(419,138,13);
INSERT INTO league_teamselection_drivers VALUES(420,138,14);
INSERT INTO league_teamselection_drivers VALUES(421,139,10);
INSERT INTO league_teamselection_drivers VALUES(422,139,18);
INSERT INTO league_teamselection_drivers VALUES(423,139,6);
INSERT INTO league_teamselection_drivers VALUES(424,140,17);
INSERT INTO league_teamselection_drivers VALUES(425,140,13);
INSERT INTO league_teamselection_drivers VALUES(426,140,6);
INSERT INTO league_teamselection_drivers VALUES(427,140,15);
INSERT INTO league_teamselection_drivers VALUES(428,141,16);
INSERT INTO league_teamselection_drivers VALUES(429,141,1);
INSERT INTO league_teamselection_drivers VALUES(430,141,13);
INSERT INTO league_teamselection_drivers VALUES(431,142,7);
INSERT INTO league_teamselection_drivers VALUES(432,142,13);
INSERT INTO league_teamselection_drivers VALUES(433,142,15);
INSERT INTO league_teamselection_drivers VALUES(434,142,16);
INSERT INTO league_teamselection_drivers VALUES(435,142,20);
INSERT INTO league_teamselection_drivers VALUES(436,143,8);
INSERT INTO league_teamselection_drivers VALUES(437,143,16);
INSERT INTO league_teamselection_drivers VALUES(438,143,10);
INSERT INTO league_teamselection_drivers VALUES(439,144,16);
INSERT INTO league_teamselection_drivers VALUES(440,144,19);
INSERT INTO league_teamselection_drivers VALUES(441,144,14);
INSERT INTO league_teamselection_drivers VALUES(442,144,7);
INSERT INTO league_teamselection_drivers VALUES(443,145,8);
INSERT INTO league_teamselection_drivers VALUES(444,145,14);
INSERT INTO league_teamselection_drivers VALUES(445,146,16);
INSERT INTO league_teamselection_drivers VALUES(446,146,4);
INSERT INTO league_teamselection_drivers VALUES(447,146,14);
INSERT INTO league_teamselection_drivers VALUES(448,147,22);
INSERT INTO league_teamselection_drivers VALUES(449,147,13);
INSERT INTO league_teamselection_drivers VALUES(450,147,14);
INSERT INTO league_teamselection_drivers VALUES(451,147,7);
INSERT INTO league_teamselection_drivers VALUES(452,148,8);
INSERT INTO league_teamselection_drivers VALUES(453,148,22);
INSERT INTO league_teamselection_drivers VALUES(454,148,15);
INSERT INTO league_teamselection_drivers VALUES(455,149,16);
INSERT INTO league_teamselection_drivers VALUES(456,149,1);
INSERT INTO league_teamselection_drivers VALUES(457,149,11);
INSERT INTO league_teamselection_drivers VALUES(458,149,22);
INSERT INTO league_teamselection_drivers VALUES(459,150,2);
INSERT INTO league_teamselection_drivers VALUES(460,150,12);
INSERT INTO league_teamselection_drivers VALUES(461,150,14);
INSERT INTO league_teamselection_drivers VALUES(462,150,16);
INSERT INTO league_teamselection_drivers VALUES(463,150,22);
INSERT INTO league_teamselection_drivers VALUES(464,151,18);
INSERT INTO league_teamselection_drivers VALUES(465,151,3);
INSERT INTO league_teamselection_drivers VALUES(466,151,12);
INSERT INTO league_teamselection_drivers VALUES(467,151,22);
INSERT INTO league_teamselection_drivers VALUES(468,155,16);
INSERT INTO league_teamselection_drivers VALUES(469,155,9);
INSERT INTO league_teamselection_drivers VALUES(470,155,18);
INSERT INTO league_teamselection_drivers VALUES(471,156,18);
INSERT INTO league_teamselection_drivers VALUES(472,156,4);
INSERT INTO league_teamselection_drivers VALUES(473,156,12);
INSERT INTO league_teamselection_drivers VALUES(474,156,15);
INSERT INTO league_teamselection_drivers VALUES(477,157,12);
INSERT INTO league_teamselection_drivers VALUES(479,158,1);
INSERT INTO league_teamselection_drivers VALUES(480,158,15);
INSERT INTO league_teamselection_drivers VALUES(481,159,8);
INSERT INTO league_teamselection_drivers VALUES(482,159,9);
INSERT INTO league_teamselection_drivers VALUES(483,159,19);
INSERT INTO league_teamselection_drivers VALUES(484,160,16);
INSERT INTO league_teamselection_drivers VALUES(485,160,18);
INSERT INTO league_teamselection_drivers VALUES(486,160,13);
INSERT INTO league_teamselection_drivers VALUES(487,160,6);
INSERT INTO league_teamselection_drivers VALUES(488,161,16);
INSERT INTO league_teamselection_drivers VALUES(489,161,1);
INSERT INTO league_teamselection_drivers VALUES(490,161,18);
INSERT INTO league_teamselection_drivers VALUES(491,162,16);
INSERT INTO league_teamselection_drivers VALUES(492,162,9);
INSERT INTO league_teamselection_drivers VALUES(493,162,7);
INSERT INTO league_teamselection_drivers VALUES(494,163,16);
INSERT INTO league_teamselection_drivers VALUES(495,163,19);
INSERT INTO league_teamselection_drivers VALUES(496,163,12);
INSERT INTO league_teamselection_drivers VALUES(497,163,6);
INSERT INTO league_teamselection_drivers VALUES(498,164,16);
INSERT INTO league_teamselection_drivers VALUES(499,164,19);
INSERT INTO league_teamselection_drivers VALUES(500,164,12);
INSERT INTO league_teamselection_drivers VALUES(501,164,6);
INSERT INTO league_teamselection_drivers VALUES(502,165,8);
INSERT INTO league_teamselection_drivers VALUES(503,165,16);
INSERT INTO league_teamselection_drivers VALUES(504,165,19);
INSERT INTO league_teamselection_drivers VALUES(505,165,12);
INSERT INTO league_teamselection_drivers VALUES(506,166,7);
INSERT INTO league_teamselection_drivers VALUES(507,166,12);
INSERT INTO league_teamselection_drivers VALUES(508,166,16);
INSERT INTO league_teamselection_drivers VALUES(509,166,17);
INSERT INTO league_teamselection_drivers VALUES(510,166,18);
INSERT INTO league_teamselection_drivers VALUES(511,167,16);
INSERT INTO league_teamselection_drivers VALUES(512,167,1);
INSERT INTO league_teamselection_drivers VALUES(513,167,12);
INSERT INTO league_teamselection_drivers VALUES(514,168,8);
INSERT INTO league_teamselection_drivers VALUES(515,168,18);
INSERT INTO league_teamselection_drivers VALUES(516,168,12);
INSERT INTO league_teamselection_drivers VALUES(517,169,16);
INSERT INTO league_teamselection_drivers VALUES(518,169,3);
INSERT INTO league_teamselection_drivers VALUES(519,169,12);
INSERT INTO league_teamselection_drivers VALUES(520,169,22);
INSERT INTO league_teamselection_drivers VALUES(521,170,16);
INSERT INTO league_teamselection_drivers VALUES(522,170,12);
INSERT INTO league_teamselection_drivers VALUES(523,170,5);
INSERT INTO league_teamselection_drivers VALUES(524,170,15);
INSERT INTO league_teamselection_drivers VALUES(525,171,16);
INSERT INTO league_teamselection_drivers VALUES(526,171,18);
INSERT INTO league_teamselection_drivers VALUES(527,171,12);
INSERT INTO league_teamselection_drivers VALUES(528,171,5);
INSERT INTO league_teamselection_drivers VALUES(529,175,10);
INSERT INTO league_teamselection_drivers VALUES(530,175,4);
INSERT INTO league_teamselection_drivers VALUES(531,175,12);
INSERT INTO league_teamselection_drivers VALUES(532,176,10);
INSERT INTO league_teamselection_drivers VALUES(533,176,4);
INSERT INTO league_teamselection_drivers VALUES(534,177,16);
INSERT INTO league_teamselection_drivers VALUES(535,177,3);
INSERT INTO league_teamselection_drivers VALUES(536,177,12);
INSERT INTO league_teamselection_drivers VALUES(537,177,22);
INSERT INTO league_teamselection_drivers VALUES(538,178,16);
INSERT INTO league_teamselection_drivers VALUES(539,178,3);
INSERT INTO league_teamselection_drivers VALUES(540,178,21);
INSERT INTO league_teamselection_drivers VALUES(541,178,22);
INSERT INTO league_teamselection_drivers VALUES(542,179,10);
INSERT INTO league_teamselection_drivers VALUES(543,179,4);
INSERT INTO league_teamselection_drivers VALUES(544,53,19);
INSERT INTO league_teamselection_drivers VALUES(545,180,8);
INSERT INTO league_teamselection_drivers VALUES(546,180,9);
INSERT INTO league_teamselection_drivers VALUES(547,181,6);
INSERT INTO league_teamselection_drivers VALUES(548,181,14);
INSERT INTO league_teamselection_drivers VALUES(549,182,17);
INSERT INTO league_teamselection_drivers VALUES(550,182,18);
INSERT INTO league_teamselection_drivers VALUES(551,182,11);
INSERT INTO league_teamselection_drivers VALUES(552,182,6);
INSERT INTO league_teamselection_drivers VALUES(553,183,18);
INSERT INTO league_teamselection_drivers VALUES(554,183,5);
INSERT INTO league_teamselection_drivers VALUES(555,183,15);
INSERT INTO league_teamselection_drivers VALUES(559,186,9);
INSERT INTO league_teamselection_drivers VALUES(560,186,18);
INSERT INTO league_teamselection_drivers VALUES(561,186,3);
INSERT INTO league_teamselection_drivers VALUES(562,187,9);
INSERT INTO league_teamselection_drivers VALUES(565,188,9);
INSERT INTO league_teamselection_drivers VALUES(566,188,5);
INSERT INTO league_teamselection_drivers VALUES(567,188,17);
INSERT INTO league_teamselection_drivers VALUES(568,189,9);
INSERT INTO league_teamselection_drivers VALUES(569,189,4);
INSERT INTO league_teamselection_drivers VALUES(570,189,17);
INSERT INTO league_teamselection_drivers VALUES(571,190,9);
INSERT INTO league_teamselection_drivers VALUES(572,190,2);
INSERT INTO league_teamselection_drivers VALUES(573,190,14);
INSERT INTO league_teamselection_drivers VALUES(574,190,17);
INSERT INTO league_teamselection_drivers VALUES(575,195,17);
INSERT INTO league_teamselection_drivers VALUES(576,195,4);
INSERT INTO league_teamselection_drivers VALUES(577,195,14);
INSERT INTO league_teamselection_drivers VALUES(578,187,8);
INSERT INTO league_teamselection_drivers VALUES(579,187,13);
INSERT INTO league_teamselection_drivers VALUES(580,185,9);
INSERT INTO league_teamselection_drivers VALUES(581,185,17);
INSERT INTO league_teamselection_drivers VALUES(582,185,7);
INSERT INTO league_teamselection_drivers VALUES(583,60,21);
INSERT INTO league_teamselection_drivers VALUES(584,157,2);
INSERT INTO league_teamselection_drivers VALUES(585,157,11);
INSERT INTO league_teamselection_drivers VALUES(586,157,14);
INSERT INTO league_teamselection_drivers VALUES(587,121,1);
INSERT INTO league_teamselection_drivers VALUES(588,121,18);
INSERT INTO league_teamselection_drivers VALUES(589,111,17);
INSERT INTO league_teamselection_drivers VALUES(590,111,3);
CREATE TABLE IF NOT EXISTS "league_league" ("id" integer NOT NULL PRIMARY KEY AUTOINCREMENT, "name" varchar(100) NOT NULL, "season" integer NOT NULL);
INSERT INTO league_league VALUES(1,'RCFORL',2024);
CREATE TABLE IF NOT EXISTS "league_team" ("id" integer NOT NULL PRIMARY KEY AUTOINCREMENT, "name" varchar(100) NOT NULL, "user_id" integer NOT NULL REFERENCES "auth_user" ("id") DEFERRABLE INITIALLY DEFERRED, "league_id" bigint NOT NULL REFERENCES "league_league" ("id") DEFERRABLE INITIALLY DEFERRED);
INSERT INTO league_team VALUES(1,'Ralts is the Best',1,1);
INSERT INTO league_team VALUES(2,'All Gas No Breaks',2,1);
INSERT INTO league_team VALUES(3,'Nippleton Racing',3,1);
INSERT INTO league_team VALUES(4,'Chase Bank App - RFBRC',4,1);
INSERT INTO league_team VALUES(5,'Blart''s Karts',8,1);
INSERT INTO league_team VALUES(6,'Pit Lizards',6,1);
INSERT INTO league_team VALUES(7,'Rana Rapida Racing',5,1);
INSERT INTO league_team VALUES(8,'Top Gear',7,1);
CREATE TABLE IF NOT EXISTS "league_race" ("id" integer NOT NULL PRIMARY KEY AUTOINCREMENT, "lineup_deadline" datetime NULL, "league_id" bigint NULL REFERENCES "league_league" ("id") DEFERRABLE INITIALLY DEFERRED, "template_id" bigint NULL REFERENCES "league_racetemplate" ("id") DEFERRABLE INITIALLY DEFERRED);
INSERT INTO league_race VALUES(122,'2024-02-28 00:00:00',1,1);
INSERT INTO league_race VALUES(123,'2024-03-06 00:00:00',1,2);
INSERT INTO league_race VALUES(124,'2024-03-21 00:00:00',1,3);
INSERT INTO league_race VALUES(125,'2024-04-04 00:00:00',1,4);
INSERT INTO league_race VALUES(126,'2024-04-18 00:00:00',1,5);
INSERT INTO league_race VALUES(127,'2024-05-02 00:00:00',1,6);
INSERT INTO league_race VALUES(128,'2024-05-16 00:00:00',1,7);
INSERT INTO league_race VALUES(129,'2024-05-23 00:00:00',1,8);
INSERT INTO league_race VALUES(130,'2024-06-06 00:00:00',1,9);
INSERT INTO league_race VALUES(131,'2024-06-20 00:00:00',1,10);
INSERT INTO league_race VALUES(132,'2024-06-27 00:00:00',1,11);
INSERT INTO league_race VALUES(133,'2024-07-04 00:00:00',1,12);
INSERT INTO league_race VALUES(134,'2024-07-18 00:00:00',1,13);
INSERT INTO league_race VALUES(135,'2024-07-25 00:00:00',1,14);
INSERT INTO league_race VALUES(136,'2024-08-22 00:00:00',1,15);
INSERT INTO league_race VALUES(137,'2024-08-29 00:00:00',1,16);
INSERT INTO league_race VALUES(138,'2024-09-12 00:00:00',1,17);
INSERT INTO league_race VALUES(139,'2024-09-19 00:00:00',1,18);
INSERT INTO league_race VALUES(140,'2024-10-17 00:00:00',1,19);
INSERT INTO league_race VALUES(141,'2024-10-24 00:00:00',1,20);
INSERT INTO league_race VALUES(142,'2024-10-31 00:00:00',1,21);
INSERT INTO league_race VALUES(143,'2024-11-20 00:00:00',1,22);
INSERT INTO league_race VALUES(144,'2024-11-28 00:00:00',1,23);
INSERT INTO league_race VALUES(145,'2024-12-05 00:00:00',1,24);
INSERT INTO league_race VALUES(146,'2024-02-28 00:00:00',1,1);
INSERT INTO league_race VALUES(147,'2024-03-06 00:00:00',1,2);
INSERT INTO league_race VALUES(148,'2024-03-21 00:00:00',1,3);
INSERT INTO league_race VALUES(149,'2024-04-04 00:00:00',1,4);
INSERT INTO league_race VALUES(150,'2024-04-18 00:00:00',1,5);
INSERT INTO league_race VALUES(151,'2024-05-02 00:00:00',1,6);
INSERT INTO league_race VALUES(152,'2024-05-16 00:00:00',1,7);
INSERT INTO league_race VALUES(153,'2024-05-23 00:00:00',1,8);
INSERT INTO league_race VALUES(154,'2024-06-06 00:00:00',1,9);
INSERT INTO league_race VALUES(155,'2024-06-20 00:00:00',1,10);
INSERT INTO league_race VALUES(156,'2024-06-27 00:00:00',1,11);
INSERT INTO league_race VALUES(157,'2024-07-04 00:00:00',1,12);
INSERT INTO league_race VALUES(158,'2024-07-18 00:00:00',1,13);
INSERT INTO league_race VALUES(159,'2024-07-25 00:00:00',1,14);
INSERT INTO league_race VALUES(160,'2024-08-22 00:00:00',1,15);
INSERT INTO league_race VALUES(161,'2024-08-29 00:00:00',1,16);
INSERT INTO league_race VALUES(162,'2024-09-12 00:00:00',1,17);
INSERT INTO league_race VALUES(163,'2024-09-19 00:00:00',1,18);
INSERT INTO league_race VALUES(164,'2024-10-17 00:00:00',1,19);
INSERT INTO league_race VALUES(165,'2024-10-24 00:00:00',1,20);
INSERT INTO league_race VALUES(166,'2024-10-31 00:00:00',1,21);
INSERT INTO league_race VALUES(167,'2024-11-20 00:00:00',1,22);
INSERT INTO league_race VALUES(168,'2024-11-28 00:00:00',1,23);
INSERT INTO league_race VALUES(169,'2024-12-05 00:00:00',1,24);
INSERT INTO league_race VALUES(170,'2024-02-28 00:00:00',1,1);
INSERT INTO league_race VALUES(171,'2024-03-06 00:00:00',1,2);
INSERT INTO league_race VALUES(172,'2024-03-21 00:00:00',1,3);
INSERT INTO league_race VALUES(173,'2024-04-04 00:00:00',1,4);
INSERT INTO league_race VALUES(174,'2024-04-18 00:00:00',1,5);
INSERT INTO league_race VALUES(175,'2024-05-02 00:00:00',1,6);
INSERT INTO league_race VALUES(176,'2024-05-16 00:00:00',1,7);
INSERT INTO league_race VALUES(177,'2024-05-23 00:00:00',1,8);
INSERT INTO league_race VALUES(178,'2024-06-06 00:00:00',1,9);
INSERT INTO league_race VALUES(179,'2024-06-20 00:00:00',1,10);
INSERT INTO league_race VALUES(180,'2024-06-27 00:00:00',1,11);
INSERT INTO league_race VALUES(181,'2024-07-04 00:00:00',1,12);
INSERT INTO league_race VALUES(182,'2024-07-18 00:00:00',1,13);
INSERT INTO league_race VALUES(183,'2024-07-25 00:00:00',1,14);
INSERT INTO league_race VALUES(184,'2024-08-22 00:00:00',1,15);
INSERT INTO league_race VALUES(185,'2024-08-29 00:00:00',1,16);
INSERT INTO league_race VALUES(186,'2024-09-12 00:00:00',1,17);
INSERT INTO league_race VALUES(187,'2024-09-19 00:00:00',1,18);
INSERT INTO league_race VALUES(188,'2024-10-17 00:00:00',1,19);
INSERT INTO league_race VALUES(189,'2024-10-24 00:00:00',1,20);
INSERT INTO league_race VALUES(190,'2024-10-31 00:00:00',1,21);
INSERT INTO league_race VALUES(191,'2024-11-20 00:00:00',1,22);
INSERT INTO league_race VALUES(192,'2024-11-28 00:00:00',1,23);
INSERT INTO league_race VALUES(193,'2024-12-05 00:00:00',1,24);
CREATE TABLE IF NOT EXISTS "league_driver" ("id" integer NOT NULL PRIMARY KEY AUTOINCREMENT, "name" varchar(100) NOT NULL, "tier" integer NULL, "price" integer NOT NULL, "driver_id" varchar(100) NULL UNIQUE, "nationality" varchar(50) NULL, "constructor_id" bigint NULL REFERENCES "league_constructor" ("id") DEFERRABLE INITIALLY DEFERRED);
INSERT INTO league_driver VALUES(1,'Max Verstappen',1,14,'max_verstappen','Dutch',1);
INSERT INTO league_driver VALUES(2,'Sergio Pérez',1,10,'perez','Mexican',1);
INSERT INTO league_driver VALUES(3,'Carlos Sainz',1,13,'sainz','Spanish',2);
INSERT INTO league_driver VALUES(4,'Charles Leclerc',1,14,'leclerc','Monegasque',2);
INSERT INTO league_driver VALUES(5,'George Russell',1,12,'russell','British',3);
INSERT INTO league_driver VALUES(6,'Lando Norris',1,15,'norris','British',4);
INSERT INTO league_driver VALUES(7,'Lewis Hamilton',1,11,'hamilton','British',3);
INSERT INTO league_driver VALUES(8,'Oscar Piastri',1,13,'piastri','Australian',4);
INSERT INTO league_driver VALUES(9,'Fernando Alonso',2,5,'alonso','Spanish',5);
INSERT INTO league_driver VALUES(10,'Lance Stroll',2,3,'stroll','Canadian',5);
INSERT INTO league_driver VALUES(11,'Guanyu Zhou',2,1,'zhou','Chinese',6);
INSERT INTO league_driver VALUES(12,'Kevin Magnussen',2,3,'kevin_magnussen','Danish',7);
INSERT INTO league_driver VALUES(13,'Daniel Ricciardo',2,1,'ricciardo','Australian',8);
INSERT INTO league_driver VALUES(14,'Yuki Tsunoda',2,3,'tsunoda','Japanese',8);
INSERT INTO league_driver VALUES(15,'Alexander Albon',2,3,'albon','Thai',9);
INSERT INTO league_driver VALUES(16,'Nico Hülkenberg',2,3,'hulkenberg','German',7);
INSERT INTO league_driver VALUES(17,'Esteban Ocon',2,2,'ocon','French',10);
INSERT INTO league_driver VALUES(18,'Pierre Gasly',2,1,'gasly','French',10);
INSERT INTO league_driver VALUES(19,'Valtteri Bottas',2,1,'bottas','Finnish',6);
INSERT INTO league_driver VALUES(20,'Logan Sargeant',2,1,'sargeant','American',9);
INSERT INTO league_driver VALUES(21,'Oliver Bearman',2,3,'bearman','British',2);
INSERT INTO league_driver VALUES(22,'Franco Colapinto',2,2,'colapinto','Argentinian',9);
INSERT INTO league_driver VALUES(23,'Liam Lawson',2,2,'lawson','New Zealander',8);
CREATE TABLE IF NOT EXISTS "league_constructor" ("id" integer NOT NULL PRIMARY KEY AUTOINCREMENT, "name" varchar(100) NOT NULL UNIQUE, "standing" integer NULL);
INSERT INTO league_constructor VALUES(1,'Red Bull',3);
INSERT INTO league_constructor VALUES(2,'Ferrari',2);
INSERT INTO league_constructor VALUES(3,'Mercedes',4);
INSERT INTO league_constructor VALUES(4,'McLaren',1);
INSERT INTO league_constructor VALUES(5,'Aston Martin',5);
INSERT INTO league_constructor VALUES(6,'Sauber',10);
INSERT INTO league_constructor VALUES(7,'Haas F1 Team',7);
INSERT INTO league_constructor VALUES(8,'RB F1 Team',8);
INSERT INTO league_constructor VALUES(9,'Williams',9);
INSERT INTO league_constructor VALUES(10,'Alpine F1 Team',6);
CREATE TABLE IF NOT EXISTS "league_league_users" ("id" integer NOT NULL PRIMARY KEY AUTOINCREMENT, "league_id" bigint NOT NULL REFERENCES "league_league" ("id") DEFERRABLE INITIALLY DEFERRED, "user_id" integer NOT NULL REFERENCES "auth_user" ("id") DEFERRABLE INITIALLY DEFERRED);
INSERT INTO league_league_users VALUES(1,1,1);
INSERT INTO league_league_users VALUES(2,1,2);
INSERT INTO league_league_users VALUES(3,1,3);
INSERT INTO league_league_users VALUES(4,1,4);
INSERT INTO league_league_users VALUES(5,1,5);
INSERT INTO league_league_users VALUES(6,1,6);
INSERT INTO league_league_users VALUES(7,1,7);
INSERT INTO league_league_users VALUES(8,1,8);
CREATE TABLE IF NOT EXISTS "league_racetemplate" ("id" integer NOT NULL PRIMARY KEY AUTOINCREMENT, "name" varchar(100) NOT NULL, "date" date NOT NULL, "location" varchar(100) NOT NULL, "season" integer NOT NULL, "round" integer NOT NULL, "circuit" varchar(300) NULL);
INSERT INTO league_racetemplate VALUES(1,'Bahrain Grand Prix','2024-03-02','Sakhir',2024,1,'Bahrain International Circuit');
INSERT INTO league_racetemplate VALUES(2,'Saudi Arabian Grand Prix','2024-03-09','Jeddah',2024,2,'Jeddah Corniche Circuit');
INSERT INTO league_racetemplate VALUES(3,'Australian Grand Prix','2024-03-24','Melbourne',2024,3,'Albert Park Grand Prix Circuit');
INSERT INTO league_racetemplate VALUES(4,'Japanese Grand Prix','2024-04-07','Suzuka',2024,4,'Suzuka Circuit');
INSERT INTO league_racetemplate VALUES(5,'Chinese Grand Prix','2024-04-21','Shanghai',2024,5,'Shanghai International Circuit');
INSERT INTO league_racetemplate VALUES(6,'Miami Grand Prix','2024-05-05','Miami',2024,6,'Miami International Autodrome');
INSERT INTO league_racetemplate VALUES(7,'Emilia Romagna Grand Prix','2024-05-19','Imola',2024,7,'Autodromo Enzo e Dino Ferrari');
INSERT INTO league_racetemplate VALUES(8,'Monaco Grand Prix','2024-05-26','Monte-Carlo',2024,8,'Circuit de Monaco');
INSERT INTO league_racetemplate VALUES(9,'Canadian Grand Prix','2024-06-09','Montreal',2024,9,'Circuit Gilles Villeneuve');
INSERT INTO league_racetemplate VALUES(10,'Spanish Grand Prix','2024-06-23','Montmeló',2024,10,'Circuit de Barcelona-Catalunya');
INSERT INTO league_racetemplate VALUES(11,'Austrian Grand Prix','2024-06-30','Spielberg',2024,11,'Red Bull Ring');
INSERT INTO league_racetemplate VALUES(12,'British Grand Prix','2024-07-07','Silverstone',2024,12,'Silverstone Circuit');
INSERT INTO league_racetemplate VALUES(13,'Hungarian Grand Prix','2024-07-21','Budapest',2024,13,'Hungaroring');
INSERT INTO league_racetemplate VALUES(14,'Belgian Grand Prix','2024-07-28','Spa',2024,14,'Circuit de Spa-Francorchamps');
INSERT INTO league_racetemplate VALUES(15,'Dutch Grand Prix','2024-08-25','Zandvoort',2024,15,'Circuit Park Zandvoort');
INSERT INTO league_racetemplate VALUES(16,'Italian Grand Prix','2024-09-01','Monza',2024,16,'Autodromo Nazionale di Monza');
INSERT INTO league_racetemplate VALUES(17,'Azerbaijan Grand Prix','2024-09-15','Baku',2024,17,'Baku City Circuit');
INSERT INTO league_racetemplate VALUES(18,'Singapore Grand Prix','2024-09-22','Marina Bay',2024,18,'Marina Bay Street Circuit');
INSERT INTO league_racetemplate VALUES(19,'United States Grand Prix','2024-10-20','Austin',2024,19,'Circuit of the Americas');
INSERT INTO league_racetemplate VALUES(20,'Mexico City Grand Prix','2024-10-27','Mexico City',2024,20,'Autódromo Hermanos Rodríguez');
INSERT INTO league_racetemplate VALUES(21,'São Paulo Grand Prix','2024-11-03','São Paulo',2024,21,'Autódromo José Carlos Pace');
INSERT INTO league_racetemplate VALUES(22,'Las Vegas Grand Prix','2024-11-23','Las Vegas',2024,22,'Las Vegas Strip Street Circuit');
INSERT INTO league_racetemplate VALUES(23,'Qatar Grand Prix','2024-12-01','Al Daayen',2024,23,'Losail International Circuit');
INSERT INTO league_racetemplate VALUES(24,'Abu Dhabi Grand Prix','2024-12-08','Abu Dhabi',2024,24,'Yas Marina Circuit');
CREATE TABLE IF NOT EXISTS "league_historicalconstructorstanding" ("id" integer NOT NULL PRIMARY KEY AUTOINCREMENT, "standing" integer NOT NULL, "constructor_id" bigint NOT NULL REFERENCES "league_constructor" ("id") DEFERRABLE INITIALLY DEFERRED, "race_id" bigint NOT NULL REFERENCES "league_race" ("id") DEFERRABLE INITIALLY DEFERRED);
INSERT INTO league_historicalconstructorstanding VALUES(1,1,1,122);
INSERT INTO league_historicalconstructorstanding VALUES(2,2,2,122);
INSERT INTO league_historicalconstructorstanding VALUES(3,3,3,122);
INSERT INTO league_historicalconstructorstanding VALUES(4,4,4,122);
INSERT INTO league_historicalconstructorstanding VALUES(5,5,5,122);
INSERT INTO league_historicalconstructorstanding VALUES(6,6,6,122);
INSERT INTO league_historicalconstructorstanding VALUES(7,7,7,122);
INSERT INTO league_historicalconstructorstanding VALUES(8,8,8,122);
INSERT INTO league_historicalconstructorstanding VALUES(9,9,9,122);
INSERT INTO league_historicalconstructorstanding VALUES(10,10,10,122);
INSERT INTO league_historicalconstructorstanding VALUES(11,1,1,123);
INSERT INTO league_historicalconstructorstanding VALUES(12,2,2,123);
INSERT INTO league_historicalconstructorstanding VALUES(13,3,4,123);
INSERT INTO league_historicalconstructorstanding VALUES(14,4,3,123);
INSERT INTO league_historicalconstructorstanding VALUES(15,5,5,123);
INSERT INTO league_historicalconstructorstanding VALUES(16,6,7,123);
INSERT INTO league_historicalconstructorstanding VALUES(17,7,9,123);
INSERT INTO league_historicalconstructorstanding VALUES(18,8,6,123);
INSERT INTO league_historicalconstructorstanding VALUES(19,9,8,123);
INSERT INTO league_historicalconstructorstanding VALUES(20,10,10,123);
INSERT INTO league_historicalconstructorstanding VALUES(21,1,1,124);
INSERT INTO league_historicalconstructorstanding VALUES(22,2,2,124);
INSERT INTO league_historicalconstructorstanding VALUES(23,3,4,124);
INSERT INTO league_historicalconstructorstanding VALUES(24,4,3,124);
INSERT INTO league_historicalconstructorstanding VALUES(25,5,5,124);
INSERT INTO league_historicalconstructorstanding VALUES(26,6,8,124);
INSERT INTO league_historicalconstructorstanding VALUES(27,7,7,124);
INSERT INTO league_historicalconstructorstanding VALUES(28,8,9,124);
INSERT INTO league_historicalconstructorstanding VALUES(29,9,6,124);
INSERT INTO league_historicalconstructorstanding VALUES(30,10,10,124);
INSERT INTO league_historicalconstructorstanding VALUES(31,1,1,125);
INSERT INTO league_historicalconstructorstanding VALUES(32,2,2,125);
INSERT INTO league_historicalconstructorstanding VALUES(33,3,4,125);
INSERT INTO league_historicalconstructorstanding VALUES(34,4,3,125);
INSERT INTO league_historicalconstructorstanding VALUES(35,5,5,125);
INSERT INTO league_historicalconstructorstanding VALUES(36,6,8,125);
INSERT INTO league_historicalconstructorstanding VALUES(37,7,7,125);
INSERT INTO league_historicalconstructorstanding VALUES(38,8,9,125);
INSERT INTO league_historicalconstructorstanding VALUES(39,9,6,125);
INSERT INTO league_historicalconstructorstanding VALUES(40,10,10,125);
INSERT INTO league_historicalconstructorstanding VALUES(41,1,1,126);
INSERT INTO league_historicalconstructorstanding VALUES(42,2,2,126);
INSERT INTO league_historicalconstructorstanding VALUES(43,3,4,126);
INSERT INTO league_historicalconstructorstanding VALUES(44,4,3,126);
INSERT INTO league_historicalconstructorstanding VALUES(45,5,5,126);
INSERT INTO league_historicalconstructorstanding VALUES(46,6,8,126);
INSERT INTO league_historicalconstructorstanding VALUES(47,7,7,126);
INSERT INTO league_historicalconstructorstanding VALUES(48,8,9,126);
INSERT INTO league_historicalconstructorstanding VALUES(49,9,10,126);
INSERT INTO league_historicalconstructorstanding VALUES(50,10,6,126);
INSERT INTO league_historicalconstructorstanding VALUES(51,1,1,127);
INSERT INTO league_historicalconstructorstanding VALUES(52,2,2,127);
INSERT INTO league_historicalconstructorstanding VALUES(53,3,4,127);
INSERT INTO league_historicalconstructorstanding VALUES(54,4,3,127);
INSERT INTO league_historicalconstructorstanding VALUES(55,5,5,127);
INSERT INTO league_historicalconstructorstanding VALUES(56,6,8,127);
INSERT INTO league_historicalconstructorstanding VALUES(57,7,7,127);
INSERT INTO league_historicalconstructorstanding VALUES(58,8,10,127);
INSERT INTO league_historicalconstructorstanding VALUES(59,9,9,127);
INSERT INTO league_historicalconstructorstanding VALUES(60,10,6,127);
INSERT INTO league_historicalconstructorstanding VALUES(61,1,1,128);
INSERT INTO league_historicalconstructorstanding VALUES(62,2,2,128);
INSERT INTO league_historicalconstructorstanding VALUES(63,3,4,128);
INSERT INTO league_historicalconstructorstanding VALUES(64,4,3,128);
INSERT INTO league_historicalconstructorstanding VALUES(65,5,5,128);
INSERT INTO league_historicalconstructorstanding VALUES(66,6,8,128);
INSERT INTO league_historicalconstructorstanding VALUES(67,7,7,128);
INSERT INTO league_historicalconstructorstanding VALUES(68,8,10,128);
INSERT INTO league_historicalconstructorstanding VALUES(69,9,9,128);
INSERT INTO league_historicalconstructorstanding VALUES(70,10,6,128);
INSERT INTO league_historicalconstructorstanding VALUES(71,1,1,129);
INSERT INTO league_historicalconstructorstanding VALUES(72,2,2,129);
INSERT INTO league_historicalconstructorstanding VALUES(73,3,4,129);
INSERT INTO league_historicalconstructorstanding VALUES(74,4,3,129);
INSERT INTO league_historicalconstructorstanding VALUES(75,5,5,129);
INSERT INTO league_historicalconstructorstanding VALUES(76,6,8,129);
INSERT INTO league_historicalconstructorstanding VALUES(77,7,7,129);
INSERT INTO league_historicalconstructorstanding VALUES(78,8,9,129);
INSERT INTO league_historicalconstructorstanding VALUES(79,9,10,129);
INSERT INTO league_historicalconstructorstanding VALUES(80,10,6,129);
INSERT INTO league_historicalconstructorstanding VALUES(81,1,1,130);
INSERT INTO league_historicalconstructorstanding VALUES(82,2,2,130);
INSERT INTO league_historicalconstructorstanding VALUES(83,3,4,130);
INSERT INTO league_historicalconstructorstanding VALUES(84,4,3,130);
INSERT INTO league_historicalconstructorstanding VALUES(85,5,5,130);
INSERT INTO league_historicalconstructorstanding VALUES(86,6,8,130);
INSERT INTO league_historicalconstructorstanding VALUES(87,7,7,130);
INSERT INTO league_historicalconstructorstanding VALUES(88,8,10,130);
INSERT INTO league_historicalconstructorstanding VALUES(89,9,9,130);
INSERT INTO league_historicalconstructorstanding VALUES(90,10,6,130);
INSERT INTO league_historicalconstructorstanding VALUES(91,1,1,131);
INSERT INTO league_historicalconstructorstanding VALUES(92,2,2,131);
INSERT INTO league_historicalconstructorstanding VALUES(93,3,4,131);
INSERT INTO league_historicalconstructorstanding VALUES(94,4,3,131);
INSERT INTO league_historicalconstructorstanding VALUES(95,5,5,131);
INSERT INTO league_historicalconstructorstanding VALUES(96,6,8,131);
INSERT INTO league_historicalconstructorstanding VALUES(97,7,10,131);
INSERT INTO league_historicalconstructorstanding VALUES(98,8,7,131);
INSERT INTO league_historicalconstructorstanding VALUES(99,9,9,131);
INSERT INTO league_historicalconstructorstanding VALUES(100,10,6,131);
INSERT INTO league_historicalconstructorstanding VALUES(101,1,1,132);
INSERT INTO league_historicalconstructorstanding VALUES(102,2,2,132);
INSERT INTO league_historicalconstructorstanding VALUES(103,3,4,132);
INSERT INTO league_historicalconstructorstanding VALUES(104,4,3,132);
INSERT INTO league_historicalconstructorstanding VALUES(105,5,5,132);
INSERT INTO league_historicalconstructorstanding VALUES(106,6,8,132);
INSERT INTO league_historicalconstructorstanding VALUES(107,7,7,132);
INSERT INTO league_historicalconstructorstanding VALUES(108,8,10,132);
INSERT INTO league_historicalconstructorstanding VALUES(109,9,9,132);
INSERT INTO league_historicalconstructorstanding VALUES(110,10,6,132);
INSERT INTO league_historicalconstructorstanding VALUES(111,1,1,133);
INSERT INTO league_historicalconstructorstanding VALUES(112,2,2,133);
INSERT INTO league_historicalconstructorstanding VALUES(113,3,4,133);
INSERT INTO league_historicalconstructorstanding VALUES(114,4,3,133);
INSERT INTO league_historicalconstructorstanding VALUES(115,5,5,133);
INSERT INTO league_historicalconstructorstanding VALUES(116,6,8,133);
INSERT INTO league_historicalconstructorstanding VALUES(117,7,7,133);
INSERT INTO league_historicalconstructorstanding VALUES(118,8,10,133);
INSERT INTO league_historicalconstructorstanding VALUES(119,9,9,133);
INSERT INTO league_historicalconstructorstanding VALUES(120,10,6,133);
INSERT INTO league_historicalconstructorstanding VALUES(121,1,1,134);
INSERT INTO league_historicalconstructorstanding VALUES(122,2,4,134);
INSERT INTO league_historicalconstructorstanding VALUES(123,3,2,134);
INSERT INTO league_historicalconstructorstanding VALUES(124,4,3,134);
INSERT INTO league_historicalconstructorstanding VALUES(125,5,5,134);
INSERT INTO league_historicalconstructorstanding VALUES(126,6,8,134);
INSERT INTO league_historicalconstructorstanding VALUES(127,7,7,134);
INSERT INTO league_historicalconstructorstanding VALUES(128,8,10,134);
INSERT INTO league_historicalconstructorstanding VALUES(129,9,9,134);
INSERT INTO league_historicalconstructorstanding VALUES(130,10,6,134);
INSERT INTO league_historicalconstructorstanding VALUES(131,1,1,135);
INSERT INTO league_historicalconstructorstanding VALUES(132,2,4,135);
INSERT INTO league_historicalconstructorstanding VALUES(133,3,2,135);
INSERT INTO league_historicalconstructorstanding VALUES(134,4,3,135);
INSERT INTO league_historicalconstructorstanding VALUES(135,5,5,135);
INSERT INTO league_historicalconstructorstanding VALUES(136,6,8,135);
INSERT INTO league_historicalconstructorstanding VALUES(137,7,7,135);
INSERT INTO league_historicalconstructorstanding VALUES(138,8,10,135);
INSERT INTO league_historicalconstructorstanding VALUES(139,9,9,135);
INSERT INTO league_historicalconstructorstanding VALUES(140,10,6,135);
INSERT INTO league_historicalconstructorstanding VALUES(141,1,1,136);
INSERT INTO league_historicalconstructorstanding VALUES(142,2,4,136);
INSERT INTO league_historicalconstructorstanding VALUES(143,3,2,136);
INSERT INTO league_historicalconstructorstanding VALUES(144,4,3,136);
INSERT INTO league_historicalconstructorstanding VALUES(145,5,5,136);
INSERT INTO league_historicalconstructorstanding VALUES(146,6,8,136);
INSERT INTO league_historicalconstructorstanding VALUES(147,7,7,136);
INSERT INTO league_historicalconstructorstanding VALUES(148,8,10,136);
INSERT INTO league_historicalconstructorstanding VALUES(149,9,9,136);
INSERT INTO league_historicalconstructorstanding VALUES(150,10,6,136);
INSERT INTO league_historicalconstructorstanding VALUES(151,1,1,137);
INSERT INTO league_historicalconstructorstanding VALUES(152,2,4,137);
INSERT INTO league_historicalconstructorstanding VALUES(153,3,2,137);
INSERT INTO league_historicalconstructorstanding VALUES(154,4,3,137);
INSERT INTO league_historicalconstructorstanding VALUES(155,5,5,137);
INSERT INTO league_historicalconstructorstanding VALUES(156,6,8,137);
INSERT INTO league_historicalconstructorstanding VALUES(157,7,7,137);
INSERT INTO league_historicalconstructorstanding VALUES(158,8,10,137);
INSERT INTO league_historicalconstructorstanding VALUES(159,9,9,137);
INSERT INTO league_historicalconstructorstanding VALUES(160,10,6,137);
INSERT INTO league_historicalconstructorstanding VALUES(161,1,4,138);
INSERT INTO league_historicalconstructorstanding VALUES(162,2,1,138);
INSERT INTO league_historicalconstructorstanding VALUES(163,3,2,138);
INSERT INTO league_historicalconstructorstanding VALUES(164,4,3,138);
INSERT INTO league_historicalconstructorstanding VALUES(165,5,5,138);
INSERT INTO league_historicalconstructorstanding VALUES(166,6,8,138);
INSERT INTO league_historicalconstructorstanding VALUES(167,7,7,138);
INSERT INTO league_historicalconstructorstanding VALUES(168,8,9,138);
INSERT INTO league_historicalconstructorstanding VALUES(169,9,10,138);
INSERT INTO league_historicalconstructorstanding VALUES(170,10,6,138);
INSERT INTO league_historicalconstructorstanding VALUES(171,1,4,139);
INSERT INTO league_historicalconstructorstanding VALUES(172,2,1,139);
INSERT INTO league_historicalconstructorstanding VALUES(173,3,2,139);
INSERT INTO league_historicalconstructorstanding VALUES(174,4,3,139);
INSERT INTO league_historicalconstructorstanding VALUES(175,5,5,139);
INSERT INTO league_historicalconstructorstanding VALUES(176,6,8,139);
INSERT INTO league_historicalconstructorstanding VALUES(177,7,7,139);
INSERT INTO league_historicalconstructorstanding VALUES(178,8,9,139);
INSERT INTO league_historicalconstructorstanding VALUES(179,9,10,139);
INSERT INTO league_historicalconstructorstanding VALUES(180,10,6,139);
INSERT INTO league_historicalconstructorstanding VALUES(181,1,4,140);
INSERT INTO league_historicalconstructorstanding VALUES(182,2,1,140);
INSERT INTO league_historicalconstructorstanding VALUES(183,3,2,140);
INSERT INTO league_historicalconstructorstanding VALUES(184,4,3,140);
INSERT INTO league_historicalconstructorstanding VALUES(185,5,5,140);
INSERT INTO league_historicalconstructorstanding VALUES(186,6,7,140);
INSERT INTO league_historicalconstructorstanding VALUES(187,7,8,140);
INSERT INTO league_historicalconstructorstanding VALUES(188,8,9,140);
INSERT INTO league_historicalconstructorstanding VALUES(189,9,10,140);
INSERT INTO league_historicalconstructorstanding VALUES(190,10,6,140);
INSERT INTO league_historicalconstructorstanding VALUES(191,1,4,141);
INSERT INTO league_historicalconstructorstanding VALUES(192,2,2,141);
INSERT INTO league_historicalconstructorstanding VALUES(193,3,1,141);
INSERT INTO league_historicalconstructorstanding VALUES(194,4,3,141);
INSERT INTO league_historicalconstructorstanding VALUES(195,5,5,141);
INSERT INTO league_historicalconstructorstanding VALUES(196,6,7,141);
INSERT INTO league_historicalconstructorstanding VALUES(197,7,8,141);
INSERT INTO league_historicalconstructorstanding VALUES(198,8,9,141);
INSERT INTO league_historicalconstructorstanding VALUES(199,9,10,141);
INSERT INTO league_historicalconstructorstanding VALUES(200,10,6,141);
INSERT INTO league_historicalconstructorstanding VALUES(201,1,4,142);
INSERT INTO league_historicalconstructorstanding VALUES(202,2,2,142);
INSERT INTO league_historicalconstructorstanding VALUES(203,3,1,142);
INSERT INTO league_historicalconstructorstanding VALUES(204,4,3,142);
INSERT INTO league_historicalconstructorstanding VALUES(205,5,5,142);
INSERT INTO league_historicalconstructorstanding VALUES(206,6,10,142);
INSERT INTO league_historicalconstructorstanding VALUES(207,7,7,142);
INSERT INTO league_historicalconstructorstanding VALUES(208,8,8,142);
INSERT INTO league_historicalconstructorstanding VALUES(209,9,9,142);
INSERT INTO league_historicalconstructorstanding VALUES(210,10,6,142);
INSERT INTO league_historicalconstructorstanding VALUES(211,1,1,146);
INSERT INTO league_historicalconstructorstanding VALUES(212,2,2,146);
INSERT INTO league_historicalconstructorstanding VALUES(213,3,3,146);
INSERT INTO league_historicalconstructorstanding VALUES(214,4,4,146);
INSERT INTO league_historicalconstructorstanding VALUES(215,5,5,146);
INSERT INTO league_historicalconstructorstanding VALUES(216,6,6,146);
INSERT INTO league_historicalconstructorstanding VALUES(217,7,7,146);
INSERT INTO league_historicalconstructorstanding VALUES(218,8,8,146);
INSERT INTO league_historicalconstructorstanding VALUES(219,9,9,146);
INSERT INTO league_historicalconstructorstanding VALUES(220,10,10,146);
INSERT INTO league_historicalconstructorstanding VALUES(221,1,1,147);
INSERT INTO league_historicalconstructorstanding VALUES(222,2,2,147);
INSERT INTO league_historicalconstructorstanding VALUES(223,3,4,147);
INSERT INTO league_historicalconstructorstanding VALUES(224,4,3,147);
INSERT INTO league_historicalconstructorstanding VALUES(225,5,5,147);
INSERT INTO league_historicalconstructorstanding VALUES(226,6,7,147);
INSERT INTO league_historicalconstructorstanding VALUES(227,7,9,147);
INSERT INTO league_historicalconstructorstanding VALUES(228,8,6,147);
INSERT INTO league_historicalconstructorstanding VALUES(229,9,8,147);
INSERT INTO league_historicalconstructorstanding VALUES(230,10,10,147);
INSERT INTO league_historicalconstructorstanding VALUES(231,1,1,148);
INSERT INTO league_historicalconstructorstanding VALUES(232,2,2,148);
INSERT INTO league_historicalconstructorstanding VALUES(233,3,4,148);
INSERT INTO league_historicalconstructorstanding VALUES(234,4,3,148);
INSERT INTO league_historicalconstructorstanding VALUES(235,5,5,148);
INSERT INTO league_historicalconstructorstanding VALUES(236,6,8,148);
INSERT INTO league_historicalconstructorstanding VALUES(237,7,7,148);
INSERT INTO league_historicalconstructorstanding VALUES(238,8,9,148);
INSERT INTO league_historicalconstructorstanding VALUES(239,9,6,148);
INSERT INTO league_historicalconstructorstanding VALUES(240,10,10,148);
INSERT INTO league_historicalconstructorstanding VALUES(241,1,1,149);
INSERT INTO league_historicalconstructorstanding VALUES(242,2,2,149);
INSERT INTO league_historicalconstructorstanding VALUES(243,3,4,149);
INSERT INTO league_historicalconstructorstanding VALUES(244,4,3,149);
INSERT INTO league_historicalconstructorstanding VALUES(245,5,5,149);
INSERT INTO league_historicalconstructorstanding VALUES(246,6,8,149);
INSERT INTO league_historicalconstructorstanding VALUES(247,7,7,149);
INSERT INTO league_historicalconstructorstanding VALUES(248,8,9,149);
INSERT INTO league_historicalconstructorstanding VALUES(249,9,6,149);
INSERT INTO league_historicalconstructorstanding VALUES(250,10,10,149);
INSERT INTO league_historicalconstructorstanding VALUES(251,1,1,150);
INSERT INTO league_historicalconstructorstanding VALUES(252,2,2,150);
INSERT INTO league_historicalconstructorstanding VALUES(253,3,4,150);
INSERT INTO league_historicalconstructorstanding VALUES(254,4,3,150);
INSERT INTO league_historicalconstructorstanding VALUES(255,5,5,150);
INSERT INTO league_historicalconstructorstanding VALUES(256,6,8,150);
INSERT INTO league_historicalconstructorstanding VALUES(257,7,7,150);
INSERT INTO league_historicalconstructorstanding VALUES(258,8,9,150);
INSERT INTO league_historicalconstructorstanding VALUES(259,9,10,150);
INSERT INTO league_historicalconstructorstanding VALUES(260,10,6,150);
INSERT INTO league_historicalconstructorstanding VALUES(261,1,1,151);
INSERT INTO league_historicalconstructorstanding VALUES(262,2,2,151);
INSERT INTO league_historicalconstructorstanding VALUES(263,3,4,151);
INSERT INTO league_historicalconstructorstanding VALUES(264,4,3,151);
INSERT INTO league_historicalconstructorstanding VALUES(265,5,5,151);
INSERT INTO league_historicalconstructorstanding VALUES(266,6,8,151);
INSERT INTO league_historicalconstructorstanding VALUES(267,7,7,151);
INSERT INTO league_historicalconstructorstanding VALUES(268,8,10,151);
INSERT INTO league_historicalconstructorstanding VALUES(269,9,9,151);
INSERT INTO league_historicalconstructorstanding VALUES(270,10,6,151);
INSERT INTO league_historicalconstructorstanding VALUES(271,1,1,152);
INSERT INTO league_historicalconstructorstanding VALUES(272,2,2,152);
INSERT INTO league_historicalconstructorstanding VALUES(273,3,4,152);
INSERT INTO league_historicalconstructorstanding VALUES(274,4,3,152);
INSERT INTO league_historicalconstructorstanding VALUES(275,5,5,152);
INSERT INTO league_historicalconstructorstanding VALUES(276,6,8,152);
INSERT INTO league_historicalconstructorstanding VALUES(277,7,7,152);
INSERT INTO league_historicalconstructorstanding VALUES(278,8,10,152);
INSERT INTO league_historicalconstructorstanding VALUES(279,9,9,152);
INSERT INTO league_historicalconstructorstanding VALUES(280,10,6,152);
INSERT INTO league_historicalconstructorstanding VALUES(281,1,1,153);
INSERT INTO league_historicalconstructorstanding VALUES(282,2,2,153);
INSERT INTO league_historicalconstructorstanding VALUES(283,3,4,153);
INSERT INTO league_historicalconstructorstanding VALUES(284,4,3,153);
INSERT INTO league_historicalconstructorstanding VALUES(285,5,5,153);
INSERT INTO league_historicalconstructorstanding VALUES(286,6,8,153);
INSERT INTO league_historicalconstructorstanding VALUES(287,7,7,153);
INSERT INTO league_historicalconstructorstanding VALUES(288,8,9,153);
INSERT INTO league_historicalconstructorstanding VALUES(289,9,10,153);
INSERT INTO league_historicalconstructorstanding VALUES(290,10,6,153);
INSERT INTO league_historicalconstructorstanding VALUES(291,1,1,154);
INSERT INTO league_historicalconstructorstanding VALUES(292,2,2,154);
INSERT INTO league_historicalconstructorstanding VALUES(293,3,4,154);
INSERT INTO league_historicalconstructorstanding VALUES(294,4,3,154);
INSERT INTO league_historicalconstructorstanding VALUES(295,5,5,154);
INSERT INTO league_historicalconstructorstanding VALUES(296,6,8,154);
INSERT INTO league_historicalconstructorstanding VALUES(297,7,7,154);
INSERT INTO league_historicalconstructorstanding VALUES(298,8,10,154);
INSERT INTO league_historicalconstructorstanding VALUES(299,9,9,154);
INSERT INTO league_historicalconstructorstanding VALUES(300,10,6,154);
INSERT INTO league_historicalconstructorstanding VALUES(301,1,1,155);
INSERT INTO league_historicalconstructorstanding VALUES(302,2,2,155);
INSERT INTO league_historicalconstructorstanding VALUES(303,3,4,155);
INSERT INTO league_historicalconstructorstanding VALUES(304,4,3,155);
INSERT INTO league_historicalconstructorstanding VALUES(305,5,5,155);
INSERT INTO league_historicalconstructorstanding VALUES(306,6,8,155);
INSERT INTO league_historicalconstructorstanding VALUES(307,7,10,155);
INSERT INTO league_historicalconstructorstanding VALUES(308,8,7,155);
INSERT INTO league_historicalconstructorstanding VALUES(309,9,9,155);
INSERT INTO league_historicalconstructorstanding VALUES(310,10,6,155);
INSERT INTO league_historicalconstructorstanding VALUES(311,1,1,156);
INSERT INTO league_historicalconstructorstanding VALUES(312,2,2,156);
INSERT INTO league_historicalconstructorstanding VALUES(313,3,4,156);
INSERT INTO league_historicalconstructorstanding VALUES(314,4,3,156);
INSERT INTO league_historicalconstructorstanding VALUES(315,5,5,156);
INSERT INTO league_historicalconstructorstanding VALUES(316,6,8,156);
INSERT INTO league_historicalconstructorstanding VALUES(317,7,7,156);
INSERT INTO league_historicalconstructorstanding VALUES(318,8,10,156);
INSERT INTO league_historicalconstructorstanding VALUES(319,9,9,156);
INSERT INTO league_historicalconstructorstanding VALUES(320,10,6,156);
INSERT INTO league_historicalconstructorstanding VALUES(321,1,1,157);
INSERT INTO league_historicalconstructorstanding VALUES(322,2,2,157);
INSERT INTO league_historicalconstructorstanding VALUES(323,3,4,157);
INSERT INTO league_historicalconstructorstanding VALUES(324,4,3,157);
INSERT INTO league_historicalconstructorstanding VALUES(325,5,5,157);
INSERT INTO league_historicalconstructorstanding VALUES(326,6,8,157);
INSERT INTO league_historicalconstructorstanding VALUES(327,7,7,157);
INSERT INTO league_historicalconstructorstanding VALUES(328,8,10,157);
INSERT INTO league_historicalconstructorstanding VALUES(329,9,9,157);
INSERT INTO league_historicalconstructorstanding VALUES(330,10,6,157);
INSERT INTO league_historicalconstructorstanding VALUES(331,1,1,158);
INSERT INTO league_historicalconstructorstanding VALUES(332,2,4,158);
INSERT INTO league_historicalconstructorstanding VALUES(333,3,2,158);
INSERT INTO league_historicalconstructorstanding VALUES(334,4,3,158);
INSERT INTO league_historicalconstructorstanding VALUES(335,5,5,158);
INSERT INTO league_historicalconstructorstanding VALUES(336,6,8,158);
INSERT INTO league_historicalconstructorstanding VALUES(337,7,7,158);
INSERT INTO league_historicalconstructorstanding VALUES(338,8,10,158);
INSERT INTO league_historicalconstructorstanding VALUES(339,9,9,158);
INSERT INTO league_historicalconstructorstanding VALUES(340,10,6,158);
INSERT INTO league_historicalconstructorstanding VALUES(341,1,1,159);
INSERT INTO league_historicalconstructorstanding VALUES(342,2,4,159);
INSERT INTO league_historicalconstructorstanding VALUES(343,3,2,159);
INSERT INTO league_historicalconstructorstanding VALUES(344,4,3,159);
INSERT INTO league_historicalconstructorstanding VALUES(345,5,5,159);
INSERT INTO league_historicalconstructorstanding VALUES(346,6,8,159);
INSERT INTO league_historicalconstructorstanding VALUES(347,7,7,159);
INSERT INTO league_historicalconstructorstanding VALUES(348,8,10,159);
INSERT INTO league_historicalconstructorstanding VALUES(349,9,9,159);
INSERT INTO league_historicalconstructorstanding VALUES(350,10,6,159);
INSERT INTO league_historicalconstructorstanding VALUES(351,1,1,160);
INSERT INTO league_historicalconstructorstanding VALUES(352,2,4,160);
INSERT INTO league_historicalconstructorstanding VALUES(353,3,2,160);
INSERT INTO league_historicalconstructorstanding VALUES(354,4,3,160);
INSERT INTO league_historicalconstructorstanding VALUES(355,5,5,160);
INSERT INTO league_historicalconstructorstanding VALUES(356,6,8,160);
INSERT INTO league_historicalconstructorstanding VALUES(357,7,7,160);
INSERT INTO league_historicalconstructorstanding VALUES(358,8,10,160);
INSERT INTO league_historicalconstructorstanding VALUES(359,9,9,160);
INSERT INTO league_historicalconstructorstanding VALUES(360,10,6,160);
INSERT INTO league_historicalconstructorstanding VALUES(361,1,1,161);
INSERT INTO league_historicalconstructorstanding VALUES(362,2,4,161);
INSERT INTO league_historicalconstructorstanding VALUES(363,3,2,161);
INSERT INTO league_historicalconstructorstanding VALUES(364,4,3,161);
INSERT INTO league_historicalconstructorstanding VALUES(365,5,5,161);
INSERT INTO league_historicalconstructorstanding VALUES(366,6,8,161);
INSERT INTO league_historicalconstructorstanding VALUES(367,7,7,161);
INSERT INTO league_historicalconstructorstanding VALUES(368,8,10,161);
INSERT INTO league_historicalconstructorstanding VALUES(369,9,9,161);
INSERT INTO league_historicalconstructorstanding VALUES(370,10,6,161);
INSERT INTO league_historicalconstructorstanding VALUES(371,1,4,162);
INSERT INTO league_historicalconstructorstanding VALUES(372,2,1,162);
INSERT INTO league_historicalconstructorstanding VALUES(373,3,2,162);
INSERT INTO league_historicalconstructorstanding VALUES(374,4,3,162);
INSERT INTO league_historicalconstructorstanding VALUES(375,5,5,162);
INSERT INTO league_historicalconstructorstanding VALUES(376,6,8,162);
INSERT INTO league_historicalconstructorstanding VALUES(377,7,7,162);
INSERT INTO league_historicalconstructorstanding VALUES(378,8,9,162);
INSERT INTO league_historicalconstructorstanding VALUES(379,9,10,162);
INSERT INTO league_historicalconstructorstanding VALUES(380,10,6,162);
INSERT INTO league_historicalconstructorstanding VALUES(381,1,4,163);
INSERT INTO league_historicalconstructorstanding VALUES(382,2,1,163);
INSERT INTO league_historicalconstructorstanding VALUES(383,3,2,163);
INSERT INTO league_historicalconstructorstanding VALUES(384,4,3,163);
INSERT INTO league_historicalconstructorstanding VALUES(385,5,5,163);
INSERT INTO league_historicalconstructorstanding VALUES(386,6,8,163);
INSERT INTO league_historicalconstructorstanding VALUES(387,7,7,163);
INSERT INTO league_historicalconstructorstanding VALUES(388,8,9,163);
INSERT INTO league_historicalconstructorstanding VALUES(389,9,10,163);
INSERT INTO league_historicalconstructorstanding VALUES(390,10,6,163);
INSERT INTO league_historicalconstructorstanding VALUES(391,1,4,164);
INSERT INTO league_historicalconstructorstanding VALUES(392,2,1,164);
INSERT INTO league_historicalconstructorstanding VALUES(393,3,2,164);
INSERT INTO league_historicalconstructorstanding VALUES(394,4,3,164);
INSERT INTO league_historicalconstructorstanding VALUES(395,5,5,164);
INSERT INTO league_historicalconstructorstanding VALUES(396,6,7,164);
INSERT INTO league_historicalconstructorstanding VALUES(397,7,8,164);
INSERT INTO league_historicalconstructorstanding VALUES(398,8,9,164);
INSERT INTO league_historicalconstructorstanding VALUES(399,9,10,164);
INSERT INTO league_historicalconstructorstanding VALUES(400,10,6,164);
INSERT INTO league_historicalconstructorstanding VALUES(401,1,4,165);
INSERT INTO league_historicalconstructorstanding VALUES(402,2,2,165);
INSERT INTO league_historicalconstructorstanding VALUES(403,3,1,165);
INSERT INTO league_historicalconstructorstanding VALUES(404,4,3,165);
INSERT INTO league_historicalconstructorstanding VALUES(405,5,5,165);
INSERT INTO league_historicalconstructorstanding VALUES(406,6,7,165);
INSERT INTO league_historicalconstructorstanding VALUES(407,7,8,165);
INSERT INTO league_historicalconstructorstanding VALUES(408,8,9,165);
INSERT INTO league_historicalconstructorstanding VALUES(409,9,10,165);
INSERT INTO league_historicalconstructorstanding VALUES(410,10,6,165);
INSERT INTO league_historicalconstructorstanding VALUES(411,1,4,166);
INSERT INTO league_historicalconstructorstanding VALUES(412,2,2,166);
INSERT INTO league_historicalconstructorstanding VALUES(413,3,1,166);
INSERT INTO league_historicalconstructorstanding VALUES(414,4,3,166);
INSERT INTO league_historicalconstructorstanding VALUES(415,5,5,166);
INSERT INTO league_historicalconstructorstanding VALUES(416,6,10,166);
INSERT INTO league_historicalconstructorstanding VALUES(417,7,7,166);
INSERT INTO league_historicalconstructorstanding VALUES(418,8,8,166);
INSERT INTO league_historicalconstructorstanding VALUES(419,9,9,166);
INSERT INTO league_historicalconstructorstanding VALUES(420,10,6,166);
INSERT INTO league_historicalconstructorstanding VALUES(421,1,1,170);
INSERT INTO league_historicalconstructorstanding VALUES(422,2,2,170);
INSERT INTO league_historicalconstructorstanding VALUES(423,3,3,170);
INSERT INTO league_historicalconstructorstanding VALUES(424,4,4,170);
INSERT INTO league_historicalconstructorstanding VALUES(425,5,5,170);
INSERT INTO league_historicalconstructorstanding VALUES(426,6,6,170);
INSERT INTO league_historicalconstructorstanding VALUES(427,7,7,170);
INSERT INTO league_historicalconstructorstanding VALUES(428,8,8,170);
INSERT INTO league_historicalconstructorstanding VALUES(429,9,9,170);
INSERT INTO league_historicalconstructorstanding VALUES(430,10,10,170);
INSERT INTO league_historicalconstructorstanding VALUES(431,1,1,171);
INSERT INTO league_historicalconstructorstanding VALUES(432,2,2,171);
INSERT INTO league_historicalconstructorstanding VALUES(433,3,4,171);
INSERT INTO league_historicalconstructorstanding VALUES(434,4,3,171);
INSERT INTO league_historicalconstructorstanding VALUES(435,5,5,171);
INSERT INTO league_historicalconstructorstanding VALUES(436,6,7,171);
INSERT INTO league_historicalconstructorstanding VALUES(437,7,9,171);
INSERT INTO league_historicalconstructorstanding VALUES(438,8,6,171);
INSERT INTO league_historicalconstructorstanding VALUES(439,9,8,171);
INSERT INTO league_historicalconstructorstanding VALUES(440,10,10,171);
INSERT INTO league_historicalconstructorstanding VALUES(441,1,1,172);
INSERT INTO league_historicalconstructorstanding VALUES(442,2,2,172);
INSERT INTO league_historicalconstructorstanding VALUES(443,3,4,172);
INSERT INTO league_historicalconstructorstanding VALUES(444,4,3,172);
INSERT INTO league_historicalconstructorstanding VALUES(445,5,5,172);
INSERT INTO league_historicalconstructorstanding VALUES(446,6,8,172);
INSERT INTO league_historicalconstructorstanding VALUES(447,7,7,172);
INSERT INTO league_historicalconstructorstanding VALUES(448,8,9,172);
INSERT INTO league_historicalconstructorstanding VALUES(449,9,6,172);
INSERT INTO league_historicalconstructorstanding VALUES(450,10,10,172);
INSERT INTO league_historicalconstructorstanding VALUES(451,1,1,173);
INSERT INTO league_historicalconstructorstanding VALUES(452,2,2,173);
INSERT INTO league_historicalconstructorstanding VALUES(453,3,4,173);
INSERT INTO league_historicalconstructorstanding VALUES(454,4,3,173);
INSERT INTO league_historicalconstructorstanding VALUES(455,5,5,173);
INSERT INTO league_historicalconstructorstanding VALUES(456,6,8,173);
INSERT INTO league_historicalconstructorstanding VALUES(457,7,7,173);
INSERT INTO league_historicalconstructorstanding VALUES(458,8,9,173);
INSERT INTO league_historicalconstructorstanding VALUES(459,9,6,173);
INSERT INTO league_historicalconstructorstanding VALUES(460,10,10,173);
INSERT INTO league_historicalconstructorstanding VALUES(461,1,1,174);
INSERT INTO league_historicalconstructorstanding VALUES(462,2,2,174);
INSERT INTO league_historicalconstructorstanding VALUES(463,3,4,174);
INSERT INTO league_historicalconstructorstanding VALUES(464,4,3,174);
INSERT INTO league_historicalconstructorstanding VALUES(465,5,5,174);
INSERT INTO league_historicalconstructorstanding VALUES(466,6,8,174);
INSERT INTO league_historicalconstructorstanding VALUES(467,7,7,174);
INSERT INTO league_historicalconstructorstanding VALUES(468,8,9,174);
INSERT INTO league_historicalconstructorstanding VALUES(469,9,10,174);
INSERT INTO league_historicalconstructorstanding VALUES(470,10,6,174);
INSERT INTO league_historicalconstructorstanding VALUES(471,1,1,175);
INSERT INTO league_historicalconstructorstanding VALUES(472,2,2,175);
INSERT INTO league_historicalconstructorstanding VALUES(473,3,4,175);
INSERT INTO league_historicalconstructorstanding VALUES(474,4,3,175);
INSERT INTO league_historicalconstructorstanding VALUES(475,5,5,175);
INSERT INTO league_historicalconstructorstanding VALUES(476,6,8,175);
INSERT INTO league_historicalconstructorstanding VALUES(477,7,7,175);
INSERT INTO league_historicalconstructorstanding VALUES(478,8,10,175);
INSERT INTO league_historicalconstructorstanding VALUES(479,9,9,175);
INSERT INTO league_historicalconstructorstanding VALUES(480,10,6,175);
INSERT INTO league_historicalconstructorstanding VALUES(481,1,1,176);
INSERT INTO league_historicalconstructorstanding VALUES(482,2,2,176);
INSERT INTO league_historicalconstructorstanding VALUES(483,3,4,176);
INSERT INTO league_historicalconstructorstanding VALUES(484,4,3,176);
INSERT INTO league_historicalconstructorstanding VALUES(485,5,5,176);
INSERT INTO league_historicalconstructorstanding VALUES(486,6,8,176);
INSERT INTO league_historicalconstructorstanding VALUES(487,7,7,176);
INSERT INTO league_historicalconstructorstanding VALUES(488,8,10,176);
INSERT INTO league_historicalconstructorstanding VALUES(489,9,9,176);
INSERT INTO league_historicalconstructorstanding VALUES(490,10,6,176);
INSERT INTO league_historicalconstructorstanding VALUES(491,1,1,177);
INSERT INTO league_historicalconstructorstanding VALUES(492,2,2,177);
INSERT INTO league_historicalconstructorstanding VALUES(493,3,4,177);
INSERT INTO league_historicalconstructorstanding VALUES(494,4,3,177);
INSERT INTO league_historicalconstructorstanding VALUES(495,5,5,177);
INSERT INTO league_historicalconstructorstanding VALUES(496,6,8,177);
INSERT INTO league_historicalconstructorstanding VALUES(497,7,7,177);
INSERT INTO league_historicalconstructorstanding VALUES(498,8,9,177);
INSERT INTO league_historicalconstructorstanding VALUES(499,9,10,177);
INSERT INTO league_historicalconstructorstanding VALUES(500,10,6,177);
INSERT INTO league_historicalconstructorstanding VALUES(501,1,1,178);
INSERT INTO league_historicalconstructorstanding VALUES(502,2,2,178);
INSERT INTO league_historicalconstructorstanding VALUES(503,3,4,178);
INSERT INTO league_historicalconstructorstanding VALUES(504,4,3,178);
INSERT INTO league_historicalconstructorstanding VALUES(505,5,5,178);
INSERT INTO league_historicalconstructorstanding VALUES(506,6,8,178);
INSERT INTO league_historicalconstructorstanding VALUES(507,7,7,178);
INSERT INTO league_historicalconstructorstanding VALUES(508,8,10,178);
INSERT INTO league_historicalconstructorstanding VALUES(509,9,9,178);
INSERT INTO league_historicalconstructorstanding VALUES(510,10,6,178);
INSERT INTO league_historicalconstructorstanding VALUES(511,1,1,179);
INSERT INTO league_historicalconstructorstanding VALUES(512,2,2,179);
INSERT INTO league_historicalconstructorstanding VALUES(513,3,4,179);
INSERT INTO league_historicalconstructorstanding VALUES(514,4,3,179);
INSERT INTO league_historicalconstructorstanding VALUES(515,5,5,179);
INSERT INTO league_historicalconstructorstanding VALUES(516,6,8,179);
INSERT INTO league_historicalconstructorstanding VALUES(517,7,10,179);
INSERT INTO league_historicalconstructorstanding VALUES(518,8,7,179);
INSERT INTO league_historicalconstructorstanding VALUES(519,9,9,179);
INSERT INTO league_historicalconstructorstanding VALUES(520,10,6,179);
INSERT INTO league_historicalconstructorstanding VALUES(521,1,1,180);
INSERT INTO league_historicalconstructorstanding VALUES(522,2,2,180);
INSERT INTO league_historicalconstructorstanding VALUES(523,3,4,180);
INSERT INTO league_historicalconstructorstanding VALUES(524,4,3,180);
INSERT INTO league_historicalconstructorstanding VALUES(525,5,5,180);
INSERT INTO league_historicalconstructorstanding VALUES(526,6,8,180);
INSERT INTO league_historicalconstructorstanding VALUES(527,7,7,180);
INSERT INTO league_historicalconstructorstanding VALUES(528,8,10,180);
INSERT INTO league_historicalconstructorstanding VALUES(529,9,9,180);
INSERT INTO league_historicalconstructorstanding VALUES(530,10,6,180);
INSERT INTO league_historicalconstructorstanding VALUES(531,1,1,181);
INSERT INTO league_historicalconstructorstanding VALUES(532,2,2,181);
INSERT INTO league_historicalconstructorstanding VALUES(533,3,4,181);
INSERT INTO league_historicalconstructorstanding VALUES(534,4,3,181);
INSERT INTO league_historicalconstructorstanding VALUES(535,5,5,181);
INSERT INTO league_historicalconstructorstanding VALUES(536,6,8,181);
INSERT INTO league_historicalconstructorstanding VALUES(537,7,7,181);
INSERT INTO league_historicalconstructorstanding VALUES(538,8,10,181);
INSERT INTO league_historicalconstructorstanding VALUES(539,9,9,181);
INSERT INTO league_historicalconstructorstanding VALUES(540,10,6,181);
INSERT INTO league_historicalconstructorstanding VALUES(541,1,1,182);
INSERT INTO league_historicalconstructorstanding VALUES(542,2,4,182);
INSERT INTO league_historicalconstructorstanding VALUES(543,3,2,182);
INSERT INTO league_historicalconstructorstanding VALUES(544,4,3,182);
INSERT INTO league_historicalconstructorstanding VALUES(545,5,5,182);
INSERT INTO league_historicalconstructorstanding VALUES(546,6,8,182);
INSERT INTO league_historicalconstructorstanding VALUES(547,7,7,182);
INSERT INTO league_historicalconstructorstanding VALUES(548,8,10,182);
INSERT INTO league_historicalconstructorstanding VALUES(549,9,9,182);
INSERT INTO league_historicalconstructorstanding VALUES(550,10,6,182);
INSERT INTO league_historicalconstructorstanding VALUES(551,1,1,183);
INSERT INTO league_historicalconstructorstanding VALUES(552,2,4,183);
INSERT INTO league_historicalconstructorstanding VALUES(553,3,2,183);
INSERT INTO league_historicalconstructorstanding VALUES(554,4,3,183);
INSERT INTO league_historicalconstructorstanding VALUES(555,5,5,183);
INSERT INTO league_historicalconstructorstanding VALUES(556,6,8,183);
INSERT INTO league_historicalconstructorstanding VALUES(557,7,7,183);
INSERT INTO league_historicalconstructorstanding VALUES(558,8,10,183);
INSERT INTO league_historicalconstructorstanding VALUES(559,9,9,183);
INSERT INTO league_historicalconstructorstanding VALUES(560,10,6,183);
INSERT INTO league_historicalconstructorstanding VALUES(561,1,1,184);
INSERT INTO league_historicalconstructorstanding VALUES(562,2,4,184);
INSERT INTO league_historicalconstructorstanding VALUES(563,3,2,184);
INSERT INTO league_historicalconstructorstanding VALUES(564,4,3,184);
INSERT INTO league_historicalconstructorstanding VALUES(565,5,5,184);
INSERT INTO league_historicalconstructorstanding VALUES(566,6,8,184);
INSERT INTO league_historicalconstructorstanding VALUES(567,7,7,184);
INSERT INTO league_historicalconstructorstanding VALUES(568,8,10,184);
INSERT INTO league_historicalconstructorstanding VALUES(569,9,9,184);
INSERT INTO league_historicalconstructorstanding VALUES(570,10,6,184);
INSERT INTO league_historicalconstructorstanding VALUES(571,1,1,185);
INSERT INTO league_historicalconstructorstanding VALUES(572,2,4,185);
INSERT INTO league_historicalconstructorstanding VALUES(573,3,2,185);
INSERT INTO league_historicalconstructorstanding VALUES(574,4,3,185);
INSERT INTO league_historicalconstructorstanding VALUES(575,5,5,185);
INSERT INTO league_historicalconstructorstanding VALUES(576,6,8,185);
INSERT INTO league_historicalconstructorstanding VALUES(577,7,7,185);
INSERT INTO league_historicalconstructorstanding VALUES(578,8,10,185);
INSERT INTO league_historicalconstructorstanding VALUES(579,9,9,185);
INSERT INTO league_historicalconstructorstanding VALUES(580,10,6,185);
INSERT INTO league_historicalconstructorstanding VALUES(581,1,4,186);
INSERT INTO league_historicalconstructorstanding VALUES(582,2,1,186);
INSERT INTO league_historicalconstructorstanding VALUES(583,3,2,186);
INSERT INTO league_historicalconstructorstanding VALUES(584,4,3,186);
INSERT INTO league_historicalconstructorstanding VALUES(585,5,5,186);
INSERT INTO league_historicalconstructorstanding VALUES(586,6,8,186);
INSERT INTO league_historicalconstructorstanding VALUES(587,7,7,186);
INSERT INTO league_historicalconstructorstanding VALUES(588,8,9,186);
INSERT INTO league_historicalconstructorstanding VALUES(589,9,10,186);
INSERT INTO league_historicalconstructorstanding VALUES(590,10,6,186);
INSERT INTO league_historicalconstructorstanding VALUES(591,1,4,187);
INSERT INTO league_historicalconstructorstanding VALUES(592,2,1,187);
INSERT INTO league_historicalconstructorstanding VALUES(593,3,2,187);
INSERT INTO league_historicalconstructorstanding VALUES(594,4,3,187);
INSERT INTO league_historicalconstructorstanding VALUES(595,5,5,187);
INSERT INTO league_historicalconstructorstanding VALUES(596,6,8,187);
INSERT INTO league_historicalconstructorstanding VALUES(597,7,7,187);
INSERT INTO league_historicalconstructorstanding VALUES(598,8,9,187);
INSERT INTO league_historicalconstructorstanding VALUES(599,9,10,187);
INSERT INTO league_historicalconstructorstanding VALUES(600,10,6,187);
INSERT INTO league_historicalconstructorstanding VALUES(601,1,4,188);
INSERT INTO league_historicalconstructorstanding VALUES(602,2,1,188);
INSERT INTO league_historicalconstructorstanding VALUES(603,3,2,188);
INSERT INTO league_historicalconstructorstanding VALUES(604,4,3,188);
INSERT INTO league_historicalconstructorstanding VALUES(605,5,5,188);
INSERT INTO league_historicalconstructorstanding VALUES(606,6,7,188);
INSERT INTO league_historicalconstructorstanding VALUES(607,7,8,188);
INSERT INTO league_historicalconstructorstanding VALUES(608,8,9,188);
INSERT INTO league_historicalconstructorstanding VALUES(609,9,10,188);
INSERT INTO league_historicalconstructorstanding VALUES(610,10,6,188);
INSERT INTO league_historicalconstructorstanding VALUES(611,1,4,189);
INSERT INTO league_historicalconstructorstanding VALUES(612,2,2,189);
INSERT INTO league_historicalconstructorstanding VALUES(613,3,1,189);
INSERT INTO league_historicalconstructorstanding VALUES(614,4,3,189);
INSERT INTO league_historicalconstructorstanding VALUES(615,5,5,189);
INSERT INTO league_historicalconstructorstanding VALUES(616,6,7,189);
INSERT INTO league_historicalconstructorstanding VALUES(617,7,8,189);
INSERT INTO league_historicalconstructorstanding VALUES(618,8,9,189);
INSERT INTO league_historicalconstructorstanding VALUES(619,9,10,189);
INSERT INTO league_historicalconstructorstanding VALUES(620,10,6,189);
INSERT INTO league_historicalconstructorstanding VALUES(621,1,4,190);
INSERT INTO league_historicalconstructorstanding VALUES(622,2,2,190);
INSERT INTO league_historicalconstructorstanding VALUES(623,3,1,190);
INSERT INTO league_historicalconstructorstanding VALUES(624,4,3,190);
INSERT INTO league_historicalconstructorstanding VALUES(625,5,5,190);
INSERT INTO league_historicalconstructorstanding VALUES(626,6,10,190);
INSERT INTO league_historicalconstructorstanding VALUES(627,7,7,190);
INSERT INTO league_historicalconstructorstanding VALUES(628,8,8,190);
INSERT INTO league_historicalconstructorstanding VALUES(629,9,9,190);
INSERT INTO league_historicalconstructorstanding VALUES(630,10,6,190);
CREATE TABLE IF NOT EXISTS "league_teamselection" ("id" integer NOT NULL PRIMARY KEY AUTOINCREMENT, "race_id" bigint NOT NULL REFERENCES "league_race" ("id") DEFERRABLE INITIALLY DEFERRED, "submitted_on_time" bool NOT NULL, "total_cost" decimal NOT NULL, "team_id" bigint NULL REFERENCES "league_team" ("id") DEFERRABLE INITIALLY DEFERRED, "points" decimal NOT NULL);
INSERT INTO league_teamselection VALUES(12,122,1,0,1,36);
INSERT INTO league_teamselection VALUES(13,123,1,0,1,22.5);
INSERT INTO league_teamselection VALUES(14,124,1,0,1,48);
INSERT INTO league_teamselection VALUES(15,125,1,0,1,33);
INSERT INTO league_teamselection VALUES(16,126,1,0,1,25.5);
INSERT INTO league_teamselection VALUES(17,127,1,0,1,57.5);
INSERT INTO league_teamselection VALUES(18,128,1,0,1,25.5);
INSERT INTO league_teamselection VALUES(19,129,1,0,1,35);
INSERT INTO league_teamselection VALUES(20,130,1,0,1,39);
INSERT INTO league_teamselection VALUES(21,131,1,0,1,19);
INSERT INTO league_teamselection VALUES(22,132,1,0,1,27.5);
INSERT INTO league_teamselection VALUES(23,133,1,0,1,55);
INSERT INTO league_teamselection VALUES(24,134,1,0,1,12);
INSERT INTO league_teamselection VALUES(25,135,1,0,1,19.5);
INSERT INTO league_teamselection VALUES(26,136,1,0,1,40);
INSERT INTO league_teamselection VALUES(27,137,1,0,1,12);
INSERT INTO league_teamselection VALUES(28,138,1,0,1,65);
INSERT INTO league_teamselection VALUES(29,139,1,0,1,19);
INSERT INTO league_teamselection VALUES(30,140,1,0,1,39.5);
INSERT INTO league_teamselection VALUES(31,141,1,0,1,55);
INSERT INTO league_teamselection VALUES(32,142,1,0,1,121.5);
INSERT INTO league_teamselection VALUES(33,122,1,0,4,36);
INSERT INTO league_teamselection VALUES(34,123,1,0,4,25);
INSERT INTO league_teamselection VALUES(35,124,1,0,4,27);
INSERT INTO league_teamselection VALUES(36,125,1,0,4,39.5);
INSERT INTO league_teamselection VALUES(37,126,1,0,4,36);
INSERT INTO league_teamselection VALUES(38,127,1,0,4,48.5);
INSERT INTO league_teamselection VALUES(39,128,1,0,4,37.5);
INSERT INTO league_teamselection VALUES(40,129,1,0,4,42);
INSERT INTO league_teamselection VALUES(41,131,1,0,4,25.5);
INSERT INTO league_teamselection VALUES(42,132,1,0,4,6);
INSERT INTO league_teamselection VALUES(43,133,1,0,4,9.5);
INSERT INTO league_teamselection VALUES(44,134,1,0,4,9.5);
INSERT INTO league_teamselection VALUES(45,135,1,0,4,11);
INSERT INTO league_teamselection VALUES(46,136,1,0,4,31);
INSERT INTO league_teamselection VALUES(47,137,1,0,4,21);
INSERT INTO league_teamselection VALUES(48,139,1,0,4,14);
INSERT INTO league_teamselection VALUES(49,140,1,0,4,32);
INSERT INTO league_teamselection VALUES(50,141,1,0,4,30);
INSERT INTO league_teamselection VALUES(51,142,1,0,4,27);
INSERT INTO league_teamselection VALUES(52,123,1,0,3,31);
INSERT INTO league_teamselection VALUES(53,124,1,0,3,5);
INSERT INTO league_teamselection VALUES(54,125,1,0,3,35.5);
INSERT INTO league_teamselection VALUES(55,126,1,0,3,28);
INSERT INTO league_teamselection VALUES(56,127,1,0,3,31);
INSERT INTO league_teamselection VALUES(57,128,1,0,3,21);
INSERT INTO league_teamselection VALUES(58,129,1,0,3,35);
INSERT INTO league_teamselection VALUES(59,130,1,0,3,26);
INSERT INTO league_teamselection VALUES(60,123,1,0,2,33);
INSERT INTO league_teamselection VALUES(61,124,1,0,2,31.5);
INSERT INTO league_teamselection VALUES(62,125,1,0,2,10.5);
INSERT INTO league_teamselection VALUES(63,126,1,0,2,36.5);
INSERT INTO league_teamselection VALUES(64,127,1,0,2,31);
INSERT INTO league_teamselection VALUES(65,128,1,0,2,28.5);
INSERT INTO league_teamselection VALUES(66,129,1,0,2,29);
INSERT INTO league_teamselection VALUES(67,130,1,0,2,23);
INSERT INTO league_teamselection VALUES(68,131,1,0,2,23);
INSERT INTO league_teamselection VALUES(69,132,1,0,2,36);
INSERT INTO league_teamselection VALUES(70,133,1,0,2,29);
INSERT INTO league_teamselection VALUES(71,134,1,0,2,17);
INSERT INTO league_teamselection VALUES(72,135,1,0,2,44);
INSERT INTO league_teamselection VALUES(73,136,1,0,2,21);
INSERT INTO league_teamselection VALUES(74,137,1,0,2,29);
INSERT INTO league_teamselection VALUES(75,138,1,0,2,25);
INSERT INTO league_teamselection VALUES(76,139,1,0,2,14);
INSERT INTO league_teamselection VALUES(77,140,1,0,2,43.5);
INSERT INTO league_teamselection VALUES(78,141,1,0,2,11);
INSERT INTO league_teamselection VALUES(79,142,1,0,2,35);
INSERT INTO league_teamselection VALUES(80,143,1,0,2,0);
INSERT INTO league_teamselection VALUES(81,144,1,0,2,0);
INSERT INTO league_teamselection VALUES(82,145,1,0,2,0);
INSERT INTO league_teamselection VALUES(83,122,1,0,2,19);
INSERT INTO league_teamselection VALUES(84,122,1,0,8,19);
INSERT INTO league_teamselection VALUES(85,123,1,0,8,10);
INSERT INTO league_teamselection VALUES(86,124,1,0,8,12.5);
INSERT INTO league_teamselection VALUES(87,125,1,0,8,18.5);
INSERT INTO league_teamselection VALUES(88,126,1,0,8,21);
INSERT INTO league_teamselection VALUES(89,128,1,0,8,14);
INSERT INTO league_teamselection VALUES(90,129,1,0,8,17);
INSERT INTO league_teamselection VALUES(91,130,1,0,8,37.5);
INSERT INTO league_teamselection VALUES(92,131,1,0,8,33);
INSERT INTO league_teamselection VALUES(93,132,1,0,8,27.5);
INSERT INTO league_teamselection VALUES(94,133,1,0,8,31);
INSERT INTO league_teamselection VALUES(95,134,1,0,8,12);
INSERT INTO league_teamselection VALUES(96,135,1,0,8,32);
INSERT INTO league_teamselection VALUES(97,136,1,0,8,8);
INSERT INTO league_teamselection VALUES(98,137,1,0,8,24);
INSERT INTO league_teamselection VALUES(99,138,1,0,8,24);
INSERT INTO league_teamselection VALUES(100,139,1,0,8,0);
INSERT INTO league_teamselection VALUES(101,140,1,0,8,5);
INSERT INTO league_teamselection VALUES(102,141,1,0,8,25);
INSERT INTO league_teamselection VALUES(103,142,1,0,8,0);
INSERT INTO league_teamselection VALUES(104,143,1,0,8,0);
INSERT INTO league_teamselection VALUES(105,144,1,0,8,0);
INSERT INTO league_teamselection VALUES(106,145,1,0,8,0);
INSERT INTO league_teamselection VALUES(107,122,1,0,7,15);
INSERT INTO league_teamselection VALUES(108,123,1,0,7,13);
INSERT INTO league_teamselection VALUES(109,124,1,0,7,38);
INSERT INTO league_teamselection VALUES(110,125,1,0,7,18.5);
INSERT INTO league_teamselection VALUES(111,126,1,0,7,20);
INSERT INTO league_teamselection VALUES(112,127,1,0,7,31);
INSERT INTO league_teamselection VALUES(113,128,1,0,7,13.5);
INSERT INTO league_teamselection VALUES(114,129,1,0,7,11);
INSERT INTO league_teamselection VALUES(115,130,1,0,7,0);
INSERT INTO league_teamselection VALUES(116,131,1,0,7,30);
INSERT INTO league_teamselection VALUES(117,132,1,0,7,0);
INSERT INTO league_teamselection VALUES(118,133,1,0,7,30);
INSERT INTO league_teamselection VALUES(119,134,1,0,7,21);
INSERT INTO league_teamselection VALUES(120,135,1,0,7,22.5);
INSERT INTO league_teamselection VALUES(121,136,1,0,7,31);
INSERT INTO league_teamselection VALUES(122,137,1,0,7,22);
INSERT INTO league_teamselection VALUES(123,138,1,0,7,12);
INSERT INTO league_teamselection VALUES(124,139,1,0,7,24);
INSERT INTO league_teamselection VALUES(125,140,1,0,7,0);
INSERT INTO league_teamselection VALUES(126,141,1,0,7,8.5);
INSERT INTO league_teamselection VALUES(127,142,1,0,7,52.5);
INSERT INTO league_teamselection VALUES(128,143,1,0,7,0);
INSERT INTO league_teamselection VALUES(129,144,1,0,7,0);
INSERT INTO league_teamselection VALUES(130,145,1,0,7,0);
INSERT INTO league_teamselection VALUES(131,122,1,0,6,15);
INSERT INTO league_teamselection VALUES(132,123,1,0,6,32.5);
INSERT INTO league_teamselection VALUES(133,124,1,0,6,39);
INSERT INTO league_teamselection VALUES(134,125,1,0,6,18.5);
INSERT INTO league_teamselection VALUES(135,126,1,0,6,32);
INSERT INTO league_teamselection VALUES(136,127,1,0,6,43.5);
INSERT INTO league_teamselection VALUES(137,128,1,0,6,23.5);
INSERT INTO league_teamselection VALUES(138,129,1,0,6,47);
INSERT INTO league_teamselection VALUES(139,130,1,0,6,51);
INSERT INTO league_teamselection VALUES(140,131,1,0,6,32.5);
INSERT INTO league_teamselection VALUES(141,132,1,0,6,59);
INSERT INTO league_teamselection VALUES(142,133,1,0,6,67);
INSERT INTO league_teamselection VALUES(143,134,1,0,6,31.5);
INSERT INTO league_teamselection VALUES(144,135,1,0,6,31);
INSERT INTO league_teamselection VALUES(145,136,1,0,6,19);
INSERT INTO league_teamselection VALUES(146,137,1,0,6,29);
INSERT INTO league_teamselection VALUES(147,138,1,0,6,25);
INSERT INTO league_teamselection VALUES(148,139,1,0,6,21);
INSERT INTO league_teamselection VALUES(149,140,1,0,6,49);
INSERT INTO league_teamselection VALUES(150,141,1,0,6,28);
INSERT INTO league_teamselection VALUES(151,142,1,0,6,50.5);
INSERT INTO league_teamselection VALUES(152,143,1,0,6,0);
INSERT INTO league_teamselection VALUES(153,144,1,0,6,0);
INSERT INTO league_teamselection VALUES(154,145,1,0,6,0);
INSERT INTO league_teamselection VALUES(155,122,1,0,5,14);
INSERT INTO league_teamselection VALUES(156,124,1,0,5,28.5);
INSERT INTO league_teamselection VALUES(157,125,1,0,5,24.5);
INSERT INTO league_teamselection VALUES(158,126,1,0,5,47);
INSERT INTO league_teamselection VALUES(159,128,1,0,5,19);
INSERT INTO league_teamselection VALUES(160,129,1,0,5,27.5);
INSERT INTO league_teamselection VALUES(161,130,1,0,5,36);
INSERT INTO league_teamselection VALUES(162,131,1,0,5,22);
INSERT INTO league_teamselection VALUES(163,132,1,0,5,48);
INSERT INTO league_teamselection VALUES(164,133,1,0,5,46);
INSERT INTO league_teamselection VALUES(165,134,1,0,5,27);
INSERT INTO league_teamselection VALUES(166,135,1,0,5,47);
INSERT INTO league_teamselection VALUES(167,136,1,0,5,20);
INSERT INTO league_teamselection VALUES(168,139,1,0,5,17);
INSERT INTO league_teamselection VALUES(169,140,1,0,5,58);
INSERT INTO league_teamselection VALUES(170,141,1,0,5,38);
INSERT INTO league_teamselection VALUES(171,142,1,0,5,68.5);
INSERT INTO league_teamselection VALUES(172,143,1,0,5,0);
INSERT INTO league_teamselection VALUES(173,144,1,0,5,0);
INSERT INTO league_teamselection VALUES(174,145,1,0,5,0);
INSERT INTO league_teamselection VALUES(175,123,1,0,5,25);
INSERT INTO league_teamselection VALUES(176,127,1,0,5,24);
INSERT INTO league_teamselection VALUES(177,137,1,0,5,22.5);
INSERT INTO league_teamselection VALUES(178,138,1,0,5,25.5);
INSERT INTO league_teamselection VALUES(179,122,1,0,3,21.5);
INSERT INTO league_teamselection VALUES(180,131,1,0,3,13);
INSERT INTO league_teamselection VALUES(181,132,1,0,3,8);
INSERT INTO league_teamselection VALUES(182,133,1,0,3,18);
INSERT INTO league_teamselection VALUES(183,134,1,0,3,14);
INSERT INTO league_teamselection VALUES(184,135,1,0,3,0);
INSERT INTO league_teamselection VALUES(185,136,1,0,3,12.5);
INSERT INTO league_teamselection VALUES(186,137,1,0,3,18);
INSERT INTO league_teamselection VALUES(187,138,1,0,3,54);
INSERT INTO league_teamselection VALUES(188,139,1,0,3,30);
INSERT INTO league_teamselection VALUES(189,140,1,0,3,39);
INSERT INTO league_teamselection VALUES(190,141,1,0,3,4);
INSERT INTO league_teamselection VALUES(191,142,1,0,3,0);
INSERT INTO league_teamselection VALUES(192,143,1,0,3,0);
INSERT INTO league_teamselection VALUES(193,144,1,0,3,0);
INSERT INTO league_teamselection VALUES(194,145,1,0,3,0);
INSERT INTO league_teamselection VALUES(195,127,1,0,8,50);
CREATE TABLE IF NOT EXISTS "league_predictionquestion" ("id" integer NOT NULL PRIMARY KEY AUTOINCREMENT, "question_text" varchar(255) NOT NULL, "question_type" varchar(50) NOT NULL, "options" text NULL CHECK ((JSON_VALID("options") OR "options" IS NULL)), "correct_answer" varchar(255) NULL, "race_id" bigint NOT NULL UNIQUE REFERENCES "league_race" ("id") DEFERRABLE INITIALLY DEFERRED, "points_awarded" decimal NOT NULL);
INSERT INTO league_predictionquestion VALUES(1,'banana','text',NULL,NULL,122,5);
INSERT INTO league_predictionquestion VALUES(2,'baba','text',NULL,NULL,123,5);
INSERT INTO league_predictionquestion VALUES(3,'aga','text',NULL,NULL,124,5);
INSERT INTO league_predictionquestion VALUES(4,'af','text',NULL,NULL,125,5);
INSERT INTO league_predictionquestion VALUES(5,'afa','text',NULL,NULL,126,5);
INSERT INTO league_predictionquestion VALUES(6,'af','text',NULL,NULL,127,5);
INSERT INTO league_predictionquestion VALUES(7,'fa','text',NULL,NULL,128,5);
INSERT INTO league_predictionquestion VALUES(8,'afd','text',NULL,NULL,129,5);
INSERT INTO league_predictionquestion VALUES(9,'af','text',NULL,NULL,130,5);
INSERT INTO league_predictionquestion VALUES(10,'af','text',NULL,NULL,131,5);
INSERT INTO league_predictionquestion VALUES(11,'adf','text',NULL,NULL,132,5);
INSERT INTO league_predictionquestion VALUES(12,'afd','text',NULL,NULL,133,5);
INSERT INTO league_predictionquestion VALUES(13,'afd','text',NULL,NULL,134,5);
INSERT INTO league_predictionquestion VALUES(14,'afd','text',NULL,NULL,135,5);
INSERT INTO league_predictionquestion VALUES(15,'adfa','text',NULL,NULL,136,5);
INSERT INTO league_predictionquestion VALUES(16,'adf','text',NULL,NULL,137,5);
INSERT INTO league_predictionquestion VALUES(17,'afd','text',NULL,NULL,138,5);
INSERT INTO league_predictionquestion VALUES(18,'af','text',NULL,NULL,139,5);
INSERT INTO league_predictionquestion VALUES(19,'af','text',NULL,NULL,140,5);
INSERT INTO league_predictionquestion VALUES(20,'asfd','text',NULL,NULL,142,5);
INSERT INTO league_predictionquestion VALUES(21,'adfa','text',NULL,NULL,141,5);
CREATE TABLE IF NOT EXISTS "league_predictionanswer" ("id" integer NOT NULL PRIMARY KEY AUTOINCREMENT, "answer" varchar(255) NOT NULL, "is_correct" bool NOT NULL, "team_id" bigint NOT NULL REFERENCES "league_team" ("id") DEFERRABLE INITIALLY DEFERRED, "prediction_question_id" bigint NOT NULL REFERENCES "league_predictionquestion" ("id") DEFERRABLE INITIALLY DEFERRED, "points_earned" decimal NOT NULL);
INSERT INTO league_predictionanswer VALUES(1,'adfa',1,1,1,5);
INSERT INTO league_predictionanswer VALUES(2,'afa',1,1,3,5);
INSERT INTO league_predictionanswer VALUES(3,'af',1,1,4,5);
INSERT INTO league_predictionanswer VALUES(4,'adf',1,1,7,5);
INSERT INTO league_predictionanswer VALUES(5,'adf',1,1,8,5);
INSERT INTO league_predictionanswer VALUES(6,'adf',1,1,9,5);
INSERT INTO league_predictionanswer VALUES(7,'afd',1,1,10,5);
INSERT INTO league_predictionanswer VALUES(8,'afdas',1,1,12,2);
INSERT INTO league_predictionanswer VALUES(9,'adf',1,1,15,5);
INSERT INTO league_predictionanswer VALUES(10,'adf',1,1,17,5);
INSERT INTO league_predictionanswer VALUES(11,'asdf',1,1,19,5);
INSERT INTO league_predictionanswer VALUES(12,'af',0,1,20,5);
INSERT INTO league_predictionanswer VALUES(13,'adf',1,4,1,5);
INSERT INTO league_predictionanswer VALUES(14,'asdf',1,4,2,5);
INSERT INTO league_predictionanswer VALUES(15,'afd',1,4,3,5);
INSERT INTO league_predictionanswer VALUES(16,'afd',1,4,5,5);
INSERT INTO league_predictionanswer VALUES(17,'af',1,4,6,5);
INSERT INTO league_predictionanswer VALUES(18,'ad',1,4,7,5);
INSERT INTO league_predictionanswer VALUES(19,'adf',1,4,10,5);
INSERT INTO league_predictionanswer VALUES(20,'afd',1,4,12,2);
INSERT INTO league_predictionanswer VALUES(21,'adf',1,4,14,5);
INSERT INTO league_predictionanswer VALUES(22,'asfd',1,4,19,5);
INSERT INTO league_predictionanswer VALUES(23,'adf',1,3,1,5);
INSERT INTO league_predictionanswer VALUES(24,'ad',1,3,5,5);
INSERT INTO league_predictionanswer VALUES(25,'asdf',1,3,7,5);
INSERT INTO league_predictionanswer VALUES(26,'adf',1,3,8,5);
INSERT INTO league_predictionanswer VALUES(27,'afd',1,3,10,5);
INSERT INTO league_predictionanswer VALUES(28,'afd',1,3,12,1);
INSERT INTO league_predictionanswer VALUES(29,'asdf',1,3,13,5);
INSERT INTO league_predictionanswer VALUES(30,'asdf',1,3,17,5);
INSERT INTO league_predictionanswer VALUES(31,'asdf',1,3,19,5);
INSERT INTO league_predictionanswer VALUES(32,'afd',1,2,1,5);
INSERT INTO league_predictionanswer VALUES(33,'adf',1,2,5,5);
INSERT INTO league_predictionanswer VALUES(34,'afd',1,2,7,5);
INSERT INTO league_predictionanswer VALUES(35,'afd',1,2,12,2);
INSERT INTO league_predictionanswer VALUES(36,'af',1,2,14,5);
INSERT INTO league_predictionanswer VALUES(37,'adf',1,8,1,5);
INSERT INTO league_predictionanswer VALUES(38,'afd',1,8,3,5);
INSERT INTO league_predictionanswer VALUES(39,'af',1,8,5,5);
INSERT INTO league_predictionanswer VALUES(40,'adf',1,8,10,5);
INSERT INTO league_predictionanswer VALUES(41,'afd',1,8,12,2);
INSERT INTO league_predictionanswer VALUES(42,'af',1,8,13,5);
INSERT INTO league_predictionanswer VALUES(43,'asdf',1,7,1,5);
INSERT INTO league_predictionanswer VALUES(44,'afd',1,7,2,5);
INSERT INTO league_predictionanswer VALUES(45,'adsf',1,7,7,5);
INSERT INTO league_predictionanswer VALUES(46,'ad',1,7,10,5);
INSERT INTO league_predictionanswer VALUES(47,'adf',1,7,12,1);
INSERT INTO league_predictionanswer VALUES(48,'asdf',1,7,13,5);
INSERT INTO league_predictionanswer VALUES(49,'af',1,6,1,5);
INSERT INTO league_predictionanswer VALUES(50,'af',1,6,5,5);
INSERT INTO league_predictionanswer VALUES(51,'afd',1,5,7,5);
INSERT INTO league_predictionanswer VALUES(52,'adsf',1,5,8,5);
INSERT INTO league_predictionanswer VALUES(53,'adf',0,5,9,5);
INSERT INTO league_predictionanswer VALUES(54,'afd',1,6,11,5);
INSERT INTO league_predictionanswer VALUES(55,'asdf',1,5,12,3);
INSERT INTO league_predictionanswer VALUES(56,'af',1,5,14,5);
INSERT INTO league_predictionanswer VALUES(57,'afd',1,5,17,5);
INSERT INTO league_predictionanswer VALUES(58,'afd',1,5,19,5);
INSERT INTO league_predictionanswer VALUES(59,'adf',1,5,1,5);
INSERT INTO league_predictionanswer VALUES(60,'adf',1,5,2,5);
INSERT INTO league_predictionanswer VALUES(61,'adsf',1,5,3,5);
INSERT INTO league_predictionanswer VALUES(62,'adsf',1,5,5,5);
INSERT INTO league_predictionanswer VALUES(65,'adfs',1,5,10,5);
INSERT INTO league_predictionanswer VALUES(70,'adf',1,5,20,5);
INSERT INTO league_predictionanswer VALUES(71,'af',1,6,19,5);
INSERT INTO league_predictionanswer VALUES(72,'ad',1,6,17,5);
INSERT INTO league_predictionanswer VALUES(74,'af',1,6,12,3);
INSERT INTO league_predictionanswer VALUES(75,'adf',1,6,9,5);
INSERT INTO league_predictionanswer VALUES(76,'adf',1,6,8,5);
INSERT INTO league_predictionanswer VALUES(77,'adf',1,6,7,5);
INSERT INTO league_predictionanswer VALUES(85,'daf',1,6,15,5);
INSERT INTO league_predictionanswer VALUES(86,'af',1,1,5,5);
CREATE TABLE IF NOT EXISTS "league_raceresult" ("id" integer NOT NULL PRIMARY KEY AUTOINCREMENT, "position" integer NOT NULL, "points" decimal NOT NULL, "race_id" bigint NOT NULL REFERENCES "league_race" ("id") DEFERRABLE INITIALLY DEFERRED, "dnf" bool NOT NULL, "fastest_lap" bool NOT NULL, "session_type" varchar(10) NOT NULL, "driver_id" bigint NULL REFERENCES "league_driver" ("id") DEFERRABLE INITIALLY DEFERRED, "is_tier_override" bool NOT NULL);
INSERT INTO league_raceresult VALUES(942,1,0,122,0,0,'Qualifying',1,0);
INSERT INTO league_raceresult VALUES(943,2,0,122,0,0,'Qualifying',4,0);
INSERT INTO league_raceresult VALUES(944,3,0,122,0,0,'Qualifying',5,0);
INSERT INTO league_raceresult VALUES(945,4,0,122,0,0,'Qualifying',3,0);
INSERT INTO league_raceresult VALUES(946,5,0,122,0,0,'Qualifying',2,0);
INSERT INTO league_raceresult VALUES(947,6,0,122,0,0,'Qualifying',9,0);
INSERT INTO league_raceresult VALUES(948,7,0,122,0,0,'Qualifying',6,0);
INSERT INTO league_raceresult VALUES(949,8,0,122,0,0,'Qualifying',8,0);
INSERT INTO league_raceresult VALUES(950,9,0,122,0,0,'Qualifying',7,0);
INSERT INTO league_raceresult VALUES(951,10,0,122,0,0,'Qualifying',16,0);
INSERT INTO league_raceresult VALUES(952,11,0,122,0,0,'Qualifying',14,0);
INSERT INTO league_raceresult VALUES(953,12,0,122,0,0,'Qualifying',10,0);
INSERT INTO league_raceresult VALUES(954,13,0,122,0,0,'Qualifying',15,0);
INSERT INTO league_raceresult VALUES(955,14,0,122,0,0,'Qualifying',13,0);
INSERT INTO league_raceresult VALUES(956,15,0,122,0,0,'Qualifying',12,0);
INSERT INTO league_raceresult VALUES(957,16,0,122,0,0,'Qualifying',19,0);
INSERT INTO league_raceresult VALUES(958,17,0,122,0,0,'Qualifying',11,0);
INSERT INTO league_raceresult VALUES(959,18,0,122,0,0,'Qualifying',20,0);
INSERT INTO league_raceresult VALUES(960,19,0,122,0,0,'Qualifying',17,0);
INSERT INTO league_raceresult VALUES(961,20,0,122,0,0,'Qualifying',18,0);
INSERT INTO league_raceresult VALUES(962,1,26,122,0,1,'Race',1,0);
INSERT INTO league_raceresult VALUES(963,2,18,122,0,0,'Race',2,0);
INSERT INTO league_raceresult VALUES(964,3,15,122,0,0,'Race',3,0);
INSERT INTO league_raceresult VALUES(965,4,12,122,0,0,'Race',4,0);
INSERT INTO league_raceresult VALUES(966,5,10,122,0,0,'Race',5,0);
INSERT INTO league_raceresult VALUES(967,6,8,122,0,0,'Race',6,0);
INSERT INTO league_raceresult VALUES(968,7,6,122,0,0,'Race',7,0);
INSERT INTO league_raceresult VALUES(969,8,4,122,0,0,'Race',8,0);
INSERT INTO league_raceresult VALUES(970,9,2,122,0,0,'Race',9,0);
INSERT INTO league_raceresult VALUES(971,10,1,122,0,0,'Race',10,0);
INSERT INTO league_raceresult VALUES(972,11,0,122,0,0,'Race',11,0);
INSERT INTO league_raceresult VALUES(973,12,0,122,0,0,'Race',12,0);
INSERT INTO league_raceresult VALUES(974,13,0,122,0,0,'Race',13,0);
INSERT INTO league_raceresult VALUES(975,14,0,122,0,0,'Race',14,0);
INSERT INTO league_raceresult VALUES(976,15,0,122,0,0,'Race',15,0);
INSERT INTO league_raceresult VALUES(977,16,0,122,0,0,'Race',16,0);
INSERT INTO league_raceresult VALUES(978,17,0,122,0,0,'Race',17,0);
INSERT INTO league_raceresult VALUES(979,18,0,122,0,0,'Race',18,0);
INSERT INTO league_raceresult VALUES(980,19,0,122,0,0,'Race',19,0);
INSERT INTO league_raceresult VALUES(981,20,0,122,0,0,'Race',20,0);
INSERT INTO league_raceresult VALUES(982,1,0,146,0,0,'Qualifying',1,0);
INSERT INTO league_raceresult VALUES(983,2,0,146,0,0,'Qualifying',4,0);
INSERT INTO league_raceresult VALUES(984,3,0,146,0,0,'Qualifying',5,0);
INSERT INTO league_raceresult VALUES(985,4,0,146,0,0,'Qualifying',3,0);
INSERT INTO league_raceresult VALUES(986,5,0,146,0,0,'Qualifying',2,0);
INSERT INTO league_raceresult VALUES(987,6,0,146,0,0,'Qualifying',9,0);
INSERT INTO league_raceresult VALUES(988,7,0,146,0,0,'Qualifying',6,0);
INSERT INTO league_raceresult VALUES(989,8,0,146,0,0,'Qualifying',8,0);
INSERT INTO league_raceresult VALUES(990,9,0,146,0,0,'Qualifying',7,0);
INSERT INTO league_raceresult VALUES(991,10,0,146,0,0,'Qualifying',16,0);
INSERT INTO league_raceresult VALUES(992,11,0,146,0,0,'Qualifying',14,0);
INSERT INTO league_raceresult VALUES(993,12,0,146,0,0,'Qualifying',10,0);
INSERT INTO league_raceresult VALUES(994,13,0,146,0,0,'Qualifying',15,0);
INSERT INTO league_raceresult VALUES(995,14,0,146,0,0,'Qualifying',13,0);
INSERT INTO league_raceresult VALUES(996,15,0,146,0,0,'Qualifying',12,0);
INSERT INTO league_raceresult VALUES(997,16,0,146,0,0,'Qualifying',19,0);
INSERT INTO league_raceresult VALUES(998,17,0,146,0,0,'Qualifying',11,0);
INSERT INTO league_raceresult VALUES(999,18,0,146,0,0,'Qualifying',20,0);
INSERT INTO league_raceresult VALUES(1000,19,0,146,0,0,'Qualifying',17,0);
INSERT INTO league_raceresult VALUES(1001,20,0,146,0,0,'Qualifying',18,0);
INSERT INTO league_raceresult VALUES(1002,1,26,146,0,1,'Race',1,0);
INSERT INTO league_raceresult VALUES(1003,2,18,146,0,0,'Race',2,0);
INSERT INTO league_raceresult VALUES(1004,3,15,146,0,0,'Race',3,0);
INSERT INTO league_raceresult VALUES(1005,4,12,146,0,0,'Race',4,0);
INSERT INTO league_raceresult VALUES(1006,5,10,146,0,0,'Race',5,0);
INSERT INTO league_raceresult VALUES(1007,6,8,146,0,0,'Race',6,0);
INSERT INTO league_raceresult VALUES(1008,7,6,146,0,0,'Race',7,0);
INSERT INTO league_raceresult VALUES(1009,8,4,146,0,0,'Race',8,0);
INSERT INTO league_raceresult VALUES(1010,9,2,146,0,0,'Race',9,0);
INSERT INTO league_raceresult VALUES(1011,10,1,146,0,0,'Race',10,0);
INSERT INTO league_raceresult VALUES(1012,11,0,146,0,0,'Race',11,0);
INSERT INTO league_raceresult VALUES(1013,12,0,146,0,0,'Race',12,0);
INSERT INTO league_raceresult VALUES(1014,13,0,146,0,0,'Race',13,0);
INSERT INTO league_raceresult VALUES(1015,14,0,146,0,0,'Race',14,0);
INSERT INTO league_raceresult VALUES(1016,15,0,146,0,0,'Race',15,0);
INSERT INTO league_raceresult VALUES(1017,16,0,146,0,0,'Race',16,0);
INSERT INTO league_raceresult VALUES(1018,17,0,146,0,0,'Race',17,0);
INSERT INTO league_raceresult VALUES(1019,18,0,146,0,0,'Race',18,0);
INSERT INTO league_raceresult VALUES(1020,19,0,146,0,0,'Race',19,0);
INSERT INTO league_raceresult VALUES(1021,20,0,146,0,0,'Race',20,0);
INSERT INTO league_raceresult VALUES(1022,1,0,170,0,0,'Qualifying',1,0);
INSERT INTO league_raceresult VALUES(1023,2,0,170,0,0,'Qualifying',4,0);
INSERT INTO league_raceresult VALUES(1024,3,0,170,0,0,'Qualifying',5,0);
INSERT INTO league_raceresult VALUES(1025,4,0,170,0,0,'Qualifying',3,0);
INSERT INTO league_raceresult VALUES(1026,5,0,170,0,0,'Qualifying',2,0);
INSERT INTO league_raceresult VALUES(1027,6,0,170,0,0,'Qualifying',9,0);
INSERT INTO league_raceresult VALUES(1028,7,0,170,0,0,'Qualifying',6,0);
INSERT INTO league_raceresult VALUES(1029,8,0,170,0,0,'Qualifying',8,0);
INSERT INTO league_raceresult VALUES(1030,9,0,170,0,0,'Qualifying',7,0);
INSERT INTO league_raceresult VALUES(1031,10,0,170,0,0,'Qualifying',16,0);
INSERT INTO league_raceresult VALUES(1032,11,0,170,0,0,'Qualifying',14,0);
INSERT INTO league_raceresult VALUES(1033,12,0,170,0,0,'Qualifying',10,0);
INSERT INTO league_raceresult VALUES(1034,13,0,170,0,0,'Qualifying',15,0);
INSERT INTO league_raceresult VALUES(1035,14,0,170,0,0,'Qualifying',13,0);
INSERT INTO league_raceresult VALUES(1036,15,0,170,0,0,'Qualifying',12,0);
INSERT INTO league_raceresult VALUES(1037,16,0,170,0,0,'Qualifying',19,0);
INSERT INTO league_raceresult VALUES(1038,17,0,170,0,0,'Qualifying',11,0);
INSERT INTO league_raceresult VALUES(1039,18,0,170,0,0,'Qualifying',20,0);
INSERT INTO league_raceresult VALUES(1040,19,0,170,0,0,'Qualifying',17,0);
INSERT INTO league_raceresult VALUES(1041,20,0,170,0,0,'Qualifying',18,0);
INSERT INTO league_raceresult VALUES(1042,1,26,170,0,1,'Race',1,0);
INSERT INTO league_raceresult VALUES(1043,2,18,170,0,0,'Race',2,0);
INSERT INTO league_raceresult VALUES(1044,3,15,170,0,0,'Race',3,0);
INSERT INTO league_raceresult VALUES(1045,4,12,170,0,0,'Race',4,0);
INSERT INTO league_raceresult VALUES(1046,5,10,170,0,0,'Race',5,0);
INSERT INTO league_raceresult VALUES(1047,6,8,170,0,0,'Race',6,0);
INSERT INTO league_raceresult VALUES(1048,7,6,170,0,0,'Race',7,0);
INSERT INTO league_raceresult VALUES(1049,8,4,170,0,0,'Race',8,0);
INSERT INTO league_raceresult VALUES(1050,9,2,170,0,0,'Race',9,0);
INSERT INTO league_raceresult VALUES(1051,10,1,170,0,0,'Race',10,0);
INSERT INTO league_raceresult VALUES(1052,11,0,170,0,0,'Race',11,0);
INSERT INTO league_raceresult VALUES(1053,12,0,170,0,0,'Race',12,0);
INSERT INTO league_raceresult VALUES(1054,13,0,170,0,0,'Race',13,0);
INSERT INTO league_raceresult VALUES(1055,14,0,170,0,0,'Race',14,0);
INSERT INTO league_raceresult VALUES(1056,15,0,170,0,0,'Race',15,0);
INSERT INTO league_raceresult VALUES(1057,16,0,170,0,0,'Race',16,0);
INSERT INTO league_raceresult VALUES(1058,17,0,170,0,0,'Race',17,0);
INSERT INTO league_raceresult VALUES(1059,18,0,170,0,0,'Race',18,0);
INSERT INTO league_raceresult VALUES(1060,19,0,170,0,0,'Race',19,0);
INSERT INTO league_raceresult VALUES(1061,20,0,170,0,0,'Race',20,0);
INSERT INTO league_raceresult VALUES(1062,1,0,123,0,0,'Qualifying',1,0);
INSERT INTO league_raceresult VALUES(1063,2,0,123,0,0,'Qualifying',4,0);
INSERT INTO league_raceresult VALUES(1064,3,0,123,0,0,'Qualifying',2,0);
INSERT INTO league_raceresult VALUES(1065,4,0,123,0,0,'Qualifying',9,0);
INSERT INTO league_raceresult VALUES(1066,5,0,123,0,0,'Qualifying',8,0);
INSERT INTO league_raceresult VALUES(1067,6,0,123,0,0,'Qualifying',6,0);
INSERT INTO league_raceresult VALUES(1068,7,0,123,0,0,'Qualifying',5,0);
INSERT INTO league_raceresult VALUES(1069,8,0,123,0,0,'Qualifying',7,0);
INSERT INTO league_raceresult VALUES(1070,9,0,123,0,0,'Qualifying',14,0);
INSERT INTO league_raceresult VALUES(1071,10,0,123,0,0,'Qualifying',10,0);
INSERT INTO league_raceresult VALUES(1072,11,0,123,0,0,'Qualifying',21,0);
INSERT INTO league_raceresult VALUES(1073,12,0,123,0,0,'Qualifying',15,0);
INSERT INTO league_raceresult VALUES(1074,13,0,123,0,0,'Qualifying',12,0);
INSERT INTO league_raceresult VALUES(1075,14,0,123,0,0,'Qualifying',13,0);
INSERT INTO league_raceresult VALUES(1076,15,0,123,0,0,'Qualifying',16,0);
INSERT INTO league_raceresult VALUES(1077,16,0,123,0,0,'Qualifying',19,0);
INSERT INTO league_raceresult VALUES(1078,17,0,123,0,0,'Qualifying',17,0);
INSERT INTO league_raceresult VALUES(1079,18,0,123,0,0,'Qualifying',18,0);
INSERT INTO league_raceresult VALUES(1080,19,0,123,0,0,'Qualifying',20,0);
INSERT INTO league_raceresult VALUES(1081,20,0,123,0,0,'Qualifying',11,0);
INSERT INTO league_raceresult VALUES(1082,1,25,123,0,0,'Race',1,0);
INSERT INTO league_raceresult VALUES(1083,2,18,123,0,0,'Race',2,0);
INSERT INTO league_raceresult VALUES(1084,3,16,123,0,1,'Race',4,0);
INSERT INTO league_raceresult VALUES(1085,4,12,123,0,0,'Race',8,0);
INSERT INTO league_raceresult VALUES(1086,5,10,123,0,0,'Race',9,0);
INSERT INTO league_raceresult VALUES(1087,6,8,123,0,0,'Race',5,0);
INSERT INTO league_raceresult VALUES(1088,7,6,123,0,0,'Race',21,1);
INSERT INTO league_raceresult VALUES(1089,8,4,123,0,0,'Race',6,0);
INSERT INTO league_raceresult VALUES(1090,9,2,123,0,0,'Race',7,0);
INSERT INTO league_raceresult VALUES(1091,10,1,123,0,0,'Race',16,0);
INSERT INTO league_raceresult VALUES(1092,11,0,123,0,0,'Race',15,0);
INSERT INTO league_raceresult VALUES(1093,12,0,123,0,0,'Race',12,0);
INSERT INTO league_raceresult VALUES(1094,13,0,123,0,0,'Race',17,0);
INSERT INTO league_raceresult VALUES(1095,14,0,123,0,0,'Race',20,0);
INSERT INTO league_raceresult VALUES(1096,15,0,123,0,0,'Race',14,0);
INSERT INTO league_raceresult VALUES(1097,16,0,123,0,0,'Race',13,0);
INSERT INTO league_raceresult VALUES(1098,17,0,123,0,0,'Race',19,0);
INSERT INTO league_raceresult VALUES(1099,18,0,123,0,0,'Race',11,0);
INSERT INTO league_raceresult VALUES(1100,19,0,123,0,0,'Race',10,0);
INSERT INTO league_raceresult VALUES(1101,20,0,123,0,0,'Race',18,0);
INSERT INTO league_raceresult VALUES(1102,1,0,147,0,0,'Qualifying',1,0);
INSERT INTO league_raceresult VALUES(1103,2,0,147,0,0,'Qualifying',4,0);
INSERT INTO league_raceresult VALUES(1104,3,0,147,0,0,'Qualifying',2,0);
INSERT INTO league_raceresult VALUES(1105,4,0,147,0,0,'Qualifying',9,0);
INSERT INTO league_raceresult VALUES(1106,5,0,147,0,0,'Qualifying',8,0);
INSERT INTO league_raceresult VALUES(1107,6,0,147,0,0,'Qualifying',6,0);
INSERT INTO league_raceresult VALUES(1108,7,0,147,0,0,'Qualifying',5,0);
INSERT INTO league_raceresult VALUES(1109,8,0,147,0,0,'Qualifying',7,0);
INSERT INTO league_raceresult VALUES(1110,9,0,147,0,0,'Qualifying',14,0);
INSERT INTO league_raceresult VALUES(1111,10,0,147,0,0,'Qualifying',10,0);
INSERT INTO league_raceresult VALUES(1112,11,0,147,0,0,'Qualifying',21,1);
INSERT INTO league_raceresult VALUES(1113,12,0,147,0,0,'Qualifying',15,0);
INSERT INTO league_raceresult VALUES(1114,13,0,147,0,0,'Qualifying',12,0);
INSERT INTO league_raceresult VALUES(1115,14,0,147,0,0,'Qualifying',13,0);
INSERT INTO league_raceresult VALUES(1116,15,0,147,0,0,'Qualifying',16,0);
INSERT INTO league_raceresult VALUES(1117,16,0,147,0,0,'Qualifying',19,0);
INSERT INTO league_raceresult VALUES(1118,17,0,147,0,0,'Qualifying',17,0);
INSERT INTO league_raceresult VALUES(1119,18,0,147,0,0,'Qualifying',18,0);
INSERT INTO league_raceresult VALUES(1120,19,0,147,0,0,'Qualifying',20,0);
INSERT INTO league_raceresult VALUES(1121,20,0,147,0,0,'Qualifying',11,0);
INSERT INTO league_raceresult VALUES(1122,1,25,147,0,0,'Race',1,0);
INSERT INTO league_raceresult VALUES(1123,2,18,147,0,0,'Race',2,0);
INSERT INTO league_raceresult VALUES(1124,3,16,147,0,1,'Race',4,0);
INSERT INTO league_raceresult VALUES(1125,4,12,147,0,0,'Race',8,0);
INSERT INTO league_raceresult VALUES(1126,5,10,147,0,0,'Race',9,0);
INSERT INTO league_raceresult VALUES(1127,6,8,147,0,0,'Race',5,0);
INSERT INTO league_raceresult VALUES(1128,7,6,147,0,0,'Race',21,1);
INSERT INTO league_raceresult VALUES(1129,8,4,147,0,0,'Race',6,0);
INSERT INTO league_raceresult VALUES(1130,9,2,147,0,0,'Race',7,0);
INSERT INTO league_raceresult VALUES(1131,10,1,147,0,0,'Race',16,0);
INSERT INTO league_raceresult VALUES(1132,11,0,147,0,0,'Race',15,0);
INSERT INTO league_raceresult VALUES(1133,12,0,147,0,0,'Race',12,0);
INSERT INTO league_raceresult VALUES(1134,13,0,147,0,0,'Race',17,0);
INSERT INTO league_raceresult VALUES(1135,14,0,147,0,0,'Race',20,0);
INSERT INTO league_raceresult VALUES(1136,15,0,147,0,0,'Race',14,0);
INSERT INTO league_raceresult VALUES(1137,16,0,147,0,0,'Race',13,0);
INSERT INTO league_raceresult VALUES(1138,17,0,147,0,0,'Race',19,0);
INSERT INTO league_raceresult VALUES(1139,18,0,147,0,0,'Race',11,0);
INSERT INTO league_raceresult VALUES(1140,19,0,147,0,0,'Race',10,0);
INSERT INTO league_raceresult VALUES(1141,20,0,147,0,0,'Race',18,0);
INSERT INTO league_raceresult VALUES(1142,1,0,171,0,0,'Qualifying',1,0);
INSERT INTO league_raceresult VALUES(1143,2,0,171,0,0,'Qualifying',4,0);
INSERT INTO league_raceresult VALUES(1144,3,0,171,0,0,'Qualifying',2,0);
INSERT INTO league_raceresult VALUES(1145,4,0,171,0,0,'Qualifying',9,0);
INSERT INTO league_raceresult VALUES(1146,5,0,171,0,0,'Qualifying',8,0);
INSERT INTO league_raceresult VALUES(1147,6,0,171,0,0,'Qualifying',6,0);
INSERT INTO league_raceresult VALUES(1148,7,0,171,0,0,'Qualifying',5,0);
INSERT INTO league_raceresult VALUES(1149,8,0,171,0,0,'Qualifying',7,0);
INSERT INTO league_raceresult VALUES(1150,9,0,171,0,0,'Qualifying',14,0);
INSERT INTO league_raceresult VALUES(1151,10,0,171,0,0,'Qualifying',10,0);
INSERT INTO league_raceresult VALUES(1152,11,0,171,0,0,'Qualifying',21,1);
INSERT INTO league_raceresult VALUES(1153,12,0,171,0,0,'Qualifying',15,0);
INSERT INTO league_raceresult VALUES(1154,13,0,171,0,0,'Qualifying',12,0);
INSERT INTO league_raceresult VALUES(1155,14,0,171,0,0,'Qualifying',13,0);
INSERT INTO league_raceresult VALUES(1156,15,0,171,0,0,'Qualifying',16,0);
INSERT INTO league_raceresult VALUES(1157,16,0,171,0,0,'Qualifying',19,0);
INSERT INTO league_raceresult VALUES(1158,17,0,171,0,0,'Qualifying',17,0);
INSERT INTO league_raceresult VALUES(1159,18,0,171,0,0,'Qualifying',18,0);
INSERT INTO league_raceresult VALUES(1160,19,0,171,0,0,'Qualifying',20,0);
INSERT INTO league_raceresult VALUES(1161,20,0,171,0,0,'Qualifying',11,0);
INSERT INTO league_raceresult VALUES(1162,1,25,171,0,0,'Race',1,0);
INSERT INTO league_raceresult VALUES(1163,2,18,171,0,0,'Race',2,0);
INSERT INTO league_raceresult VALUES(1164,3,16,171,0,1,'Race',4,0);
INSERT INTO league_raceresult VALUES(1165,4,12,171,0,0,'Race',8,0);
INSERT INTO league_raceresult VALUES(1166,5,10,171,0,0,'Race',9,0);
INSERT INTO league_raceresult VALUES(1167,6,8,171,0,0,'Race',5,0);
INSERT INTO league_raceresult VALUES(1168,7,6,171,0,0,'Race',21,0);
INSERT INTO league_raceresult VALUES(1169,8,4,171,0,0,'Race',6,0);
INSERT INTO league_raceresult VALUES(1170,9,2,171,0,0,'Race',7,0);
INSERT INTO league_raceresult VALUES(1171,10,1,171,0,0,'Race',16,0);
INSERT INTO league_raceresult VALUES(1172,11,0,171,0,0,'Race',15,0);
INSERT INTO league_raceresult VALUES(1173,12,0,171,0,0,'Race',12,0);
INSERT INTO league_raceresult VALUES(1174,13,0,171,0,0,'Race',17,0);
INSERT INTO league_raceresult VALUES(1175,14,0,171,0,0,'Race',20,0);
INSERT INTO league_raceresult VALUES(1176,15,0,171,0,0,'Race',14,0);
INSERT INTO league_raceresult VALUES(1177,16,0,171,0,0,'Race',13,0);
INSERT INTO league_raceresult VALUES(1178,17,0,171,0,0,'Race',19,0);
INSERT INTO league_raceresult VALUES(1179,18,0,171,0,0,'Race',11,0);
INSERT INTO league_raceresult VALUES(1180,19,0,171,0,0,'Race',10,0);
INSERT INTO league_raceresult VALUES(1181,20,0,171,0,0,'Race',18,0);
INSERT INTO league_raceresult VALUES(1182,1,0,124,0,0,'Qualifying',1,0);
INSERT INTO league_raceresult VALUES(1183,2,0,124,0,0,'Qualifying',3,0);
INSERT INTO league_raceresult VALUES(1184,3,0,124,0,0,'Qualifying',2,0);
INSERT INTO league_raceresult VALUES(1185,4,0,124,0,0,'Qualifying',6,0);
INSERT INTO league_raceresult VALUES(1186,5,0,124,0,0,'Qualifying',4,0);
INSERT INTO league_raceresult VALUES(1187,6,0,124,0,0,'Qualifying',8,0);
INSERT INTO league_raceresult VALUES(1188,7,0,124,0,0,'Qualifying',5,0);
INSERT INTO league_raceresult VALUES(1189,8,0,124,0,0,'Qualifying',14,0);
INSERT INTO league_raceresult VALUES(1190,9,0,124,0,0,'Qualifying',10,0);
INSERT INTO league_raceresult VALUES(1191,10,0,124,0,0,'Qualifying',9,0);
INSERT INTO league_raceresult VALUES(1192,11,0,124,0,0,'Qualifying',7,0);
INSERT INTO league_raceresult VALUES(1193,12,0,124,0,0,'Qualifying',15,0);
INSERT INTO league_raceresult VALUES(1194,13,0,124,0,0,'Qualifying',19,0);
INSERT INTO league_raceresult VALUES(1195,14,0,124,0,0,'Qualifying',12,0);
INSERT INTO league_raceresult VALUES(1196,15,0,124,0,0,'Qualifying',17,0);
INSERT INTO league_raceresult VALUES(1197,16,0,124,0,0,'Qualifying',16,0);
INSERT INTO league_raceresult VALUES(1198,17,0,124,0,0,'Qualifying',18,0);
INSERT INTO league_raceresult VALUES(1199,18,0,124,0,0,'Qualifying',13,0);
INSERT INTO league_raceresult VALUES(1200,19,0,124,0,0,'Qualifying',11,0);
INSERT INTO league_raceresult VALUES(1201,1,25,124,0,0,'Race',3,0);
INSERT INTO league_raceresult VALUES(1202,2,19,124,0,1,'Race',4,0);
INSERT INTO league_raceresult VALUES(1203,3,15,124,0,0,'Race',6,0);
INSERT INTO league_raceresult VALUES(1204,4,12,124,0,0,'Race',8,0);
INSERT INTO league_raceresult VALUES(1205,5,10,124,0,0,'Race',2,0);
INSERT INTO league_raceresult VALUES(1206,6,8,124,0,0,'Race',10,0);
INSERT INTO league_raceresult VALUES(1207,7,6,124,0,0,'Race',14,0);
INSERT INTO league_raceresult VALUES(1208,8,4,124,0,0,'Race',9,0);
INSERT INTO league_raceresult VALUES(1209,9,2,124,0,0,'Race',16,0);
INSERT INTO league_raceresult VALUES(1210,10,1,124,0,0,'Race',12,0);
INSERT INTO league_raceresult VALUES(1211,11,0,124,0,0,'Race',15,0);
INSERT INTO league_raceresult VALUES(1212,12,0,124,0,0,'Race',13,0);
INSERT INTO league_raceresult VALUES(1213,13,0,124,0,0,'Race',18,0);
INSERT INTO league_raceresult VALUES(1214,14,0,124,0,0,'Race',19,0);
INSERT INTO league_raceresult VALUES(1215,15,0,124,0,0,'Race',11,0);
INSERT INTO league_raceresult VALUES(1216,16,0,124,0,0,'Race',17,0);
INSERT INTO league_raceresult VALUES(1217,17,0,124,0,0,'Race',5,0);
INSERT INTO league_raceresult VALUES(1218,18,0,124,0,0,'Race',7,0);
INSERT INTO league_raceresult VALUES(1219,19,0,124,0,0,'Race',1,0);
INSERT INTO league_raceresult VALUES(1220,1,0,148,0,0,'Qualifying',1,0);
INSERT INTO league_raceresult VALUES(1221,2,0,148,0,0,'Qualifying',3,0);
INSERT INTO league_raceresult VALUES(1222,3,0,148,0,0,'Qualifying',2,0);
INSERT INTO league_raceresult VALUES(1223,4,0,148,0,0,'Qualifying',6,0);
INSERT INTO league_raceresult VALUES(1224,5,0,148,0,0,'Qualifying',4,0);
INSERT INTO league_raceresult VALUES(1225,6,0,148,0,0,'Qualifying',8,0);
INSERT INTO league_raceresult VALUES(1226,7,0,148,0,0,'Qualifying',5,0);
INSERT INTO league_raceresult VALUES(1227,8,0,148,0,0,'Qualifying',14,0);
INSERT INTO league_raceresult VALUES(1228,9,0,148,0,0,'Qualifying',10,0);
INSERT INTO league_raceresult VALUES(1229,10,0,148,0,0,'Qualifying',9,0);
INSERT INTO league_raceresult VALUES(1230,11,0,148,0,0,'Qualifying',7,0);
INSERT INTO league_raceresult VALUES(1231,12,0,148,0,0,'Qualifying',15,0);
INSERT INTO league_raceresult VALUES(1232,13,0,148,0,0,'Qualifying',19,0);
INSERT INTO league_raceresult VALUES(1233,14,0,148,0,0,'Qualifying',12,0);
INSERT INTO league_raceresult VALUES(1234,15,0,148,0,0,'Qualifying',17,0);
INSERT INTO league_raceresult VALUES(1235,16,0,148,0,0,'Qualifying',16,0);
INSERT INTO league_raceresult VALUES(1236,17,0,148,0,0,'Qualifying',18,0);
INSERT INTO league_raceresult VALUES(1237,18,0,148,0,0,'Qualifying',13,0);
INSERT INTO league_raceresult VALUES(1238,19,0,148,0,0,'Qualifying',11,0);
INSERT INTO league_raceresult VALUES(1239,1,25,148,0,0,'Race',3,0);
INSERT INTO league_raceresult VALUES(1240,2,19,148,0,1,'Race',4,0);
INSERT INTO league_raceresult VALUES(1241,3,15,148,0,0,'Race',6,0);
INSERT INTO league_raceresult VALUES(1242,4,12,148,0,0,'Race',8,0);
INSERT INTO league_raceresult VALUES(1243,5,10,148,0,0,'Race',2,0);
INSERT INTO league_raceresult VALUES(1244,6,8,148,0,0,'Race',10,0);
INSERT INTO league_raceresult VALUES(1245,7,6,148,0,0,'Race',14,0);
INSERT INTO league_raceresult VALUES(1246,8,4,148,0,0,'Race',9,0);
INSERT INTO league_raceresult VALUES(1247,9,2,148,0,0,'Race',16,0);
INSERT INTO league_raceresult VALUES(1248,10,1,148,0,0,'Race',12,0);
INSERT INTO league_raceresult VALUES(1249,11,0,148,0,0,'Race',15,0);
INSERT INTO league_raceresult VALUES(1250,12,0,148,0,0,'Race',13,0);
INSERT INTO league_raceresult VALUES(1251,13,0,148,0,0,'Race',18,0);
INSERT INTO league_raceresult VALUES(1252,14,0,148,0,0,'Race',19,0);
INSERT INTO league_raceresult VALUES(1253,15,0,148,0,0,'Race',11,0);
INSERT INTO league_raceresult VALUES(1254,16,0,148,0,0,'Race',17,0);
INSERT INTO league_raceresult VALUES(1255,17,0,148,0,0,'Race',5,0);
INSERT INTO league_raceresult VALUES(1256,18,0,148,0,0,'Race',7,0);
INSERT INTO league_raceresult VALUES(1257,19,0,148,0,0,'Race',1,0);
INSERT INTO league_raceresult VALUES(1258,1,0,172,0,0,'Qualifying',1,0);
INSERT INTO league_raceresult VALUES(1259,2,0,172,0,0,'Qualifying',3,0);
INSERT INTO league_raceresult VALUES(1260,3,0,172,0,0,'Qualifying',2,0);
INSERT INTO league_raceresult VALUES(1261,4,0,172,0,0,'Qualifying',6,0);
INSERT INTO league_raceresult VALUES(1262,5,0,172,0,0,'Qualifying',4,0);
INSERT INTO league_raceresult VALUES(1263,6,0,172,0,0,'Qualifying',8,0);
INSERT INTO league_raceresult VALUES(1264,7,0,172,0,0,'Qualifying',5,0);
INSERT INTO league_raceresult VALUES(1265,8,0,172,0,0,'Qualifying',14,0);
INSERT INTO league_raceresult VALUES(1266,9,0,172,0,0,'Qualifying',10,0);
INSERT INTO league_raceresult VALUES(1267,10,0,172,0,0,'Qualifying',9,0);
INSERT INTO league_raceresult VALUES(1268,11,0,172,0,0,'Qualifying',7,0);
INSERT INTO league_raceresult VALUES(1269,12,0,172,0,0,'Qualifying',15,0);
INSERT INTO league_raceresult VALUES(1270,13,0,172,0,0,'Qualifying',19,0);
INSERT INTO league_raceresult VALUES(1271,14,0,172,0,0,'Qualifying',12,0);
INSERT INTO league_raceresult VALUES(1272,15,0,172,0,0,'Qualifying',17,0);
INSERT INTO league_raceresult VALUES(1273,16,0,172,0,0,'Qualifying',16,0);
INSERT INTO league_raceresult VALUES(1274,17,0,172,0,0,'Qualifying',18,0);
INSERT INTO league_raceresult VALUES(1275,18,0,172,0,0,'Qualifying',13,0);
INSERT INTO league_raceresult VALUES(1276,19,0,172,0,0,'Qualifying',11,0);
INSERT INTO league_raceresult VALUES(1277,1,25,172,0,0,'Race',3,0);
INSERT INTO league_raceresult VALUES(1278,2,19,172,0,1,'Race',4,0);
INSERT INTO league_raceresult VALUES(1279,3,15,172,0,0,'Race',6,0);
INSERT INTO league_raceresult VALUES(1280,4,12,172,0,0,'Race',8,0);
INSERT INTO league_raceresult VALUES(1281,5,10,172,0,0,'Race',2,0);
INSERT INTO league_raceresult VALUES(1282,6,8,172,0,0,'Race',10,0);
INSERT INTO league_raceresult VALUES(1283,7,6,172,0,0,'Race',14,0);
INSERT INTO league_raceresult VALUES(1284,8,4,172,0,0,'Race',9,0);
INSERT INTO league_raceresult VALUES(1285,9,2,172,0,0,'Race',16,0);
INSERT INTO league_raceresult VALUES(1286,10,1,172,0,0,'Race',12,0);
INSERT INTO league_raceresult VALUES(1287,11,0,172,0,0,'Race',15,0);
INSERT INTO league_raceresult VALUES(1288,12,0,172,0,0,'Race',13,0);
INSERT INTO league_raceresult VALUES(1289,13,0,172,0,0,'Race',18,0);
INSERT INTO league_raceresult VALUES(1290,14,0,172,0,0,'Race',19,0);
INSERT INTO league_raceresult VALUES(1291,15,0,172,0,0,'Race',11,0);
INSERT INTO league_raceresult VALUES(1292,16,0,172,0,0,'Race',17,0);
INSERT INTO league_raceresult VALUES(1293,17,0,172,0,0,'Race',5,0);
INSERT INTO league_raceresult VALUES(1294,18,0,172,0,0,'Race',7,0);
INSERT INTO league_raceresult VALUES(1295,19,0,172,0,0,'Race',1,0);
INSERT INTO league_raceresult VALUES(1296,1,0,125,0,0,'Qualifying',1,0);
INSERT INTO league_raceresult VALUES(1297,2,0,125,0,0,'Qualifying',2,0);
INSERT INTO league_raceresult VALUES(1298,3,0,125,0,0,'Qualifying',6,0);
INSERT INTO league_raceresult VALUES(1299,4,0,125,0,0,'Qualifying',3,0);
INSERT INTO league_raceresult VALUES(1300,5,0,125,0,0,'Qualifying',9,0);
INSERT INTO league_raceresult VALUES(1301,6,0,125,0,0,'Qualifying',8,0);
INSERT INTO league_raceresult VALUES(1302,7,0,125,0,0,'Qualifying',7,0);
INSERT INTO league_raceresult VALUES(1303,8,0,125,0,0,'Qualifying',4,0);
INSERT INTO league_raceresult VALUES(1304,9,0,125,0,0,'Qualifying',5,0);
INSERT INTO league_raceresult VALUES(1305,10,0,125,0,0,'Qualifying',14,0);
INSERT INTO league_raceresult VALUES(1306,11,0,125,0,0,'Qualifying',13,0);
INSERT INTO league_raceresult VALUES(1307,12,0,125,0,0,'Qualifying',16,0);
INSERT INTO league_raceresult VALUES(1308,13,0,125,0,0,'Qualifying',19,0);
INSERT INTO league_raceresult VALUES(1309,14,0,125,0,0,'Qualifying',15,0);
INSERT INTO league_raceresult VALUES(1310,15,0,125,0,0,'Qualifying',17,0);
INSERT INTO league_raceresult VALUES(1311,16,0,125,0,0,'Qualifying',10,0);
INSERT INTO league_raceresult VALUES(1312,17,0,125,0,0,'Qualifying',18,0);
INSERT INTO league_raceresult VALUES(1313,18,0,125,0,0,'Qualifying',12,0);
INSERT INTO league_raceresult VALUES(1314,19,0,125,0,0,'Qualifying',20,0);
INSERT INTO league_raceresult VALUES(1315,20,0,125,0,0,'Qualifying',11,0);
INSERT INTO league_raceresult VALUES(1316,1,26,125,0,1,'Race',1,0);
INSERT INTO league_raceresult VALUES(1317,2,18,125,0,0,'Race',2,0);
INSERT INTO league_raceresult VALUES(1318,3,15,125,0,0,'Race',3,0);
INSERT INTO league_raceresult VALUES(1319,4,12,125,0,0,'Race',4,0);
INSERT INTO league_raceresult VALUES(1320,5,10,125,0,0,'Race',6,0);
INSERT INTO league_raceresult VALUES(1321,6,8,125,0,0,'Race',9,0);
INSERT INTO league_raceresult VALUES(1322,7,6,125,0,0,'Race',5,0);
INSERT INTO league_raceresult VALUES(1323,8,4,125,0,0,'Race',8,0);
INSERT INTO league_raceresult VALUES(1324,9,2,125,0,0,'Race',7,0);
INSERT INTO league_raceresult VALUES(1325,10,1,125,0,0,'Race',14,0);
INSERT INTO league_raceresult VALUES(1326,11,0,125,0,0,'Race',16,0);
INSERT INTO league_raceresult VALUES(1327,12,0,125,0,0,'Race',10,0);
INSERT INTO league_raceresult VALUES(1328,13,0,125,0,0,'Race',12,0);
INSERT INTO league_raceresult VALUES(1329,14,0,125,0,0,'Race',19,0);
INSERT INTO league_raceresult VALUES(1330,15,0,125,0,0,'Race',17,0);
INSERT INTO league_raceresult VALUES(1331,16,0,125,0,0,'Race',18,0);
INSERT INTO league_raceresult VALUES(1332,17,0,125,0,0,'Race',20,0);
INSERT INTO league_raceresult VALUES(1333,18,0,125,0,0,'Race',11,0);
INSERT INTO league_raceresult VALUES(1334,19,0,125,0,0,'Race',13,0);
INSERT INTO league_raceresult VALUES(1335,20,0,125,0,0,'Race',15,0);
INSERT INTO league_raceresult VALUES(1336,1,0,149,0,0,'Qualifying',1,0);
INSERT INTO league_raceresult VALUES(1337,2,0,149,0,0,'Qualifying',2,0);
INSERT INTO league_raceresult VALUES(1338,3,0,149,0,0,'Qualifying',6,0);
INSERT INTO league_raceresult VALUES(1339,4,0,149,0,0,'Qualifying',3,0);
INSERT INTO league_raceresult VALUES(1340,5,0,149,0,0,'Qualifying',9,0);
INSERT INTO league_raceresult VALUES(1341,6,0,149,0,0,'Qualifying',8,0);
INSERT INTO league_raceresult VALUES(1342,7,0,149,0,0,'Qualifying',7,0);
INSERT INTO league_raceresult VALUES(1343,8,0,149,0,0,'Qualifying',4,0);
INSERT INTO league_raceresult VALUES(1344,9,0,149,0,0,'Qualifying',5,0);
INSERT INTO league_raceresult VALUES(1345,10,0,149,0,0,'Qualifying',14,0);
INSERT INTO league_raceresult VALUES(1346,11,0,149,0,0,'Qualifying',13,0);
INSERT INTO league_raceresult VALUES(1347,12,0,149,0,0,'Qualifying',16,0);
INSERT INTO league_raceresult VALUES(1348,13,0,149,0,0,'Qualifying',19,0);
INSERT INTO league_raceresult VALUES(1349,14,0,149,0,0,'Qualifying',15,0);
INSERT INTO league_raceresult VALUES(1350,15,0,149,0,0,'Qualifying',17,0);
INSERT INTO league_raceresult VALUES(1351,16,0,149,0,0,'Qualifying',10,0);
INSERT INTO league_raceresult VALUES(1352,17,0,149,0,0,'Qualifying',18,0);
INSERT INTO league_raceresult VALUES(1353,18,0,149,0,0,'Qualifying',12,0);
INSERT INTO league_raceresult VALUES(1354,19,0,149,0,0,'Qualifying',20,0);
INSERT INTO league_raceresult VALUES(1355,20,0,149,0,0,'Qualifying',11,0);
INSERT INTO league_raceresult VALUES(1356,1,26,149,0,1,'Race',1,0);
INSERT INTO league_raceresult VALUES(1357,2,18,149,0,0,'Race',2,0);
INSERT INTO league_raceresult VALUES(1358,3,15,149,0,0,'Race',3,0);
INSERT INTO league_raceresult VALUES(1359,4,12,149,0,0,'Race',4,0);
INSERT INTO league_raceresult VALUES(1360,5,10,149,0,0,'Race',6,0);
INSERT INTO league_raceresult VALUES(1361,6,8,149,0,0,'Race',9,0);
INSERT INTO league_raceresult VALUES(1362,7,6,149,0,0,'Race',5,0);
INSERT INTO league_raceresult VALUES(1363,8,4,149,0,0,'Race',8,0);
INSERT INTO league_raceresult VALUES(1364,9,2,149,0,0,'Race',7,0);
INSERT INTO league_raceresult VALUES(1365,10,1,149,0,0,'Race',14,0);
INSERT INTO league_raceresult VALUES(1366,11,0,149,0,0,'Race',16,0);
INSERT INTO league_raceresult VALUES(1367,12,0,149,0,0,'Race',10,0);
INSERT INTO league_raceresult VALUES(1368,13,0,149,0,0,'Race',12,0);
INSERT INTO league_raceresult VALUES(1369,14,0,149,0,0,'Race',19,0);
INSERT INTO league_raceresult VALUES(1370,15,0,149,0,0,'Race',17,0);
INSERT INTO league_raceresult VALUES(1371,16,0,149,0,0,'Race',18,0);
INSERT INTO league_raceresult VALUES(1372,17,0,149,0,0,'Race',20,0);
INSERT INTO league_raceresult VALUES(1373,18,0,149,0,0,'Race',11,0);
INSERT INTO league_raceresult VALUES(1374,19,0,149,0,0,'Race',13,0);
INSERT INTO league_raceresult VALUES(1375,20,0,149,0,0,'Race',15,0);
INSERT INTO league_raceresult VALUES(1376,1,0,173,0,0,'Qualifying',1,0);
INSERT INTO league_raceresult VALUES(1377,2,0,173,0,0,'Qualifying',2,0);
INSERT INTO league_raceresult VALUES(1378,3,0,173,0,0,'Qualifying',6,0);
INSERT INTO league_raceresult VALUES(1379,4,0,173,0,0,'Qualifying',3,0);
INSERT INTO league_raceresult VALUES(1380,5,0,173,0,0,'Qualifying',9,0);
INSERT INTO league_raceresult VALUES(1381,6,0,173,0,0,'Qualifying',8,0);
INSERT INTO league_raceresult VALUES(1382,7,0,173,0,0,'Qualifying',7,0);
INSERT INTO league_raceresult VALUES(1383,8,0,173,0,0,'Qualifying',4,0);
INSERT INTO league_raceresult VALUES(1384,9,0,173,0,0,'Qualifying',5,0);
INSERT INTO league_raceresult VALUES(1385,10,0,173,0,0,'Qualifying',14,0);
INSERT INTO league_raceresult VALUES(1386,11,0,173,0,0,'Qualifying',13,0);
INSERT INTO league_raceresult VALUES(1387,12,0,173,0,0,'Qualifying',16,0);
INSERT INTO league_raceresult VALUES(1388,13,0,173,0,0,'Qualifying',19,0);
INSERT INTO league_raceresult VALUES(1389,14,0,173,0,0,'Qualifying',15,0);
INSERT INTO league_raceresult VALUES(1390,15,0,173,0,0,'Qualifying',17,0);
INSERT INTO league_raceresult VALUES(1391,16,0,173,0,0,'Qualifying',10,0);
INSERT INTO league_raceresult VALUES(1392,17,0,173,0,0,'Qualifying',18,0);
INSERT INTO league_raceresult VALUES(1393,18,0,173,0,0,'Qualifying',12,0);
INSERT INTO league_raceresult VALUES(1394,19,0,173,0,0,'Qualifying',20,0);
INSERT INTO league_raceresult VALUES(1395,20,0,173,0,0,'Qualifying',11,0);
INSERT INTO league_raceresult VALUES(1396,1,26,173,0,1,'Race',1,0);
INSERT INTO league_raceresult VALUES(1397,2,18,173,0,0,'Race',2,0);
INSERT INTO league_raceresult VALUES(1398,3,15,173,0,0,'Race',3,0);
INSERT INTO league_raceresult VALUES(1399,4,12,173,0,0,'Race',4,0);
INSERT INTO league_raceresult VALUES(1400,5,10,173,0,0,'Race',6,0);
INSERT INTO league_raceresult VALUES(1401,6,8,173,0,0,'Race',9,0);
INSERT INTO league_raceresult VALUES(1402,7,6,173,0,0,'Race',5,0);
INSERT INTO league_raceresult VALUES(1403,8,4,173,0,0,'Race',8,0);
INSERT INTO league_raceresult VALUES(1404,9,2,173,0,0,'Race',7,0);
INSERT INTO league_raceresult VALUES(1405,10,1,173,0,0,'Race',14,0);
INSERT INTO league_raceresult VALUES(1406,11,0,173,0,0,'Race',16,0);
INSERT INTO league_raceresult VALUES(1407,12,0,173,0,0,'Race',10,0);
INSERT INTO league_raceresult VALUES(1408,13,0,173,0,0,'Race',12,0);
INSERT INTO league_raceresult VALUES(1409,14,0,173,0,0,'Race',19,0);
INSERT INTO league_raceresult VALUES(1410,15,0,173,0,0,'Race',17,0);
INSERT INTO league_raceresult VALUES(1411,16,0,173,0,0,'Race',18,0);
INSERT INTO league_raceresult VALUES(1412,17,0,173,0,0,'Race',20,0);
INSERT INTO league_raceresult VALUES(1413,18,0,173,0,0,'Race',11,0);
INSERT INTO league_raceresult VALUES(1414,19,0,173,0,0,'Race',13,0);
INSERT INTO league_raceresult VALUES(1415,20,0,173,0,0,'Race',15,0);
INSERT INTO league_raceresult VALUES(1416,1,0,126,0,0,'Qualifying',1,0);
INSERT INTO league_raceresult VALUES(1417,2,0,126,0,0,'Qualifying',2,0);
INSERT INTO league_raceresult VALUES(1418,3,0,126,0,0,'Qualifying',9,0);
INSERT INTO league_raceresult VALUES(1419,4,0,126,0,0,'Qualifying',6,0);
INSERT INTO league_raceresult VALUES(1420,5,0,126,0,0,'Qualifying',8,0);
INSERT INTO league_raceresult VALUES(1421,6,0,126,0,0,'Qualifying',4,0);
INSERT INTO league_raceresult VALUES(1422,7,0,126,0,0,'Qualifying',3,0);
INSERT INTO league_raceresult VALUES(1423,8,0,126,0,0,'Qualifying',5,0);
INSERT INTO league_raceresult VALUES(1424,9,0,126,0,0,'Qualifying',16,0);
INSERT INTO league_raceresult VALUES(1425,10,0,126,0,0,'Qualifying',19,0);
INSERT INTO league_raceresult VALUES(1426,11,0,126,0,0,'Qualifying',10,0);
INSERT INTO league_raceresult VALUES(1427,12,0,126,0,0,'Qualifying',13,0);
INSERT INTO league_raceresult VALUES(1428,13,0,126,0,0,'Qualifying',17,0);
INSERT INTO league_raceresult VALUES(1429,14,0,126,0,0,'Qualifying',15,0);
INSERT INTO league_raceresult VALUES(1430,15,0,126,0,0,'Qualifying',18,0);
INSERT INTO league_raceresult VALUES(1431,16,0,126,0,0,'Qualifying',11,0);
INSERT INTO league_raceresult VALUES(1432,17,0,126,0,0,'Qualifying',12,0);
INSERT INTO league_raceresult VALUES(1433,18,0,126,0,0,'Qualifying',7,0);
INSERT INTO league_raceresult VALUES(1434,19,0,126,0,0,'Qualifying',14,0);
INSERT INTO league_raceresult VALUES(1435,20,0,126,0,0,'Qualifying',20,0);
INSERT INTO league_raceresult VALUES(1436,1,8,126,0,0,'Sprint',1,0);
INSERT INTO league_raceresult VALUES(1437,2,7,126,0,0,'Sprint',7,0);
INSERT INTO league_raceresult VALUES(1438,3,6,126,0,0,'Sprint',2,0);
INSERT INTO league_raceresult VALUES(1439,4,5,126,0,0,'Sprint',4,0);
INSERT INTO league_raceresult VALUES(1440,5,4,126,0,0,'Sprint',3,0);
INSERT INTO league_raceresult VALUES(1441,6,3,126,0,0,'Sprint',6,0);
INSERT INTO league_raceresult VALUES(1442,7,2,126,0,0,'Sprint',8,0);
INSERT INTO league_raceresult VALUES(1443,8,1,126,0,0,'Sprint',5,0);
INSERT INTO league_raceresult VALUES(1444,9,0,126,0,0,'Sprint',11,0);
INSERT INTO league_raceresult VALUES(1445,10,0,126,0,0,'Sprint',12,0);
INSERT INTO league_raceresult VALUES(1446,11,0,126,0,0,'Sprint',13,0);
INSERT INTO league_raceresult VALUES(1447,12,0,126,0,0,'Sprint',19,0);
INSERT INTO league_raceresult VALUES(1448,13,0,126,0,0,'Sprint',17,0);
INSERT INTO league_raceresult VALUES(1449,14,0,126,0,0,'Sprint',10,0);
INSERT INTO league_raceresult VALUES(1450,15,0,126,0,0,'Sprint',18,0);
INSERT INTO league_raceresult VALUES(1451,16,0,126,0,0,'Sprint',14,0);
INSERT INTO league_raceresult VALUES(1452,17,0,126,0,0,'Sprint',15,0);
INSERT INTO league_raceresult VALUES(1453,18,0,126,0,0,'Sprint',20,0);
INSERT INTO league_raceresult VALUES(1454,19,0,126,0,0,'Sprint',16,0);
INSERT INTO league_raceresult VALUES(1455,20,0,126,0,0,'Sprint',9,0);
INSERT INTO league_raceresult VALUES(1456,1,25,126,0,0,'Race',1,0);
INSERT INTO league_raceresult VALUES(1457,2,18,126,0,0,'Race',6,0);
INSERT INTO league_raceresult VALUES(1458,3,15,126,0,0,'Race',2,0);
INSERT INTO league_raceresult VALUES(1459,4,12,126,0,0,'Race',4,0);
INSERT INTO league_raceresult VALUES(1460,5,10,126,0,0,'Race',3,0);
INSERT INTO league_raceresult VALUES(1461,6,8,126,0,0,'Race',5,0);
INSERT INTO league_raceresult VALUES(1462,7,7,126,0,1,'Race',9,0);
INSERT INTO league_raceresult VALUES(1463,8,4,126,0,0,'Race',8,0);
INSERT INTO league_raceresult VALUES(1464,9,2,126,0,0,'Race',7,0);
INSERT INTO league_raceresult VALUES(1465,10,1,126,0,0,'Race',16,0);
INSERT INTO league_raceresult VALUES(1466,11,0,126,0,0,'Race',17,0);
INSERT INTO league_raceresult VALUES(1467,12,0,126,0,0,'Race',15,0);
INSERT INTO league_raceresult VALUES(1468,13,0,126,0,0,'Race',18,0);
INSERT INTO league_raceresult VALUES(1469,14,0,126,0,0,'Race',11,0);
INSERT INTO league_raceresult VALUES(1470,15,0,126,0,0,'Race',10,0);
INSERT INTO league_raceresult VALUES(1471,16,0,126,0,0,'Race',12,0);
INSERT INTO league_raceresult VALUES(1472,17,0,126,0,0,'Race',20,0);
INSERT INTO league_raceresult VALUES(1473,18,0,126,0,0,'Race',13,0);
INSERT INTO league_raceresult VALUES(1474,19,0,126,0,0,'Race',14,0);
INSERT INTO league_raceresult VALUES(1475,20,0,126,0,0,'Race',19,0);
INSERT INTO league_raceresult VALUES(1476,1,0,150,0,0,'Qualifying',1,0);
INSERT INTO league_raceresult VALUES(1477,2,0,150,0,0,'Qualifying',2,0);
INSERT INTO league_raceresult VALUES(1478,3,0,150,0,0,'Qualifying',9,0);
INSERT INTO league_raceresult VALUES(1479,4,0,150,0,0,'Qualifying',6,0);
INSERT INTO league_raceresult VALUES(1480,5,0,150,0,0,'Qualifying',8,0);
INSERT INTO league_raceresult VALUES(1481,6,0,150,0,0,'Qualifying',4,0);
INSERT INTO league_raceresult VALUES(1482,7,0,150,0,0,'Qualifying',3,0);
INSERT INTO league_raceresult VALUES(1483,8,0,150,0,0,'Qualifying',5,0);
INSERT INTO league_raceresult VALUES(1484,9,0,150,0,0,'Qualifying',16,0);
INSERT INTO league_raceresult VALUES(1485,10,0,150,0,0,'Qualifying',19,0);
INSERT INTO league_raceresult VALUES(1486,11,0,150,0,0,'Qualifying',10,0);
INSERT INTO league_raceresult VALUES(1487,12,0,150,0,0,'Qualifying',13,0);
INSERT INTO league_raceresult VALUES(1488,13,0,150,0,0,'Qualifying',17,0);
INSERT INTO league_raceresult VALUES(1489,14,0,150,0,0,'Qualifying',15,0);
INSERT INTO league_raceresult VALUES(1490,15,0,150,0,0,'Qualifying',18,0);
INSERT INTO league_raceresult VALUES(1491,16,0,150,0,0,'Qualifying',11,0);
INSERT INTO league_raceresult VALUES(1492,17,0,150,0,0,'Qualifying',12,0);
INSERT INTO league_raceresult VALUES(1493,18,0,150,0,0,'Qualifying',7,0);
INSERT INTO league_raceresult VALUES(1494,19,0,150,0,0,'Qualifying',14,0);
INSERT INTO league_raceresult VALUES(1495,20,0,150,0,0,'Qualifying',20,0);
INSERT INTO league_raceresult VALUES(1496,1,8,150,0,0,'Sprint',1,0);
INSERT INTO league_raceresult VALUES(1497,2,7,150,0,0,'Sprint',7,0);
INSERT INTO league_raceresult VALUES(1498,3,6,150,0,0,'Sprint',2,0);
INSERT INTO league_raceresult VALUES(1499,4,5,150,0,0,'Sprint',4,0);
INSERT INTO league_raceresult VALUES(1500,5,4,150,0,0,'Sprint',3,0);
INSERT INTO league_raceresult VALUES(1501,6,3,150,0,0,'Sprint',6,0);
INSERT INTO league_raceresult VALUES(1502,7,2,150,0,0,'Sprint',8,0);
INSERT INTO league_raceresult VALUES(1503,8,1,150,0,0,'Sprint',5,0);
INSERT INTO league_raceresult VALUES(1504,9,0,150,0,0,'Sprint',11,0);
INSERT INTO league_raceresult VALUES(1505,10,0,150,0,0,'Sprint',12,0);
INSERT INTO league_raceresult VALUES(1506,11,0,150,0,0,'Sprint',13,0);
INSERT INTO league_raceresult VALUES(1507,12,0,150,0,0,'Sprint',19,0);
INSERT INTO league_raceresult VALUES(1508,13,0,150,0,0,'Sprint',17,0);
INSERT INTO league_raceresult VALUES(1509,14,0,150,0,0,'Sprint',10,0);
INSERT INTO league_raceresult VALUES(1510,15,0,150,0,0,'Sprint',18,0);
INSERT INTO league_raceresult VALUES(1511,16,0,150,0,0,'Sprint',14,0);
INSERT INTO league_raceresult VALUES(1512,17,0,150,0,0,'Sprint',15,0);
INSERT INTO league_raceresult VALUES(1513,18,0,150,0,0,'Sprint',20,0);
INSERT INTO league_raceresult VALUES(1514,19,0,150,0,0,'Sprint',16,0);
INSERT INTO league_raceresult VALUES(1515,20,0,150,0,0,'Sprint',9,0);
INSERT INTO league_raceresult VALUES(1516,1,25,150,0,0,'Race',1,0);
INSERT INTO league_raceresult VALUES(1517,2,18,150,0,0,'Race',6,0);
INSERT INTO league_raceresult VALUES(1518,3,15,150,0,0,'Race',2,0);
INSERT INTO league_raceresult VALUES(1519,4,12,150,0,0,'Race',4,0);
INSERT INTO league_raceresult VALUES(1520,5,10,150,0,0,'Race',3,0);
INSERT INTO league_raceresult VALUES(1521,6,8,150,0,0,'Race',5,0);
INSERT INTO league_raceresult VALUES(1522,7,7,150,0,1,'Race',9,0);
INSERT INTO league_raceresult VALUES(1523,8,4,150,0,0,'Race',8,0);
INSERT INTO league_raceresult VALUES(1524,9,2,150,0,0,'Race',7,0);
INSERT INTO league_raceresult VALUES(1525,10,1,150,0,0,'Race',16,0);
INSERT INTO league_raceresult VALUES(1526,11,0,150,0,0,'Race',17,0);
INSERT INTO league_raceresult VALUES(1527,12,0,150,0,0,'Race',15,0);
INSERT INTO league_raceresult VALUES(1528,13,0,150,0,0,'Race',18,0);
INSERT INTO league_raceresult VALUES(1529,14,0,150,0,0,'Race',11,0);
INSERT INTO league_raceresult VALUES(1530,15,0,150,0,0,'Race',10,0);
INSERT INTO league_raceresult VALUES(1531,16,0,150,0,0,'Race',12,0);
INSERT INTO league_raceresult VALUES(1532,17,0,150,0,0,'Race',20,0);
INSERT INTO league_raceresult VALUES(1533,18,0,150,0,0,'Race',13,0);
INSERT INTO league_raceresult VALUES(1534,19,0,150,0,0,'Race',14,0);
INSERT INTO league_raceresult VALUES(1535,20,0,150,0,0,'Race',19,0);
INSERT INTO league_raceresult VALUES(1536,1,0,174,0,0,'Qualifying',1,0);
INSERT INTO league_raceresult VALUES(1537,2,0,174,0,0,'Qualifying',2,0);
INSERT INTO league_raceresult VALUES(1538,3,0,174,0,0,'Qualifying',9,0);
INSERT INTO league_raceresult VALUES(1539,4,0,174,0,0,'Qualifying',6,0);
INSERT INTO league_raceresult VALUES(1540,5,0,174,0,0,'Qualifying',8,0);
INSERT INTO league_raceresult VALUES(1541,6,0,174,0,0,'Qualifying',4,0);
INSERT INTO league_raceresult VALUES(1542,7,0,174,0,0,'Qualifying',3,0);
INSERT INTO league_raceresult VALUES(1543,8,0,174,0,0,'Qualifying',5,0);
INSERT INTO league_raceresult VALUES(1544,9,0,174,0,0,'Qualifying',16,0);
INSERT INTO league_raceresult VALUES(1545,10,0,174,0,0,'Qualifying',19,0);
INSERT INTO league_raceresult VALUES(1546,11,0,174,0,0,'Qualifying',10,0);
INSERT INTO league_raceresult VALUES(1547,12,0,174,0,0,'Qualifying',13,0);
INSERT INTO league_raceresult VALUES(1548,13,0,174,0,0,'Qualifying',17,0);
INSERT INTO league_raceresult VALUES(1549,14,0,174,0,0,'Qualifying',15,0);
INSERT INTO league_raceresult VALUES(1550,15,0,174,0,0,'Qualifying',18,0);
INSERT INTO league_raceresult VALUES(1551,16,0,174,0,0,'Qualifying',11,0);
INSERT INTO league_raceresult VALUES(1552,17,0,174,0,0,'Qualifying',12,0);
INSERT INTO league_raceresult VALUES(1553,18,0,174,0,0,'Qualifying',7,0);
INSERT INTO league_raceresult VALUES(1554,19,0,174,0,0,'Qualifying',14,0);
INSERT INTO league_raceresult VALUES(1555,20,0,174,0,0,'Qualifying',20,0);
INSERT INTO league_raceresult VALUES(1556,1,8,174,0,0,'Sprint',1,0);
INSERT INTO league_raceresult VALUES(1557,2,7,174,0,0,'Sprint',7,0);
INSERT INTO league_raceresult VALUES(1558,3,6,174,0,0,'Sprint',2,0);
INSERT INTO league_raceresult VALUES(1559,4,5,174,0,0,'Sprint',4,0);
INSERT INTO league_raceresult VALUES(1560,5,4,174,0,0,'Sprint',3,0);
INSERT INTO league_raceresult VALUES(1561,6,3,174,0,0,'Sprint',6,0);
INSERT INTO league_raceresult VALUES(1562,7,2,174,0,0,'Sprint',8,0);
INSERT INTO league_raceresult VALUES(1563,8,1,174,0,0,'Sprint',5,0);
INSERT INTO league_raceresult VALUES(1564,9,0,174,0,0,'Sprint',11,0);
INSERT INTO league_raceresult VALUES(1565,10,0,174,0,0,'Sprint',12,0);
INSERT INTO league_raceresult VALUES(1566,11,0,174,0,0,'Sprint',13,0);
INSERT INTO league_raceresult VALUES(1567,12,0,174,0,0,'Sprint',19,0);
INSERT INTO league_raceresult VALUES(1568,13,0,174,0,0,'Sprint',17,0);
INSERT INTO league_raceresult VALUES(1569,14,0,174,0,0,'Sprint',10,0);
INSERT INTO league_raceresult VALUES(1570,15,0,174,0,0,'Sprint',18,0);
INSERT INTO league_raceresult VALUES(1571,16,0,174,0,0,'Sprint',14,0);
INSERT INTO league_raceresult VALUES(1572,17,0,174,0,0,'Sprint',15,0);
INSERT INTO league_raceresult VALUES(1573,18,0,174,0,0,'Sprint',20,0);
INSERT INTO league_raceresult VALUES(1574,19,0,174,0,0,'Sprint',16,0);
INSERT INTO league_raceresult VALUES(1575,20,0,174,0,0,'Sprint',9,0);
INSERT INTO league_raceresult VALUES(1576,1,25,174,0,0,'Race',1,0);
INSERT INTO league_raceresult VALUES(1577,2,18,174,0,0,'Race',6,0);
INSERT INTO league_raceresult VALUES(1578,3,15,174,0,0,'Race',2,0);
INSERT INTO league_raceresult VALUES(1579,4,12,174,0,0,'Race',4,0);
INSERT INTO league_raceresult VALUES(1580,5,10,174,0,0,'Race',3,0);
INSERT INTO league_raceresult VALUES(1581,6,8,174,0,0,'Race',5,0);
INSERT INTO league_raceresult VALUES(1582,7,7,174,0,1,'Race',9,0);
INSERT INTO league_raceresult VALUES(1583,8,4,174,0,0,'Race',8,0);
INSERT INTO league_raceresult VALUES(1584,9,2,174,0,0,'Race',7,0);
INSERT INTO league_raceresult VALUES(1585,10,1,174,0,0,'Race',16,0);
INSERT INTO league_raceresult VALUES(1586,11,0,174,0,0,'Race',17,0);
INSERT INTO league_raceresult VALUES(1587,12,0,174,0,0,'Race',15,0);
INSERT INTO league_raceresult VALUES(1588,13,0,174,0,0,'Race',18,0);
INSERT INTO league_raceresult VALUES(1589,14,0,174,0,0,'Race',11,0);
INSERT INTO league_raceresult VALUES(1590,15,0,174,0,0,'Race',10,0);
INSERT INTO league_raceresult VALUES(1591,16,0,174,0,0,'Race',12,0);
INSERT INTO league_raceresult VALUES(1592,17,0,174,0,0,'Race',20,0);
INSERT INTO league_raceresult VALUES(1593,18,0,174,0,0,'Race',13,0);
INSERT INTO league_raceresult VALUES(1594,19,0,174,0,0,'Race',14,0);
INSERT INTO league_raceresult VALUES(1595,20,0,174,0,0,'Race',19,0);
INSERT INTO league_raceresult VALUES(1596,1,0,127,0,0,'Qualifying',1,0);
INSERT INTO league_raceresult VALUES(1597,2,0,127,0,0,'Qualifying',4,0);
INSERT INTO league_raceresult VALUES(1598,3,0,127,0,0,'Qualifying',3,0);
INSERT INTO league_raceresult VALUES(1599,4,0,127,0,0,'Qualifying',2,0);
INSERT INTO league_raceresult VALUES(1600,5,0,127,0,0,'Qualifying',6,0);
INSERT INTO league_raceresult VALUES(1601,6,0,127,0,0,'Qualifying',8,0);
INSERT INTO league_raceresult VALUES(1602,7,0,127,0,0,'Qualifying',5,0);
INSERT INTO league_raceresult VALUES(1603,8,0,127,0,0,'Qualifying',7,0);
INSERT INTO league_raceresult VALUES(1604,9,0,127,0,0,'Qualifying',16,0);
INSERT INTO league_raceresult VALUES(1605,10,0,127,0,0,'Qualifying',14,0);
INSERT INTO league_raceresult VALUES(1606,11,0,127,0,0,'Qualifying',10,0);
INSERT INTO league_raceresult VALUES(1607,12,0,127,0,0,'Qualifying',18,0);
INSERT INTO league_raceresult VALUES(1608,13,0,127,0,0,'Qualifying',17,0);
INSERT INTO league_raceresult VALUES(1609,14,0,127,0,0,'Qualifying',15,0);
INSERT INTO league_raceresult VALUES(1610,15,0,127,0,0,'Qualifying',9,0);
INSERT INTO league_raceresult VALUES(1611,16,0,127,0,0,'Qualifying',19,0);
INSERT INTO league_raceresult VALUES(1612,17,0,127,0,0,'Qualifying',20,0);
INSERT INTO league_raceresult VALUES(1613,18,0,127,0,0,'Qualifying',13,0);
INSERT INTO league_raceresult VALUES(1614,19,0,127,0,0,'Qualifying',12,0);
INSERT INTO league_raceresult VALUES(1615,20,0,127,0,0,'Qualifying',11,0);
INSERT INTO league_raceresult VALUES(1616,1,8,127,0,0,'Sprint',1,0);
INSERT INTO league_raceresult VALUES(1617,2,7,127,0,0,'Sprint',4,0);
INSERT INTO league_raceresult VALUES(1618,3,6,127,0,0,'Sprint',2,0);
INSERT INTO league_raceresult VALUES(1619,4,5,127,0,0,'Sprint',13,0);
INSERT INTO league_raceresult VALUES(1620,5,4,127,0,0,'Sprint',3,0);
INSERT INTO league_raceresult VALUES(1621,6,3,127,0,0,'Sprint',8,0);
INSERT INTO league_raceresult VALUES(1622,7,2,127,0,0,'Sprint',16,0);
INSERT INTO league_raceresult VALUES(1623,8,1,127,0,0,'Sprint',14,0);
INSERT INTO league_raceresult VALUES(1624,9,0,127,0,0,'Sprint',18,0);
INSERT INTO league_raceresult VALUES(1625,10,0,127,0,0,'Sprint',20,0);
INSERT INTO league_raceresult VALUES(1626,11,0,127,0,0,'Sprint',11,0);
INSERT INTO league_raceresult VALUES(1627,12,0,127,0,0,'Sprint',5,0);
INSERT INTO league_raceresult VALUES(1628,13,0,127,0,0,'Sprint',15,0);
INSERT INTO league_raceresult VALUES(1629,14,0,127,0,0,'Sprint',19,0);
INSERT INTO league_raceresult VALUES(1630,15,0,127,0,0,'Sprint',17,0);
INSERT INTO league_raceresult VALUES(1631,16,0,127,0,0,'Sprint',7,0);
INSERT INTO league_raceresult VALUES(1632,17,0,127,0,0,'Sprint',9,0);
INSERT INTO league_raceresult VALUES(1633,18,0,127,0,0,'Sprint',12,0);
INSERT INTO league_raceresult VALUES(1634,19,0,127,0,0,'Sprint',10,0);
INSERT INTO league_raceresult VALUES(1635,20,0,127,0,0,'Sprint',6,0);
INSERT INTO league_raceresult VALUES(1636,1,25,127,0,0,'Race',6,0);
INSERT INTO league_raceresult VALUES(1637,2,18,127,0,0,'Race',1,0);
INSERT INTO league_raceresult VALUES(1638,3,15,127,0,0,'Race',4,0);
INSERT INTO league_raceresult VALUES(1639,4,12,127,0,0,'Race',2,0);
INSERT INTO league_raceresult VALUES(1640,5,10,127,0,0,'Race',3,0);
INSERT INTO league_raceresult VALUES(1641,6,8,127,0,0,'Race',7,0);
INSERT INTO league_raceresult VALUES(1642,7,6,127,0,0,'Race',14,0);
INSERT INTO league_raceresult VALUES(1643,8,4,127,0,0,'Race',5,0);
INSERT INTO league_raceresult VALUES(1644,9,2,127,0,0,'Race',9,0);
INSERT INTO league_raceresult VALUES(1645,10,1,127,0,0,'Race',17,0);
INSERT INTO league_raceresult VALUES(1646,11,0,127,0,0,'Race',16,0);
INSERT INTO league_raceresult VALUES(1647,12,0,127,0,0,'Race',18,0);
INSERT INTO league_raceresult VALUES(1648,13,0,127,0,1,'Race',8,0);
INSERT INTO league_raceresult VALUES(1649,14,0,127,0,0,'Race',11,0);
INSERT INTO league_raceresult VALUES(1650,15,0,127,0,0,'Race',13,0);
INSERT INTO league_raceresult VALUES(1651,16,0,127,0,0,'Race',19,0);
INSERT INTO league_raceresult VALUES(1652,17,0,127,0,0,'Race',10,0);
INSERT INTO league_raceresult VALUES(1653,18,0,127,0,0,'Race',15,0);
INSERT INTO league_raceresult VALUES(1654,19,0,127,0,0,'Race',12,0);
INSERT INTO league_raceresult VALUES(1655,20,0,127,0,0,'Race',20,0);
INSERT INTO league_raceresult VALUES(1656,1,0,151,0,0,'Qualifying',1,0);
INSERT INTO league_raceresult VALUES(1657,2,0,151,0,0,'Qualifying',4,0);
INSERT INTO league_raceresult VALUES(1658,3,0,151,0,0,'Qualifying',3,0);
INSERT INTO league_raceresult VALUES(1659,4,0,151,0,0,'Qualifying',2,0);
INSERT INTO league_raceresult VALUES(1660,5,0,151,0,0,'Qualifying',6,0);
INSERT INTO league_raceresult VALUES(1661,6,0,151,0,0,'Qualifying',8,0);
INSERT INTO league_raceresult VALUES(1662,7,0,151,0,0,'Qualifying',5,0);
INSERT INTO league_raceresult VALUES(1663,8,0,151,0,0,'Qualifying',7,0);
INSERT INTO league_raceresult VALUES(1664,9,0,151,0,0,'Qualifying',16,0);
INSERT INTO league_raceresult VALUES(1665,10,0,151,0,0,'Qualifying',14,0);
INSERT INTO league_raceresult VALUES(1666,11,0,151,0,0,'Qualifying',10,0);
INSERT INTO league_raceresult VALUES(1667,12,0,151,0,0,'Qualifying',18,0);
INSERT INTO league_raceresult VALUES(1668,13,0,151,0,0,'Qualifying',17,0);
INSERT INTO league_raceresult VALUES(1669,14,0,151,0,0,'Qualifying',15,0);
INSERT INTO league_raceresult VALUES(1670,15,0,151,0,0,'Qualifying',9,0);
INSERT INTO league_raceresult VALUES(1671,16,0,151,0,0,'Qualifying',19,0);
INSERT INTO league_raceresult VALUES(1672,17,0,151,0,0,'Qualifying',20,0);
INSERT INTO league_raceresult VALUES(1673,18,0,151,0,0,'Qualifying',13,0);
INSERT INTO league_raceresult VALUES(1674,19,0,151,0,0,'Qualifying',12,0);
INSERT INTO league_raceresult VALUES(1675,20,0,151,0,0,'Qualifying',11,0);
INSERT INTO league_raceresult VALUES(1676,1,8,151,0,0,'Sprint',1,0);
INSERT INTO league_raceresult VALUES(1677,2,7,151,0,0,'Sprint',4,0);
INSERT INTO league_raceresult VALUES(1678,3,6,151,0,0,'Sprint',2,0);
INSERT INTO league_raceresult VALUES(1679,4,5,151,0,0,'Sprint',13,0);
INSERT INTO league_raceresult VALUES(1680,5,4,151,0,0,'Sprint',3,0);
INSERT INTO league_raceresult VALUES(1681,6,3,151,0,0,'Sprint',8,0);
INSERT INTO league_raceresult VALUES(1682,7,2,151,0,0,'Sprint',16,0);
INSERT INTO league_raceresult VALUES(1683,8,1,151,0,0,'Sprint',14,0);
INSERT INTO league_raceresult VALUES(1684,9,0,151,0,0,'Sprint',18,0);
INSERT INTO league_raceresult VALUES(1685,10,0,151,0,0,'Sprint',20,0);
INSERT INTO league_raceresult VALUES(1686,11,0,151,0,0,'Sprint',11,0);
INSERT INTO league_raceresult VALUES(1687,12,0,151,0,0,'Sprint',5,0);
INSERT INTO league_raceresult VALUES(1688,13,0,151,0,0,'Sprint',15,0);
INSERT INTO league_raceresult VALUES(1689,14,0,151,0,0,'Sprint',19,0);
INSERT INTO league_raceresult VALUES(1690,15,0,151,0,0,'Sprint',17,0);
INSERT INTO league_raceresult VALUES(1691,16,0,151,0,0,'Sprint',7,0);
INSERT INTO league_raceresult VALUES(1692,17,0,151,0,0,'Sprint',9,0);
INSERT INTO league_raceresult VALUES(1693,18,0,151,0,0,'Sprint',12,0);
INSERT INTO league_raceresult VALUES(1694,19,0,151,0,0,'Sprint',10,0);
INSERT INTO league_raceresult VALUES(1695,20,0,151,0,0,'Sprint',6,0);
INSERT INTO league_raceresult VALUES(1696,1,25,151,0,0,'Race',6,0);
INSERT INTO league_raceresult VALUES(1697,2,18,151,0,0,'Race',1,0);
INSERT INTO league_raceresult VALUES(1698,3,15,151,0,0,'Race',4,0);
INSERT INTO league_raceresult VALUES(1699,4,12,151,0,0,'Race',2,0);
INSERT INTO league_raceresult VALUES(1700,5,10,151,0,0,'Race',3,0);
INSERT INTO league_raceresult VALUES(1701,6,8,151,0,0,'Race',7,0);
INSERT INTO league_raceresult VALUES(1702,7,6,151,0,0,'Race',14,0);
INSERT INTO league_raceresult VALUES(1703,8,4,151,0,0,'Race',5,0);
INSERT INTO league_raceresult VALUES(1704,9,2,151,0,0,'Race',9,0);
INSERT INTO league_raceresult VALUES(1705,10,1,151,0,0,'Race',17,0);
INSERT INTO league_raceresult VALUES(1706,11,0,151,0,0,'Race',16,0);
INSERT INTO league_raceresult VALUES(1707,12,0,151,0,0,'Race',18,0);
INSERT INTO league_raceresult VALUES(1708,13,0,151,0,1,'Race',8,0);
INSERT INTO league_raceresult VALUES(1709,14,0,151,0,0,'Race',11,0);
INSERT INTO league_raceresult VALUES(1710,15,0,151,0,0,'Race',13,0);
INSERT INTO league_raceresult VALUES(1711,16,0,151,0,0,'Race',19,0);
INSERT INTO league_raceresult VALUES(1712,17,0,151,0,0,'Race',10,0);
INSERT INTO league_raceresult VALUES(1713,18,0,151,0,0,'Race',15,0);
INSERT INTO league_raceresult VALUES(1714,19,0,151,0,0,'Race',12,0);
INSERT INTO league_raceresult VALUES(1715,20,0,151,0,0,'Race',20,0);
INSERT INTO league_raceresult VALUES(1716,1,0,175,0,0,'Qualifying',1,0);
INSERT INTO league_raceresult VALUES(1717,2,0,175,0,0,'Qualifying',4,0);
INSERT INTO league_raceresult VALUES(1718,3,0,175,0,0,'Qualifying',3,0);
INSERT INTO league_raceresult VALUES(1719,4,0,175,0,0,'Qualifying',2,0);
INSERT INTO league_raceresult VALUES(1720,5,0,175,0,0,'Qualifying',6,0);
INSERT INTO league_raceresult VALUES(1721,6,0,175,0,0,'Qualifying',8,0);
INSERT INTO league_raceresult VALUES(1722,7,0,175,0,0,'Qualifying',5,0);
INSERT INTO league_raceresult VALUES(1723,8,0,175,0,0,'Qualifying',7,0);
INSERT INTO league_raceresult VALUES(1724,9,0,175,0,0,'Qualifying',16,0);
INSERT INTO league_raceresult VALUES(1725,10,0,175,0,0,'Qualifying',14,0);
INSERT INTO league_raceresult VALUES(1726,11,0,175,0,0,'Qualifying',10,0);
INSERT INTO league_raceresult VALUES(1727,12,0,175,0,0,'Qualifying',18,0);
INSERT INTO league_raceresult VALUES(1728,13,0,175,0,0,'Qualifying',17,0);
INSERT INTO league_raceresult VALUES(1729,14,0,175,0,0,'Qualifying',15,0);
INSERT INTO league_raceresult VALUES(1730,15,0,175,0,0,'Qualifying',9,0);
INSERT INTO league_raceresult VALUES(1731,16,0,175,0,0,'Qualifying',19,0);
INSERT INTO league_raceresult VALUES(1732,17,0,175,0,0,'Qualifying',20,0);
INSERT INTO league_raceresult VALUES(1733,18,0,175,0,0,'Qualifying',13,0);
INSERT INTO league_raceresult VALUES(1734,19,0,175,0,0,'Qualifying',12,0);
INSERT INTO league_raceresult VALUES(1735,20,0,175,0,0,'Qualifying',11,0);
INSERT INTO league_raceresult VALUES(1736,1,8,175,0,0,'Sprint',1,0);
INSERT INTO league_raceresult VALUES(1737,2,7,175,0,0,'Sprint',4,0);
INSERT INTO league_raceresult VALUES(1738,3,6,175,0,0,'Sprint',2,0);
INSERT INTO league_raceresult VALUES(1739,4,5,175,0,0,'Sprint',13,0);
INSERT INTO league_raceresult VALUES(1740,5,4,175,0,0,'Sprint',3,0);
INSERT INTO league_raceresult VALUES(1741,6,3,175,0,0,'Sprint',8,0);
INSERT INTO league_raceresult VALUES(1742,7,2,175,0,0,'Sprint',16,0);
INSERT INTO league_raceresult VALUES(1743,8,1,175,0,0,'Sprint',14,0);
INSERT INTO league_raceresult VALUES(1744,9,0,175,0,0,'Sprint',18,0);
INSERT INTO league_raceresult VALUES(1745,10,0,175,0,0,'Sprint',20,0);
INSERT INTO league_raceresult VALUES(1746,11,0,175,0,0,'Sprint',11,0);
INSERT INTO league_raceresult VALUES(1747,12,0,175,0,0,'Sprint',5,0);
INSERT INTO league_raceresult VALUES(1748,13,0,175,0,0,'Sprint',15,0);
INSERT INTO league_raceresult VALUES(1749,14,0,175,0,0,'Sprint',19,0);
INSERT INTO league_raceresult VALUES(1750,15,0,175,0,0,'Sprint',17,0);
INSERT INTO league_raceresult VALUES(1751,16,0,175,0,0,'Sprint',7,0);
INSERT INTO league_raceresult VALUES(1752,17,0,175,0,0,'Sprint',9,0);
INSERT INTO league_raceresult VALUES(1753,18,0,175,0,0,'Sprint',12,0);
INSERT INTO league_raceresult VALUES(1754,19,0,175,0,0,'Sprint',10,0);
INSERT INTO league_raceresult VALUES(1755,20,0,175,0,0,'Sprint',6,0);
INSERT INTO league_raceresult VALUES(1756,1,25,175,0,0,'Race',6,0);
INSERT INTO league_raceresult VALUES(1757,2,18,175,0,0,'Race',1,0);
INSERT INTO league_raceresult VALUES(1758,3,15,175,0,0,'Race',4,0);
INSERT INTO league_raceresult VALUES(1759,4,12,175,0,0,'Race',2,0);
INSERT INTO league_raceresult VALUES(1760,5,10,175,0,0,'Race',3,0);
INSERT INTO league_raceresult VALUES(1761,6,8,175,0,0,'Race',7,0);
INSERT INTO league_raceresult VALUES(1762,7,6,175,0,0,'Race',14,0);
INSERT INTO league_raceresult VALUES(1763,8,4,175,0,0,'Race',5,0);
INSERT INTO league_raceresult VALUES(1764,9,2,175,0,0,'Race',9,0);
INSERT INTO league_raceresult VALUES(1765,10,1,175,0,0,'Race',17,0);
INSERT INTO league_raceresult VALUES(1766,11,0,175,0,0,'Race',16,0);
INSERT INTO league_raceresult VALUES(1767,12,0,175,0,0,'Race',18,0);
INSERT INTO league_raceresult VALUES(1768,13,0,175,0,1,'Race',8,0);
INSERT INTO league_raceresult VALUES(1769,14,0,175,0,0,'Race',11,0);
INSERT INTO league_raceresult VALUES(1770,15,0,175,0,0,'Race',13,0);
INSERT INTO league_raceresult VALUES(1771,16,0,175,0,0,'Race',19,0);
INSERT INTO league_raceresult VALUES(1772,17,0,175,0,0,'Race',10,0);
INSERT INTO league_raceresult VALUES(1773,18,0,175,0,0,'Race',15,0);
INSERT INTO league_raceresult VALUES(1774,19,0,175,0,0,'Race',12,0);
INSERT INTO league_raceresult VALUES(1775,20,0,175,0,0,'Race',20,0);
INSERT INTO league_raceresult VALUES(1776,1,0,128,0,0,'Qualifying',1,0);
INSERT INTO league_raceresult VALUES(1777,2,0,128,0,0,'Qualifying',8,0);
INSERT INTO league_raceresult VALUES(1778,3,0,128,0,0,'Qualifying',6,0);
INSERT INTO league_raceresult VALUES(1779,4,0,128,0,0,'Qualifying',4,0);
INSERT INTO league_raceresult VALUES(1780,5,0,128,0,0,'Qualifying',3,0);
INSERT INTO league_raceresult VALUES(1781,6,0,128,0,0,'Qualifying',5,0);
INSERT INTO league_raceresult VALUES(1782,7,0,128,0,0,'Qualifying',14,0);
INSERT INTO league_raceresult VALUES(1783,8,0,128,0,0,'Qualifying',7,0);
INSERT INTO league_raceresult VALUES(1784,9,0,128,0,0,'Qualifying',13,0);
INSERT INTO league_raceresult VALUES(1785,10,0,128,0,0,'Qualifying',16,0);
INSERT INTO league_raceresult VALUES(1786,11,0,128,0,0,'Qualifying',2,0);
INSERT INTO league_raceresult VALUES(1787,12,0,128,0,0,'Qualifying',17,0);
INSERT INTO league_raceresult VALUES(1788,13,0,128,0,0,'Qualifying',10,0);
INSERT INTO league_raceresult VALUES(1789,14,0,128,0,0,'Qualifying',15,0);
INSERT INTO league_raceresult VALUES(1790,15,0,128,0,0,'Qualifying',18,0);
INSERT INTO league_raceresult VALUES(1791,16,0,128,0,0,'Qualifying',19,0);
INSERT INTO league_raceresult VALUES(1792,17,0,128,0,0,'Qualifying',11,0);
INSERT INTO league_raceresult VALUES(1793,18,0,128,0,0,'Qualifying',12,0);
INSERT INTO league_raceresult VALUES(1794,19,0,128,0,0,'Qualifying',9,0);
INSERT INTO league_raceresult VALUES(1795,20,0,128,0,0,'Qualifying',20,0);
INSERT INTO league_raceresult VALUES(1796,1,25,128,0,0,'Race',1,0);
INSERT INTO league_raceresult VALUES(1797,2,18,128,0,0,'Race',6,0);
INSERT INTO league_raceresult VALUES(1798,3,15,128,0,0,'Race',4,0);
INSERT INTO league_raceresult VALUES(1799,4,12,128,0,0,'Race',8,0);
INSERT INTO league_raceresult VALUES(1800,5,10,128,0,0,'Race',3,0);
INSERT INTO league_raceresult VALUES(1801,6,8,128,0,0,'Race',7,0);
INSERT INTO league_raceresult VALUES(1802,7,7,128,0,1,'Race',5,0);
INSERT INTO league_raceresult VALUES(1803,8,4,128,0,0,'Race',2,0);
INSERT INTO league_raceresult VALUES(1804,9,2,128,0,0,'Race',10,0);
INSERT INTO league_raceresult VALUES(1805,10,1,128,0,0,'Race',14,0);
INSERT INTO league_raceresult VALUES(1806,11,0,128,0,0,'Race',16,0);
INSERT INTO league_raceresult VALUES(1807,12,0,128,0,0,'Race',12,0);
INSERT INTO league_raceresult VALUES(1808,13,0,128,0,0,'Race',13,0);
INSERT INTO league_raceresult VALUES(1809,14,0,128,0,0,'Race',17,0);
INSERT INTO league_raceresult VALUES(1810,15,0,128,0,0,'Race',11,0);
INSERT INTO league_raceresult VALUES(1811,16,0,128,0,0,'Race',18,0);
INSERT INTO league_raceresult VALUES(1812,17,0,128,0,0,'Race',20,0);
INSERT INTO league_raceresult VALUES(1813,18,0,128,0,0,'Race',19,0);
INSERT INTO league_raceresult VALUES(1814,19,0,128,0,0,'Race',9,0);
INSERT INTO league_raceresult VALUES(1815,20,0,128,0,0,'Race',15,0);
INSERT INTO league_raceresult VALUES(1816,1,0,152,0,0,'Qualifying',1,0);
INSERT INTO league_raceresult VALUES(1817,2,0,152,0,0,'Qualifying',8,0);
INSERT INTO league_raceresult VALUES(1818,3,0,152,0,0,'Qualifying',6,0);
INSERT INTO league_raceresult VALUES(1819,4,0,152,0,0,'Qualifying',4,0);
INSERT INTO league_raceresult VALUES(1820,5,0,152,0,0,'Qualifying',3,0);
INSERT INTO league_raceresult VALUES(1821,6,0,152,0,0,'Qualifying',5,0);
INSERT INTO league_raceresult VALUES(1822,7,0,152,0,0,'Qualifying',14,0);
INSERT INTO league_raceresult VALUES(1823,8,0,152,0,0,'Qualifying',7,0);
INSERT INTO league_raceresult VALUES(1824,9,0,152,0,0,'Qualifying',13,0);
INSERT INTO league_raceresult VALUES(1825,10,0,152,0,0,'Qualifying',16,0);
INSERT INTO league_raceresult VALUES(1826,11,0,152,0,0,'Qualifying',2,0);
INSERT INTO league_raceresult VALUES(1827,12,0,152,0,0,'Qualifying',17,0);
INSERT INTO league_raceresult VALUES(1828,13,0,152,0,0,'Qualifying',10,0);
INSERT INTO league_raceresult VALUES(1829,14,0,152,0,0,'Qualifying',15,0);
INSERT INTO league_raceresult VALUES(1830,15,0,152,0,0,'Qualifying',18,0);
INSERT INTO league_raceresult VALUES(1831,16,0,152,0,0,'Qualifying',19,0);
INSERT INTO league_raceresult VALUES(1832,17,0,152,0,0,'Qualifying',11,0);
INSERT INTO league_raceresult VALUES(1833,18,0,152,0,0,'Qualifying',12,0);
INSERT INTO league_raceresult VALUES(1834,19,0,152,0,0,'Qualifying',9,0);
INSERT INTO league_raceresult VALUES(1835,20,0,152,0,0,'Qualifying',20,0);
INSERT INTO league_raceresult VALUES(1836,1,25,152,0,0,'Race',1,0);
INSERT INTO league_raceresult VALUES(1837,2,18,152,0,0,'Race',6,0);
INSERT INTO league_raceresult VALUES(1838,3,15,152,0,0,'Race',4,0);
INSERT INTO league_raceresult VALUES(1839,4,12,152,0,0,'Race',8,0);
INSERT INTO league_raceresult VALUES(1840,5,10,152,0,0,'Race',3,0);
INSERT INTO league_raceresult VALUES(1841,6,8,152,0,0,'Race',7,0);
INSERT INTO league_raceresult VALUES(1842,7,7,152,0,1,'Race',5,0);
INSERT INTO league_raceresult VALUES(1843,8,4,152,0,0,'Race',2,0);
INSERT INTO league_raceresult VALUES(1844,9,2,152,0,0,'Race',10,0);
INSERT INTO league_raceresult VALUES(1845,10,1,152,0,0,'Race',14,0);
INSERT INTO league_raceresult VALUES(1846,11,0,152,0,0,'Race',16,0);
INSERT INTO league_raceresult VALUES(1847,12,0,152,0,0,'Race',12,0);
INSERT INTO league_raceresult VALUES(1848,13,0,152,0,0,'Race',13,0);
INSERT INTO league_raceresult VALUES(1849,14,0,152,0,0,'Race',17,0);
INSERT INTO league_raceresult VALUES(1850,15,0,152,0,0,'Race',11,0);
INSERT INTO league_raceresult VALUES(1851,16,0,152,0,0,'Race',18,0);
INSERT INTO league_raceresult VALUES(1852,17,0,152,0,0,'Race',20,0);
INSERT INTO league_raceresult VALUES(1853,18,0,152,0,0,'Race',19,0);
INSERT INTO league_raceresult VALUES(1854,19,0,152,0,0,'Race',9,0);
INSERT INTO league_raceresult VALUES(1855,20,0,152,0,0,'Race',15,0);
INSERT INTO league_raceresult VALUES(1856,1,0,176,0,0,'Qualifying',1,0);
INSERT INTO league_raceresult VALUES(1857,2,0,176,0,0,'Qualifying',8,0);
INSERT INTO league_raceresult VALUES(1858,3,0,176,0,0,'Qualifying',6,0);
INSERT INTO league_raceresult VALUES(1859,4,0,176,0,0,'Qualifying',4,0);
INSERT INTO league_raceresult VALUES(1860,5,0,176,0,0,'Qualifying',3,0);
INSERT INTO league_raceresult VALUES(1861,6,0,176,0,0,'Qualifying',5,0);
INSERT INTO league_raceresult VALUES(1862,7,0,176,0,0,'Qualifying',14,0);
INSERT INTO league_raceresult VALUES(1863,8,0,176,0,0,'Qualifying',7,0);
INSERT INTO league_raceresult VALUES(1864,9,0,176,0,0,'Qualifying',13,0);
INSERT INTO league_raceresult VALUES(1865,10,0,176,0,0,'Qualifying',16,0);
INSERT INTO league_raceresult VALUES(1866,11,0,176,0,0,'Qualifying',2,0);
INSERT INTO league_raceresult VALUES(1867,12,0,176,0,0,'Qualifying',17,0);
INSERT INTO league_raceresult VALUES(1868,13,0,176,0,0,'Qualifying',10,0);
INSERT INTO league_raceresult VALUES(1869,14,0,176,0,0,'Qualifying',15,0);
INSERT INTO league_raceresult VALUES(1870,15,0,176,0,0,'Qualifying',18,0);
INSERT INTO league_raceresult VALUES(1871,16,0,176,0,0,'Qualifying',19,0);
INSERT INTO league_raceresult VALUES(1872,17,0,176,0,0,'Qualifying',11,0);
INSERT INTO league_raceresult VALUES(1873,18,0,176,0,0,'Qualifying',12,0);
INSERT INTO league_raceresult VALUES(1874,19,0,176,0,0,'Qualifying',9,0);
INSERT INTO league_raceresult VALUES(1875,20,0,176,0,0,'Qualifying',20,0);
INSERT INTO league_raceresult VALUES(1876,1,25,176,0,0,'Race',1,0);
INSERT INTO league_raceresult VALUES(1877,2,18,176,0,0,'Race',6,0);
INSERT INTO league_raceresult VALUES(1878,3,15,176,0,0,'Race',4,0);
INSERT INTO league_raceresult VALUES(1879,4,12,176,0,0,'Race',8,0);
INSERT INTO league_raceresult VALUES(1880,5,10,176,0,0,'Race',3,0);
INSERT INTO league_raceresult VALUES(1881,6,8,176,0,0,'Race',7,0);
INSERT INTO league_raceresult VALUES(1882,7,7,176,0,1,'Race',5,0);
INSERT INTO league_raceresult VALUES(1883,8,4,176,0,0,'Race',2,0);
INSERT INTO league_raceresult VALUES(1884,9,2,176,0,0,'Race',10,0);
INSERT INTO league_raceresult VALUES(1885,10,1,176,0,0,'Race',14,0);
INSERT INTO league_raceresult VALUES(1886,11,0,176,0,0,'Race',16,0);
INSERT INTO league_raceresult VALUES(1887,12,0,176,0,0,'Race',12,0);
INSERT INTO league_raceresult VALUES(1888,13,0,176,0,0,'Race',13,0);
INSERT INTO league_raceresult VALUES(1889,14,0,176,0,0,'Race',17,0);
INSERT INTO league_raceresult VALUES(1890,15,0,176,0,0,'Race',11,0);
INSERT INTO league_raceresult VALUES(1891,16,0,176,0,0,'Race',18,0);
INSERT INTO league_raceresult VALUES(1892,17,0,176,0,0,'Race',20,0);
INSERT INTO league_raceresult VALUES(1893,18,0,176,0,0,'Race',19,0);
INSERT INTO league_raceresult VALUES(1894,19,0,176,0,0,'Race',9,0);
INSERT INTO league_raceresult VALUES(1895,20,0,176,0,0,'Race',15,0);
INSERT INTO league_raceresult VALUES(1896,1,0,129,0,0,'Qualifying',4,0);
INSERT INTO league_raceresult VALUES(1897,2,0,129,0,0,'Qualifying',8,0);
INSERT INTO league_raceresult VALUES(1898,3,0,129,0,0,'Qualifying',3,0);
INSERT INTO league_raceresult VALUES(1899,4,0,129,0,0,'Qualifying',6,0);
INSERT INTO league_raceresult VALUES(1900,5,0,129,0,0,'Qualifying',5,0);
INSERT INTO league_raceresult VALUES(1901,6,0,129,0,0,'Qualifying',1,0);
INSERT INTO league_raceresult VALUES(1902,7,0,129,0,0,'Qualifying',7,0);
INSERT INTO league_raceresult VALUES(1903,8,0,129,0,0,'Qualifying',14,0);
INSERT INTO league_raceresult VALUES(1904,9,0,129,0,0,'Qualifying',15,0);
INSERT INTO league_raceresult VALUES(1905,10,0,129,0,0,'Qualifying',18,0);
INSERT INTO league_raceresult VALUES(1906,11,0,129,0,0,'Qualifying',17,0);
INSERT INTO league_raceresult VALUES(1907,12,0,129,0,0,'Qualifying',16,0);
INSERT INTO league_raceresult VALUES(1908,13,0,129,0,0,'Qualifying',13,0);
INSERT INTO league_raceresult VALUES(1909,14,0,129,0,0,'Qualifying',10,0);
INSERT INTO league_raceresult VALUES(1910,15,0,129,0,0,'Qualifying',12,0);
INSERT INTO league_raceresult VALUES(1911,16,0,129,0,0,'Qualifying',9,0);
INSERT INTO league_raceresult VALUES(1912,17,0,129,0,0,'Qualifying',20,0);
INSERT INTO league_raceresult VALUES(1913,18,0,129,0,0,'Qualifying',2,0);
INSERT INTO league_raceresult VALUES(1914,19,0,129,0,0,'Qualifying',19,0);
INSERT INTO league_raceresult VALUES(1915,20,0,129,0,0,'Qualifying',11,0);
INSERT INTO league_raceresult VALUES(1916,1,25,129,0,0,'Race',4,0);
INSERT INTO league_raceresult VALUES(1917,2,18,129,0,0,'Race',8,0);
INSERT INTO league_raceresult VALUES(1918,3,15,129,0,0,'Race',3,0);
INSERT INTO league_raceresult VALUES(1919,4,12,129,0,0,'Race',6,0);
INSERT INTO league_raceresult VALUES(1920,5,10,129,0,0,'Race',5,0);
INSERT INTO league_raceresult VALUES(1921,6,8,129,0,0,'Race',1,0);
INSERT INTO league_raceresult VALUES(1922,7,7,129,0,0,'Race',7,0);
INSERT INTO league_raceresult VALUES(1923,8,4,129,0,0,'Race',14,0);
INSERT INTO league_raceresult VALUES(1924,9,2,129,0,0,'Race',15,0);
INSERT INTO league_raceresult VALUES(1925,10,1,129,0,0,'Race',18,0);
INSERT INTO league_raceresult VALUES(1926,11,0,129,0,0,'Race',9,0);
INSERT INTO league_raceresult VALUES(1927,12,0,129,0,0,'Race',13,0);
INSERT INTO league_raceresult VALUES(1928,13,0,129,0,0,'Race',19,0);
INSERT INTO league_raceresult VALUES(1929,14,0,129,0,0,'Race',10,0);
INSERT INTO league_raceresult VALUES(1930,15,0,129,0,0,'Race',20,0);
INSERT INTO league_raceresult VALUES(1931,16,0,129,0,0,'Race',11,0);
INSERT INTO league_raceresult VALUES(1932,17,0,129,0,0,'Race',17,0);
INSERT INTO league_raceresult VALUES(1933,18,0,129,0,0,'Race',2,0);
INSERT INTO league_raceresult VALUES(1934,19,0,129,0,0,'Race',16,0);
INSERT INTO league_raceresult VALUES(1935,20,0,129,0,0,'Race',12,0);
INSERT INTO league_raceresult VALUES(1936,1,0,153,0,0,'Qualifying',4,0);
INSERT INTO league_raceresult VALUES(1937,2,0,153,0,0,'Qualifying',8,0);
INSERT INTO league_raceresult VALUES(1938,3,0,153,0,0,'Qualifying',3,0);
INSERT INTO league_raceresult VALUES(1939,4,0,153,0,0,'Qualifying',6,0);
INSERT INTO league_raceresult VALUES(1940,5,0,153,0,0,'Qualifying',5,0);
INSERT INTO league_raceresult VALUES(1941,6,0,153,0,0,'Qualifying',1,0);
INSERT INTO league_raceresult VALUES(1942,7,0,153,0,0,'Qualifying',7,0);
INSERT INTO league_raceresult VALUES(1943,8,0,153,0,0,'Qualifying',14,0);
INSERT INTO league_raceresult VALUES(1944,9,0,153,0,0,'Qualifying',15,0);
INSERT INTO league_raceresult VALUES(1945,10,0,153,0,0,'Qualifying',18,0);
INSERT INTO league_raceresult VALUES(1946,11,0,153,0,0,'Qualifying',17,0);
INSERT INTO league_raceresult VALUES(1947,12,0,153,0,0,'Qualifying',16,0);
INSERT INTO league_raceresult VALUES(1948,13,0,153,0,0,'Qualifying',13,0);
INSERT INTO league_raceresult VALUES(1949,14,0,153,0,0,'Qualifying',10,0);
INSERT INTO league_raceresult VALUES(1950,15,0,153,0,0,'Qualifying',12,0);
INSERT INTO league_raceresult VALUES(1951,16,0,153,0,0,'Qualifying',9,0);
INSERT INTO league_raceresult VALUES(1952,17,0,153,0,0,'Qualifying',20,0);
INSERT INTO league_raceresult VALUES(1953,18,0,153,0,0,'Qualifying',2,0);
INSERT INTO league_raceresult VALUES(1954,19,0,153,0,0,'Qualifying',19,0);
INSERT INTO league_raceresult VALUES(1955,20,0,153,0,0,'Qualifying',11,0);
INSERT INTO league_raceresult VALUES(1956,1,25,153,0,0,'Race',4,0);
INSERT INTO league_raceresult VALUES(1957,2,18,153,0,0,'Race',8,0);
INSERT INTO league_raceresult VALUES(1958,3,15,153,0,0,'Race',3,0);
INSERT INTO league_raceresult VALUES(1959,4,12,153,0,0,'Race',6,0);
INSERT INTO league_raceresult VALUES(1960,5,10,153,0,0,'Race',5,0);
INSERT INTO league_raceresult VALUES(1961,6,8,153,0,0,'Race',1,0);
INSERT INTO league_raceresult VALUES(1962,7,7,153,0,0,'Race',7,0);
INSERT INTO league_raceresult VALUES(1963,8,4,153,0,0,'Race',14,0);
INSERT INTO league_raceresult VALUES(1964,9,2,153,0,0,'Race',15,0);
INSERT INTO league_raceresult VALUES(1965,10,1,153,0,0,'Race',18,0);
INSERT INTO league_raceresult VALUES(1966,11,0,153,0,0,'Race',9,0);
INSERT INTO league_raceresult VALUES(1967,12,0,153,0,0,'Race',13,0);
INSERT INTO league_raceresult VALUES(1968,13,0,153,0,0,'Race',19,0);
INSERT INTO league_raceresult VALUES(1969,14,0,153,0,0,'Race',10,0);
INSERT INTO league_raceresult VALUES(1970,15,0,153,0,0,'Race',20,0);
INSERT INTO league_raceresult VALUES(1971,16,0,153,0,0,'Race',11,0);
INSERT INTO league_raceresult VALUES(1972,17,0,153,0,0,'Race',17,0);
INSERT INTO league_raceresult VALUES(1973,18,0,153,0,0,'Race',2,0);
INSERT INTO league_raceresult VALUES(1974,19,0,153,0,0,'Race',16,0);
INSERT INTO league_raceresult VALUES(1975,20,0,153,0,0,'Race',12,0);
INSERT INTO league_raceresult VALUES(1976,1,0,177,0,0,'Qualifying',4,0);
INSERT INTO league_raceresult VALUES(1977,2,0,177,0,0,'Qualifying',8,0);
INSERT INTO league_raceresult VALUES(1978,3,0,177,0,0,'Qualifying',3,0);
INSERT INTO league_raceresult VALUES(1979,4,0,177,0,0,'Qualifying',6,0);
INSERT INTO league_raceresult VALUES(1980,5,0,177,0,0,'Qualifying',5,0);
INSERT INTO league_raceresult VALUES(1981,6,0,177,0,0,'Qualifying',1,0);
INSERT INTO league_raceresult VALUES(1982,7,0,177,0,0,'Qualifying',7,0);
INSERT INTO league_raceresult VALUES(1983,8,0,177,0,0,'Qualifying',14,0);
INSERT INTO league_raceresult VALUES(1984,9,0,177,0,0,'Qualifying',15,0);
INSERT INTO league_raceresult VALUES(1985,10,0,177,0,0,'Qualifying',18,0);
INSERT INTO league_raceresult VALUES(1986,11,0,177,0,0,'Qualifying',17,0);
INSERT INTO league_raceresult VALUES(1987,12,0,177,0,0,'Qualifying',16,0);
INSERT INTO league_raceresult VALUES(1988,13,0,177,0,0,'Qualifying',13,0);
INSERT INTO league_raceresult VALUES(1989,14,0,177,0,0,'Qualifying',10,0);
INSERT INTO league_raceresult VALUES(1990,15,0,177,0,0,'Qualifying',12,0);
INSERT INTO league_raceresult VALUES(1991,16,0,177,0,0,'Qualifying',9,0);
INSERT INTO league_raceresult VALUES(1992,17,0,177,0,0,'Qualifying',20,0);
INSERT INTO league_raceresult VALUES(1993,18,0,177,0,0,'Qualifying',2,0);
INSERT INTO league_raceresult VALUES(1994,19,0,177,0,0,'Qualifying',19,0);
INSERT INTO league_raceresult VALUES(1995,20,0,177,0,0,'Qualifying',11,0);
INSERT INTO league_raceresult VALUES(1996,1,25,177,0,0,'Race',4,0);
INSERT INTO league_raceresult VALUES(1997,2,18,177,0,0,'Race',8,0);
INSERT INTO league_raceresult VALUES(1998,3,15,177,0,0,'Race',3,0);
INSERT INTO league_raceresult VALUES(1999,4,12,177,0,0,'Race',6,0);
INSERT INTO league_raceresult VALUES(2000,5,10,177,0,0,'Race',5,0);
INSERT INTO league_raceresult VALUES(2001,6,8,177,0,0,'Race',1,0);
INSERT INTO league_raceresult VALUES(2002,7,7,177,0,0,'Race',7,0);
INSERT INTO league_raceresult VALUES(2003,8,4,177,0,0,'Race',14,0);
INSERT INTO league_raceresult VALUES(2004,9,2,177,0,0,'Race',15,0);
INSERT INTO league_raceresult VALUES(2005,10,1,177,0,0,'Race',18,0);
INSERT INTO league_raceresult VALUES(2006,11,0,177,0,0,'Race',9,0);
INSERT INTO league_raceresult VALUES(2007,12,0,177,0,0,'Race',13,0);
INSERT INTO league_raceresult VALUES(2008,13,0,177,0,0,'Race',19,0);
INSERT INTO league_raceresult VALUES(2009,14,0,177,0,0,'Race',10,0);
INSERT INTO league_raceresult VALUES(2010,15,0,177,0,0,'Race',20,0);
INSERT INTO league_raceresult VALUES(2011,16,0,177,0,0,'Race',11,0);
INSERT INTO league_raceresult VALUES(2012,17,0,177,0,0,'Race',17,0);
INSERT INTO league_raceresult VALUES(2013,18,0,177,0,0,'Race',2,0);
INSERT INTO league_raceresult VALUES(2014,19,0,177,0,0,'Race',16,0);
INSERT INTO league_raceresult VALUES(2015,20,0,177,0,0,'Race',12,0);
INSERT INTO league_raceresult VALUES(2016,1,0,130,0,0,'Qualifying',5,0);
INSERT INTO league_raceresult VALUES(2017,2,0,130,0,0,'Qualifying',1,0);
INSERT INTO league_raceresult VALUES(2018,3,0,130,0,0,'Qualifying',6,0);
INSERT INTO league_raceresult VALUES(2019,4,0,130,0,0,'Qualifying',8,0);
INSERT INTO league_raceresult VALUES(2020,5,0,130,0,0,'Qualifying',13,0);
INSERT INTO league_raceresult VALUES(2021,6,0,130,0,0,'Qualifying',9,0);
INSERT INTO league_raceresult VALUES(2022,7,0,130,0,0,'Qualifying',7,0);
INSERT INTO league_raceresult VALUES(2023,8,0,130,0,0,'Qualifying',14,0);
INSERT INTO league_raceresult VALUES(2024,9,0,130,0,0,'Qualifying',10,0);
INSERT INTO league_raceresult VALUES(2025,10,0,130,0,0,'Qualifying',15,0);
INSERT INTO league_raceresult VALUES(2026,11,0,130,0,0,'Qualifying',4,0);
INSERT INTO league_raceresult VALUES(2027,12,0,130,0,0,'Qualifying',3,0);
INSERT INTO league_raceresult VALUES(2028,13,0,130,0,0,'Qualifying',20,0);
INSERT INTO league_raceresult VALUES(2029,14,0,130,0,0,'Qualifying',12,0);
INSERT INTO league_raceresult VALUES(2030,15,0,130,0,0,'Qualifying',18,0);
INSERT INTO league_raceresult VALUES(2031,16,0,130,0,0,'Qualifying',2,0);
INSERT INTO league_raceresult VALUES(2032,17,0,130,0,0,'Qualifying',19,0);
INSERT INTO league_raceresult VALUES(2033,18,0,130,0,0,'Qualifying',17,0);
INSERT INTO league_raceresult VALUES(2034,19,0,130,0,0,'Qualifying',16,0);
INSERT INTO league_raceresult VALUES(2035,20,0,130,0,0,'Qualifying',11,0);
INSERT INTO league_raceresult VALUES(2036,1,25,130,0,0,'Race',1,0);
INSERT INTO league_raceresult VALUES(2037,2,18,130,0,0,'Race',6,0);
INSERT INTO league_raceresult VALUES(2038,3,15,130,0,0,'Race',5,0);
INSERT INTO league_raceresult VALUES(2039,4,13,130,0,1,'Race',7,0);
INSERT INTO league_raceresult VALUES(2040,5,10,130,0,0,'Race',8,0);
INSERT INTO league_raceresult VALUES(2041,6,8,130,0,0,'Race',9,0);
INSERT INTO league_raceresult VALUES(2042,7,6,130,0,0,'Race',10,0);
INSERT INTO league_raceresult VALUES(2043,8,4,130,0,0,'Race',13,0);
INSERT INTO league_raceresult VALUES(2044,9,2,130,0,0,'Race',18,0);
INSERT INTO league_raceresult VALUES(2045,10,1,130,0,0,'Race',17,0);
INSERT INTO league_raceresult VALUES(2046,11,0,130,0,0,'Race',16,0);
INSERT INTO league_raceresult VALUES(2047,12,0,130,0,0,'Race',12,0);
INSERT INTO league_raceresult VALUES(2048,13,0,130,0,0,'Race',19,0);
INSERT INTO league_raceresult VALUES(2049,14,0,130,0,0,'Race',14,0);
INSERT INTO league_raceresult VALUES(2050,15,0,130,0,0,'Race',11,0);
INSERT INTO league_raceresult VALUES(2051,16,0,130,0,0,'Race',3,0);
INSERT INTO league_raceresult VALUES(2052,17,0,130,0,0,'Race',15,0);
INSERT INTO league_raceresult VALUES(2053,18,0,130,0,0,'Race',2,0);
INSERT INTO league_raceresult VALUES(2054,19,0,130,0,0,'Race',4,0);
INSERT INTO league_raceresult VALUES(2055,20,0,130,0,0,'Race',20,0);
INSERT INTO league_raceresult VALUES(2056,1,0,154,0,0,'Qualifying',5,0);
INSERT INTO league_raceresult VALUES(2057,2,0,154,0,0,'Qualifying',1,0);
INSERT INTO league_raceresult VALUES(2058,3,0,154,0,0,'Qualifying',6,0);
INSERT INTO league_raceresult VALUES(2059,4,0,154,0,0,'Qualifying',8,0);
INSERT INTO league_raceresult VALUES(2060,5,0,154,0,0,'Qualifying',13,0);
INSERT INTO league_raceresult VALUES(2061,6,0,154,0,0,'Qualifying',9,0);
INSERT INTO league_raceresult VALUES(2062,7,0,154,0,0,'Qualifying',7,0);
INSERT INTO league_raceresult VALUES(2063,8,0,154,0,0,'Qualifying',14,0);
INSERT INTO league_raceresult VALUES(2064,9,0,154,0,0,'Qualifying',10,0);
INSERT INTO league_raceresult VALUES(2065,10,0,154,0,0,'Qualifying',15,0);
INSERT INTO league_raceresult VALUES(2066,11,0,154,0,0,'Qualifying',4,0);
INSERT INTO league_raceresult VALUES(2067,12,0,154,0,0,'Qualifying',3,0);
INSERT INTO league_raceresult VALUES(2068,13,0,154,0,0,'Qualifying',20,0);
INSERT INTO league_raceresult VALUES(2069,14,0,154,0,0,'Qualifying',12,0);
INSERT INTO league_raceresult VALUES(2070,15,0,154,0,0,'Qualifying',18,0);
INSERT INTO league_raceresult VALUES(2071,16,0,154,0,0,'Qualifying',2,0);
INSERT INTO league_raceresult VALUES(2072,17,0,154,0,0,'Qualifying',19,0);
INSERT INTO league_raceresult VALUES(2073,18,0,154,0,0,'Qualifying',17,0);
INSERT INTO league_raceresult VALUES(2074,19,0,154,0,0,'Qualifying',16,0);
INSERT INTO league_raceresult VALUES(2075,20,0,154,0,0,'Qualifying',11,0);
INSERT INTO league_raceresult VALUES(2076,1,25,154,0,0,'Race',1,0);
INSERT INTO league_raceresult VALUES(2077,2,18,154,0,0,'Race',6,0);
INSERT INTO league_raceresult VALUES(2078,3,15,154,0,0,'Race',5,0);
INSERT INTO league_raceresult VALUES(2079,4,13,154,0,1,'Race',7,0);
INSERT INTO league_raceresult VALUES(2080,5,10,154,0,0,'Race',8,0);
INSERT INTO league_raceresult VALUES(2081,6,8,154,0,0,'Race',9,0);
INSERT INTO league_raceresult VALUES(2082,7,6,154,0,0,'Race',10,0);
INSERT INTO league_raceresult VALUES(2083,8,4,154,0,0,'Race',13,0);
INSERT INTO league_raceresult VALUES(2084,9,2,154,0,0,'Race',18,0);
INSERT INTO league_raceresult VALUES(2085,10,1,154,0,0,'Race',17,0);
INSERT INTO league_raceresult VALUES(2086,11,0,154,0,0,'Race',16,0);
INSERT INTO league_raceresult VALUES(2087,12,0,154,0,0,'Race',12,0);
INSERT INTO league_raceresult VALUES(2088,13,0,154,0,0,'Race',19,0);
INSERT INTO league_raceresult VALUES(2089,14,0,154,0,0,'Race',14,0);
INSERT INTO league_raceresult VALUES(2090,15,0,154,0,0,'Race',11,0);
INSERT INTO league_raceresult VALUES(2091,16,0,154,0,0,'Race',3,0);
INSERT INTO league_raceresult VALUES(2092,17,0,154,0,0,'Race',15,0);
INSERT INTO league_raceresult VALUES(2093,18,0,154,0,0,'Race',2,0);
INSERT INTO league_raceresult VALUES(2094,19,0,154,0,0,'Race',4,0);
INSERT INTO league_raceresult VALUES(2095,20,0,154,0,0,'Race',20,0);
INSERT INTO league_raceresult VALUES(2096,1,0,178,0,0,'Qualifying',5,0);
INSERT INTO league_raceresult VALUES(2097,2,0,178,0,0,'Qualifying',1,0);
INSERT INTO league_raceresult VALUES(2098,3,0,178,0,0,'Qualifying',6,0);
INSERT INTO league_raceresult VALUES(2099,4,0,178,0,0,'Qualifying',8,0);
INSERT INTO league_raceresult VALUES(2100,5,0,178,0,0,'Qualifying',13,0);
INSERT INTO league_raceresult VALUES(2101,6,0,178,0,0,'Qualifying',9,0);
INSERT INTO league_raceresult VALUES(2102,7,0,178,0,0,'Qualifying',7,0);
INSERT INTO league_raceresult VALUES(2103,8,0,178,0,0,'Qualifying',14,0);
INSERT INTO league_raceresult VALUES(2104,9,0,178,0,0,'Qualifying',10,0);
INSERT INTO league_raceresult VALUES(2105,10,0,178,0,0,'Qualifying',15,0);
INSERT INTO league_raceresult VALUES(2106,11,0,178,0,0,'Qualifying',4,0);
INSERT INTO league_raceresult VALUES(2107,12,0,178,0,0,'Qualifying',3,0);
INSERT INTO league_raceresult VALUES(2108,13,0,178,0,0,'Qualifying',20,0);
INSERT INTO league_raceresult VALUES(2109,14,0,178,0,0,'Qualifying',12,0);
INSERT INTO league_raceresult VALUES(2110,15,0,178,0,0,'Qualifying',18,0);
INSERT INTO league_raceresult VALUES(2111,16,0,178,0,0,'Qualifying',2,0);
INSERT INTO league_raceresult VALUES(2112,17,0,178,0,0,'Qualifying',19,0);
INSERT INTO league_raceresult VALUES(2113,18,0,178,0,0,'Qualifying',17,0);
INSERT INTO league_raceresult VALUES(2114,19,0,178,0,0,'Qualifying',16,0);
INSERT INTO league_raceresult VALUES(2115,20,0,178,0,0,'Qualifying',11,0);
INSERT INTO league_raceresult VALUES(2116,1,25,178,0,0,'Race',1,0);
INSERT INTO league_raceresult VALUES(2117,2,18,178,0,0,'Race',6,0);
INSERT INTO league_raceresult VALUES(2118,3,15,178,0,0,'Race',5,0);
INSERT INTO league_raceresult VALUES(2119,4,13,178,0,1,'Race',7,0);
INSERT INTO league_raceresult VALUES(2120,5,10,178,0,0,'Race',8,0);
INSERT INTO league_raceresult VALUES(2121,6,8,178,0,0,'Race',9,0);
INSERT INTO league_raceresult VALUES(2122,7,6,178,0,0,'Race',10,0);
INSERT INTO league_raceresult VALUES(2123,8,4,178,0,0,'Race',13,0);
INSERT INTO league_raceresult VALUES(2124,9,2,178,0,0,'Race',18,0);
INSERT INTO league_raceresult VALUES(2125,10,1,178,0,0,'Race',17,0);
INSERT INTO league_raceresult VALUES(2126,11,0,178,0,0,'Race',16,0);
INSERT INTO league_raceresult VALUES(2127,12,0,178,0,0,'Race',12,0);
INSERT INTO league_raceresult VALUES(2128,13,0,178,0,0,'Race',19,0);
INSERT INTO league_raceresult VALUES(2129,14,0,178,0,0,'Race',14,0);
INSERT INTO league_raceresult VALUES(2130,15,0,178,0,0,'Race',11,0);
INSERT INTO league_raceresult VALUES(2131,16,0,178,0,0,'Race',3,0);
INSERT INTO league_raceresult VALUES(2132,17,0,178,0,0,'Race',15,0);
INSERT INTO league_raceresult VALUES(2133,18,0,178,0,0,'Race',2,0);
INSERT INTO league_raceresult VALUES(2134,19,0,178,0,0,'Race',4,0);
INSERT INTO league_raceresult VALUES(2135,20,0,178,0,0,'Race',20,0);
INSERT INTO league_raceresult VALUES(2136,1,0,131,0,0,'Qualifying',6,0);
INSERT INTO league_raceresult VALUES(2137,2,0,131,0,0,'Qualifying',1,0);
INSERT INTO league_raceresult VALUES(2138,3,0,131,0,0,'Qualifying',7,0);
INSERT INTO league_raceresult VALUES(2139,4,0,131,0,0,'Qualifying',5,0);
INSERT INTO league_raceresult VALUES(2140,5,0,131,0,0,'Qualifying',4,0);
INSERT INTO league_raceresult VALUES(2141,6,0,131,0,0,'Qualifying',3,0);
INSERT INTO league_raceresult VALUES(2142,7,0,131,0,0,'Qualifying',18,0);
INSERT INTO league_raceresult VALUES(2143,8,0,131,0,0,'Qualifying',2,0);
INSERT INTO league_raceresult VALUES(2144,9,0,131,0,0,'Qualifying',17,0);
INSERT INTO league_raceresult VALUES(2145,10,0,131,0,0,'Qualifying',8,0);
INSERT INTO league_raceresult VALUES(2146,11,0,131,0,0,'Qualifying',9,0);
INSERT INTO league_raceresult VALUES(2147,12,0,131,0,0,'Qualifying',19,0);
INSERT INTO league_raceresult VALUES(2148,13,0,131,0,0,'Qualifying',16,0);
INSERT INTO league_raceresult VALUES(2149,14,0,131,0,0,'Qualifying',10,0);
INSERT INTO league_raceresult VALUES(2150,15,0,131,0,0,'Qualifying',11,0);
INSERT INTO league_raceresult VALUES(2151,16,0,131,0,0,'Qualifying',12,0);
INSERT INTO league_raceresult VALUES(2152,17,0,131,0,0,'Qualifying',14,0);
INSERT INTO league_raceresult VALUES(2153,18,0,131,0,0,'Qualifying',13,0);
INSERT INTO league_raceresult VALUES(2154,19,0,131,0,0,'Qualifying',15,0);
INSERT INTO league_raceresult VALUES(2155,20,0,131,0,0,'Qualifying',20,0);
INSERT INTO league_raceresult VALUES(2156,1,25,131,0,0,'Race',1,0);
INSERT INTO league_raceresult VALUES(2157,2,19,131,0,1,'Race',6,0);
INSERT INTO league_raceresult VALUES(2158,3,15,131,0,0,'Race',7,0);
INSERT INTO league_raceresult VALUES(2159,4,12,131,0,0,'Race',5,0);
INSERT INTO league_raceresult VALUES(2160,5,10,131,0,0,'Race',4,0);
INSERT INTO league_raceresult VALUES(2161,6,8,131,0,0,'Race',3,0);
INSERT INTO league_raceresult VALUES(2162,7,6,131,0,0,'Race',8,0);
INSERT INTO league_raceresult VALUES(2163,8,4,131,0,0,'Race',2,0);
INSERT INTO league_raceresult VALUES(2164,9,2,131,0,0,'Race',18,0);
INSERT INTO league_raceresult VALUES(2165,10,1,131,0,0,'Race',17,0);
INSERT INTO league_raceresult VALUES(2166,11,0,131,0,0,'Race',16,0);
INSERT INTO league_raceresult VALUES(2167,12,0,131,0,0,'Race',9,0);
INSERT INTO league_raceresult VALUES(2168,13,0,131,0,0,'Race',11,0);
INSERT INTO league_raceresult VALUES(2169,14,0,131,0,0,'Race',10,0);
INSERT INTO league_raceresult VALUES(2170,15,0,131,0,0,'Race',13,0);
INSERT INTO league_raceresult VALUES(2171,16,0,131,0,0,'Race',19,0);
INSERT INTO league_raceresult VALUES(2172,17,0,131,0,0,'Race',12,0);
INSERT INTO league_raceresult VALUES(2173,18,0,131,0,0,'Race',15,0);
INSERT INTO league_raceresult VALUES(2174,19,0,131,0,0,'Race',14,0);
INSERT INTO league_raceresult VALUES(2175,20,0,131,0,0,'Race',20,0);
INSERT INTO league_raceresult VALUES(2176,1,0,155,0,0,'Qualifying',6,0);
INSERT INTO league_raceresult VALUES(2177,2,0,155,0,0,'Qualifying',1,0);
INSERT INTO league_raceresult VALUES(2178,3,0,155,0,0,'Qualifying',7,0);
INSERT INTO league_raceresult VALUES(2179,4,0,155,0,0,'Qualifying',5,0);
INSERT INTO league_raceresult VALUES(2180,5,0,155,0,0,'Qualifying',4,0);
INSERT INTO league_raceresult VALUES(2181,6,0,155,0,0,'Qualifying',3,0);
INSERT INTO league_raceresult VALUES(2182,7,0,155,0,0,'Qualifying',18,0);
INSERT INTO league_raceresult VALUES(2183,8,0,155,0,0,'Qualifying',2,0);
INSERT INTO league_raceresult VALUES(2184,9,0,155,0,0,'Qualifying',17,0);
INSERT INTO league_raceresult VALUES(2185,10,0,155,0,0,'Qualifying',8,0);
INSERT INTO league_raceresult VALUES(2186,11,0,155,0,0,'Qualifying',9,0);
INSERT INTO league_raceresult VALUES(2187,12,0,155,0,0,'Qualifying',19,0);
INSERT INTO league_raceresult VALUES(2188,13,0,155,0,0,'Qualifying',16,0);
INSERT INTO league_raceresult VALUES(2189,14,0,155,0,0,'Qualifying',10,0);
INSERT INTO league_raceresult VALUES(2190,15,0,155,0,0,'Qualifying',11,0);
INSERT INTO league_raceresult VALUES(2191,16,0,155,0,0,'Qualifying',12,0);
INSERT INTO league_raceresult VALUES(2192,17,0,155,0,0,'Qualifying',14,0);
INSERT INTO league_raceresult VALUES(2193,18,0,155,0,0,'Qualifying',13,0);
INSERT INTO league_raceresult VALUES(2194,19,0,155,0,0,'Qualifying',15,0);
INSERT INTO league_raceresult VALUES(2195,20,0,155,0,0,'Qualifying',20,0);
INSERT INTO league_raceresult VALUES(2196,1,25,155,0,0,'Race',1,0);
INSERT INTO league_raceresult VALUES(2197,2,19,155,0,1,'Race',6,0);
INSERT INTO league_raceresult VALUES(2198,3,15,155,0,0,'Race',7,0);
INSERT INTO league_raceresult VALUES(2199,4,12,155,0,0,'Race',5,0);
INSERT INTO league_raceresult VALUES(2200,5,10,155,0,0,'Race',4,0);
INSERT INTO league_raceresult VALUES(2201,6,8,155,0,0,'Race',3,0);
INSERT INTO league_raceresult VALUES(2202,7,6,155,0,0,'Race',8,0);
INSERT INTO league_raceresult VALUES(2203,8,4,155,0,0,'Race',2,0);
INSERT INTO league_raceresult VALUES(2204,9,2,155,0,0,'Race',18,0);
INSERT INTO league_raceresult VALUES(2205,10,1,155,0,0,'Race',17,0);
INSERT INTO league_raceresult VALUES(2206,11,0,155,0,0,'Race',16,0);
INSERT INTO league_raceresult VALUES(2207,12,0,155,0,0,'Race',9,0);
INSERT INTO league_raceresult VALUES(2208,13,0,155,0,0,'Race',11,0);
INSERT INTO league_raceresult VALUES(2209,14,0,155,0,0,'Race',10,0);
INSERT INTO league_raceresult VALUES(2210,15,0,155,0,0,'Race',13,0);
INSERT INTO league_raceresult VALUES(2211,16,0,155,0,0,'Race',19,0);
INSERT INTO league_raceresult VALUES(2212,17,0,155,0,0,'Race',12,0);
INSERT INTO league_raceresult VALUES(2213,18,0,155,0,0,'Race',15,0);
INSERT INTO league_raceresult VALUES(2214,19,0,155,0,0,'Race',14,0);
INSERT INTO league_raceresult VALUES(2215,20,0,155,0,0,'Race',20,0);
INSERT INTO league_raceresult VALUES(2216,1,0,179,0,0,'Qualifying',6,0);
INSERT INTO league_raceresult VALUES(2217,2,0,179,0,0,'Qualifying',1,0);
INSERT INTO league_raceresult VALUES(2218,3,0,179,0,0,'Qualifying',7,0);
INSERT INTO league_raceresult VALUES(2219,4,0,179,0,0,'Qualifying',5,0);
INSERT INTO league_raceresult VALUES(2220,5,0,179,0,0,'Qualifying',4,0);
INSERT INTO league_raceresult VALUES(2221,6,0,179,0,0,'Qualifying',3,0);
INSERT INTO league_raceresult VALUES(2222,7,0,179,0,0,'Qualifying',18,0);
INSERT INTO league_raceresult VALUES(2223,8,0,179,0,0,'Qualifying',2,0);
INSERT INTO league_raceresult VALUES(2224,9,0,179,0,0,'Qualifying',17,0);
INSERT INTO league_raceresult VALUES(2225,10,0,179,0,0,'Qualifying',8,0);
INSERT INTO league_raceresult VALUES(2226,11,0,179,0,0,'Qualifying',9,0);
INSERT INTO league_raceresult VALUES(2227,12,0,179,0,0,'Qualifying',19,0);
INSERT INTO league_raceresult VALUES(2228,13,0,179,0,0,'Qualifying',16,0);
INSERT INTO league_raceresult VALUES(2229,14,0,179,0,0,'Qualifying',10,0);
INSERT INTO league_raceresult VALUES(2230,15,0,179,0,0,'Qualifying',11,0);
INSERT INTO league_raceresult VALUES(2231,16,0,179,0,0,'Qualifying',12,0);
INSERT INTO league_raceresult VALUES(2232,17,0,179,0,0,'Qualifying',14,0);
INSERT INTO league_raceresult VALUES(2233,18,0,179,0,0,'Qualifying',13,0);
INSERT INTO league_raceresult VALUES(2234,19,0,179,0,0,'Qualifying',15,0);
INSERT INTO league_raceresult VALUES(2235,20,0,179,0,0,'Qualifying',20,0);
INSERT INTO league_raceresult VALUES(2236,1,25,179,0,0,'Race',1,0);
INSERT INTO league_raceresult VALUES(2237,2,19,179,0,1,'Race',6,0);
INSERT INTO league_raceresult VALUES(2238,3,15,179,0,0,'Race',7,0);
INSERT INTO league_raceresult VALUES(2239,4,12,179,0,0,'Race',5,0);
INSERT INTO league_raceresult VALUES(2240,5,10,179,0,0,'Race',4,0);
INSERT INTO league_raceresult VALUES(2241,6,8,179,0,0,'Race',3,0);
INSERT INTO league_raceresult VALUES(2242,7,6,179,0,0,'Race',8,0);
INSERT INTO league_raceresult VALUES(2243,8,4,179,0,0,'Race',2,0);
INSERT INTO league_raceresult VALUES(2244,9,2,179,0,0,'Race',18,0);
INSERT INTO league_raceresult VALUES(2245,10,1,179,0,0,'Race',17,0);
INSERT INTO league_raceresult VALUES(2246,11,0,179,0,0,'Race',16,0);
INSERT INTO league_raceresult VALUES(2247,12,0,179,0,0,'Race',9,0);
INSERT INTO league_raceresult VALUES(2248,13,0,179,0,0,'Race',11,0);
INSERT INTO league_raceresult VALUES(2249,14,0,179,0,0,'Race',10,0);
INSERT INTO league_raceresult VALUES(2250,15,0,179,0,0,'Race',13,0);
INSERT INTO league_raceresult VALUES(2251,16,0,179,0,0,'Race',19,0);
INSERT INTO league_raceresult VALUES(2252,17,0,179,0,0,'Race',12,0);
INSERT INTO league_raceresult VALUES(2253,18,0,179,0,0,'Race',15,0);
INSERT INTO league_raceresult VALUES(2254,19,0,179,0,0,'Race',14,0);
INSERT INTO league_raceresult VALUES(2255,20,0,179,0,0,'Race',20,0);
INSERT INTO league_raceresult VALUES(2256,1,0,132,0,0,'Qualifying',1,0);
INSERT INTO league_raceresult VALUES(2257,2,0,132,0,0,'Qualifying',6,0);
INSERT INTO league_raceresult VALUES(2258,3,0,132,0,0,'Qualifying',5,0);
INSERT INTO league_raceresult VALUES(2259,4,0,132,0,0,'Qualifying',3,0);
INSERT INTO league_raceresult VALUES(2260,5,0,132,0,0,'Qualifying',7,0);
INSERT INTO league_raceresult VALUES(2261,6,0,132,0,0,'Qualifying',4,0);
INSERT INTO league_raceresult VALUES(2262,7,0,132,0,0,'Qualifying',8,0);
INSERT INTO league_raceresult VALUES(2263,8,0,132,0,0,'Qualifying',2,0);
INSERT INTO league_raceresult VALUES(2264,9,0,132,0,0,'Qualifying',16,0);
INSERT INTO league_raceresult VALUES(2265,10,0,132,0,0,'Qualifying',17,0);
INSERT INTO league_raceresult VALUES(2266,11,0,132,0,0,'Qualifying',13,0);
INSERT INTO league_raceresult VALUES(2267,12,0,132,0,0,'Qualifying',12,0);
INSERT INTO league_raceresult VALUES(2268,13,0,132,0,0,'Qualifying',18,0);
INSERT INTO league_raceresult VALUES(2269,14,0,132,0,0,'Qualifying',14,0);
INSERT INTO league_raceresult VALUES(2270,15,0,132,0,0,'Qualifying',9,0);
INSERT INTO league_raceresult VALUES(2271,16,0,132,0,0,'Qualifying',15,0);
INSERT INTO league_raceresult VALUES(2272,17,0,132,0,0,'Qualifying',10,0);
INSERT INTO league_raceresult VALUES(2273,18,0,132,0,0,'Qualifying',19,0);
INSERT INTO league_raceresult VALUES(2274,19,0,132,0,0,'Qualifying',20,0);
INSERT INTO league_raceresult VALUES(2275,20,0,132,0,0,'Qualifying',11,0);
INSERT INTO league_raceresult VALUES(2276,1,8,132,0,0,'Sprint',1,0);
INSERT INTO league_raceresult VALUES(2277,2,7,132,0,0,'Sprint',8,0);
INSERT INTO league_raceresult VALUES(2278,3,6,132,0,0,'Sprint',6,0);
INSERT INTO league_raceresult VALUES(2279,4,5,132,0,0,'Sprint',5,0);
INSERT INTO league_raceresult VALUES(2280,5,4,132,0,0,'Sprint',3,0);
INSERT INTO league_raceresult VALUES(2281,6,3,132,0,0,'Sprint',7,0);
INSERT INTO league_raceresult VALUES(2282,7,2,132,0,0,'Sprint',4,0);
INSERT INTO league_raceresult VALUES(2283,8,1,132,0,0,'Sprint',2,0);
INSERT INTO league_raceresult VALUES(2284,9,0,132,0,0,'Sprint',12,0);
INSERT INTO league_raceresult VALUES(2285,10,0,132,0,0,'Sprint',10,0);
INSERT INTO league_raceresult VALUES(2286,11,0,132,0,0,'Sprint',17,0);
INSERT INTO league_raceresult VALUES(2287,12,0,132,0,0,'Sprint',18,0);
INSERT INTO league_raceresult VALUES(2288,13,0,132,0,0,'Sprint',14,0);
INSERT INTO league_raceresult VALUES(2289,14,0,132,0,0,'Sprint',13,0);
INSERT INTO league_raceresult VALUES(2290,15,0,132,0,0,'Sprint',9,0);
INSERT INTO league_raceresult VALUES(2291,16,0,132,0,0,'Sprint',20,0);
INSERT INTO league_raceresult VALUES(2292,17,0,132,0,0,'Sprint',15,0);
INSERT INTO league_raceresult VALUES(2293,18,0,132,0,0,'Sprint',19,0);
INSERT INTO league_raceresult VALUES(2294,19,0,132,0,0,'Sprint',16,0);
INSERT INTO league_raceresult VALUES(2295,20,0,132,0,0,'Sprint',11,0);
INSERT INTO league_raceresult VALUES(2296,1,25,132,0,0,'Race',5,0);
INSERT INTO league_raceresult VALUES(2297,2,18,132,0,0,'Race',8,0);
INSERT INTO league_raceresult VALUES(2298,3,15,132,0,0,'Race',3,0);
INSERT INTO league_raceresult VALUES(2299,4,12,132,0,0,'Race',7,0);
INSERT INTO league_raceresult VALUES(2300,5,10,132,0,0,'Race',1,0);
INSERT INTO league_raceresult VALUES(2301,6,8,132,0,0,'Race',16,0);
INSERT INTO league_raceresult VALUES(2302,7,6,132,0,0,'Race',2,0);
INSERT INTO league_raceresult VALUES(2303,8,4,132,0,0,'Race',12,0);
INSERT INTO league_raceresult VALUES(2304,9,2,132,0,0,'Race',13,0);
INSERT INTO league_raceresult VALUES(2305,10,1,132,0,0,'Race',18,0);
INSERT INTO league_raceresult VALUES(2306,11,0,132,0,0,'Race',4,0);
INSERT INTO league_raceresult VALUES(2307,12,0,132,0,0,'Race',17,0);
INSERT INTO league_raceresult VALUES(2308,13,0,132,0,0,'Race',10,0);
INSERT INTO league_raceresult VALUES(2309,14,0,132,0,0,'Race',14,0);
INSERT INTO league_raceresult VALUES(2310,15,0,132,0,0,'Race',15,0);
INSERT INTO league_raceresult VALUES(2311,16,0,132,0,0,'Race',19,0);
INSERT INTO league_raceresult VALUES(2312,17,0,132,0,0,'Race',11,0);
INSERT INTO league_raceresult VALUES(2313,18,0,132,0,1,'Race',9,0);
INSERT INTO league_raceresult VALUES(2314,19,0,132,0,0,'Race',20,0);
INSERT INTO league_raceresult VALUES(2315,20,0,132,0,0,'Race',6,0);
INSERT INTO league_raceresult VALUES(2316,1,0,156,0,0,'Qualifying',1,0);
INSERT INTO league_raceresult VALUES(2317,2,0,156,0,0,'Qualifying',6,0);
INSERT INTO league_raceresult VALUES(2318,3,0,156,0,0,'Qualifying',5,0);
INSERT INTO league_raceresult VALUES(2319,4,0,156,0,0,'Qualifying',3,0);
INSERT INTO league_raceresult VALUES(2320,5,0,156,0,0,'Qualifying',7,0);
INSERT INTO league_raceresult VALUES(2321,6,0,156,0,0,'Qualifying',4,0);
INSERT INTO league_raceresult VALUES(2322,7,0,156,0,0,'Qualifying',8,0);
INSERT INTO league_raceresult VALUES(2323,8,0,156,0,0,'Qualifying',2,0);
INSERT INTO league_raceresult VALUES(2324,9,0,156,0,0,'Qualifying',16,0);
INSERT INTO league_raceresult VALUES(2325,10,0,156,0,0,'Qualifying',17,0);
INSERT INTO league_raceresult VALUES(2326,11,0,156,0,0,'Qualifying',13,0);
INSERT INTO league_raceresult VALUES(2327,12,0,156,0,0,'Qualifying',12,0);
INSERT INTO league_raceresult VALUES(2328,13,0,156,0,0,'Qualifying',18,0);
INSERT INTO league_raceresult VALUES(2329,14,0,156,0,0,'Qualifying',14,0);
INSERT INTO league_raceresult VALUES(2330,15,0,156,0,0,'Qualifying',9,0);
INSERT INTO league_raceresult VALUES(2331,16,0,156,0,0,'Qualifying',15,0);
INSERT INTO league_raceresult VALUES(2332,17,0,156,0,0,'Qualifying',10,0);
INSERT INTO league_raceresult VALUES(2333,18,0,156,0,0,'Qualifying',19,0);
INSERT INTO league_raceresult VALUES(2334,19,0,156,0,0,'Qualifying',20,0);
INSERT INTO league_raceresult VALUES(2335,20,0,156,0,0,'Qualifying',11,0);
INSERT INTO league_raceresult VALUES(2336,1,8,156,0,0,'Sprint',1,0);
INSERT INTO league_raceresult VALUES(2337,2,7,156,0,0,'Sprint',8,0);
INSERT INTO league_raceresult VALUES(2338,3,6,156,0,0,'Sprint',6,0);
INSERT INTO league_raceresult VALUES(2339,4,5,156,0,0,'Sprint',5,0);
INSERT INTO league_raceresult VALUES(2340,5,4,156,0,0,'Sprint',3,0);
INSERT INTO league_raceresult VALUES(2341,6,3,156,0,0,'Sprint',7,0);
INSERT INTO league_raceresult VALUES(2342,7,2,156,0,0,'Sprint',4,0);
INSERT INTO league_raceresult VALUES(2343,8,1,156,0,0,'Sprint',2,0);
INSERT INTO league_raceresult VALUES(2344,9,0,156,0,0,'Sprint',12,0);
INSERT INTO league_raceresult VALUES(2345,10,0,156,0,0,'Sprint',10,0);
INSERT INTO league_raceresult VALUES(2346,11,0,156,0,0,'Sprint',17,0);
INSERT INTO league_raceresult VALUES(2347,12,0,156,0,0,'Sprint',18,0);
INSERT INTO league_raceresult VALUES(2348,13,0,156,0,0,'Sprint',14,0);
INSERT INTO league_raceresult VALUES(2349,14,0,156,0,0,'Sprint',13,0);
INSERT INTO league_raceresult VALUES(2350,15,0,156,0,0,'Sprint',9,0);
INSERT INTO league_raceresult VALUES(2351,16,0,156,0,0,'Sprint',20,0);
INSERT INTO league_raceresult VALUES(2352,17,0,156,0,0,'Sprint',15,0);
INSERT INTO league_raceresult VALUES(2353,18,0,156,0,0,'Sprint',19,0);
INSERT INTO league_raceresult VALUES(2354,19,0,156,0,0,'Sprint',16,0);
INSERT INTO league_raceresult VALUES(2355,20,0,156,0,0,'Sprint',11,0);
INSERT INTO league_raceresult VALUES(2356,1,25,156,0,0,'Race',5,0);
INSERT INTO league_raceresult VALUES(2357,2,18,156,0,0,'Race',8,0);
INSERT INTO league_raceresult VALUES(2358,3,15,156,0,0,'Race',3,0);
INSERT INTO league_raceresult VALUES(2359,4,12,156,0,0,'Race',7,0);
INSERT INTO league_raceresult VALUES(2360,5,10,156,0,0,'Race',1,0);
INSERT INTO league_raceresult VALUES(2361,6,8,156,0,0,'Race',16,0);
INSERT INTO league_raceresult VALUES(2362,7,6,156,0,0,'Race',2,0);
INSERT INTO league_raceresult VALUES(2363,8,4,156,0,0,'Race',12,0);
INSERT INTO league_raceresult VALUES(2364,9,2,156,0,0,'Race',13,0);
INSERT INTO league_raceresult VALUES(2365,10,1,156,0,0,'Race',18,0);
INSERT INTO league_raceresult VALUES(2366,11,0,156,0,0,'Race',4,0);
INSERT INTO league_raceresult VALUES(2367,12,0,156,0,0,'Race',17,0);
INSERT INTO league_raceresult VALUES(2368,13,0,156,0,0,'Race',10,0);
INSERT INTO league_raceresult VALUES(2369,14,0,156,0,0,'Race',14,0);
INSERT INTO league_raceresult VALUES(2370,15,0,156,0,0,'Race',15,0);
INSERT INTO league_raceresult VALUES(2371,16,0,156,0,0,'Race',19,0);
INSERT INTO league_raceresult VALUES(2372,17,0,156,0,0,'Race',11,0);
INSERT INTO league_raceresult VALUES(2373,18,0,156,0,1,'Race',9,0);
INSERT INTO league_raceresult VALUES(2374,19,0,156,0,0,'Race',20,0);
INSERT INTO league_raceresult VALUES(2375,20,0,156,0,0,'Race',6,0);
INSERT INTO league_raceresult VALUES(2376,1,0,180,0,0,'Qualifying',1,0);
INSERT INTO league_raceresult VALUES(2377,2,0,180,0,0,'Qualifying',6,0);
INSERT INTO league_raceresult VALUES(2378,3,0,180,0,0,'Qualifying',5,0);
INSERT INTO league_raceresult VALUES(2379,4,0,180,0,0,'Qualifying',3,0);
INSERT INTO league_raceresult VALUES(2380,5,0,180,0,0,'Qualifying',7,0);
INSERT INTO league_raceresult VALUES(2381,6,0,180,0,0,'Qualifying',4,0);
INSERT INTO league_raceresult VALUES(2382,7,0,180,0,0,'Qualifying',8,0);
INSERT INTO league_raceresult VALUES(2383,8,0,180,0,0,'Qualifying',2,0);
INSERT INTO league_raceresult VALUES(2384,9,0,180,0,0,'Qualifying',16,0);
INSERT INTO league_raceresult VALUES(2385,10,0,180,0,0,'Qualifying',17,0);
INSERT INTO league_raceresult VALUES(2386,11,0,180,0,0,'Qualifying',13,0);
INSERT INTO league_raceresult VALUES(2387,12,0,180,0,0,'Qualifying',12,0);
INSERT INTO league_raceresult VALUES(2388,13,0,180,0,0,'Qualifying',18,0);
INSERT INTO league_raceresult VALUES(2389,14,0,180,0,0,'Qualifying',14,0);
INSERT INTO league_raceresult VALUES(2390,15,0,180,0,0,'Qualifying',9,0);
INSERT INTO league_raceresult VALUES(2391,16,0,180,0,0,'Qualifying',15,0);
INSERT INTO league_raceresult VALUES(2392,17,0,180,0,0,'Qualifying',10,0);
INSERT INTO league_raceresult VALUES(2393,18,0,180,0,0,'Qualifying',19,0);
INSERT INTO league_raceresult VALUES(2394,19,0,180,0,0,'Qualifying',20,0);
INSERT INTO league_raceresult VALUES(2395,20,0,180,0,0,'Qualifying',11,0);
INSERT INTO league_raceresult VALUES(2396,1,8,180,0,0,'Sprint',1,0);
INSERT INTO league_raceresult VALUES(2397,2,7,180,0,0,'Sprint',8,0);
INSERT INTO league_raceresult VALUES(2398,3,6,180,0,0,'Sprint',6,0);
INSERT INTO league_raceresult VALUES(2399,4,5,180,0,0,'Sprint',5,0);
INSERT INTO league_raceresult VALUES(2400,5,4,180,0,0,'Sprint',3,0);
INSERT INTO league_raceresult VALUES(2401,6,3,180,0,0,'Sprint',7,0);
INSERT INTO league_raceresult VALUES(2402,7,2,180,0,0,'Sprint',4,0);
INSERT INTO league_raceresult VALUES(2403,8,1,180,0,0,'Sprint',2,0);
INSERT INTO league_raceresult VALUES(2404,9,0,180,0,0,'Sprint',12,0);
INSERT INTO league_raceresult VALUES(2405,10,0,180,0,0,'Sprint',10,0);
INSERT INTO league_raceresult VALUES(2406,11,0,180,0,0,'Sprint',17,0);
INSERT INTO league_raceresult VALUES(2407,12,0,180,0,0,'Sprint',18,0);
INSERT INTO league_raceresult VALUES(2408,13,0,180,0,0,'Sprint',14,0);
INSERT INTO league_raceresult VALUES(2409,14,0,180,0,0,'Sprint',13,0);
INSERT INTO league_raceresult VALUES(2410,15,0,180,0,0,'Sprint',9,0);
INSERT INTO league_raceresult VALUES(2411,16,0,180,0,0,'Sprint',20,0);
INSERT INTO league_raceresult VALUES(2412,17,0,180,0,0,'Sprint',15,0);
INSERT INTO league_raceresult VALUES(2413,18,0,180,0,0,'Sprint',19,0);
INSERT INTO league_raceresult VALUES(2414,19,0,180,0,0,'Sprint',16,0);
INSERT INTO league_raceresult VALUES(2415,20,0,180,0,0,'Sprint',11,0);
INSERT INTO league_raceresult VALUES(2416,1,25,180,0,0,'Race',5,0);
INSERT INTO league_raceresult VALUES(2417,2,18,180,0,0,'Race',8,0);
INSERT INTO league_raceresult VALUES(2418,3,15,180,0,0,'Race',3,0);
INSERT INTO league_raceresult VALUES(2419,4,12,180,0,0,'Race',7,0);
INSERT INTO league_raceresult VALUES(2420,5,10,180,0,0,'Race',1,0);
INSERT INTO league_raceresult VALUES(2421,6,8,180,0,0,'Race',16,0);
INSERT INTO league_raceresult VALUES(2422,7,6,180,0,0,'Race',2,0);
INSERT INTO league_raceresult VALUES(2423,8,4,180,0,0,'Race',12,0);
INSERT INTO league_raceresult VALUES(2424,9,2,180,0,0,'Race',13,0);
INSERT INTO league_raceresult VALUES(2425,10,1,180,0,0,'Race',18,0);
INSERT INTO league_raceresult VALUES(2426,11,0,180,0,0,'Race',4,0);
INSERT INTO league_raceresult VALUES(2427,12,0,180,0,0,'Race',17,0);
INSERT INTO league_raceresult VALUES(2428,13,0,180,0,0,'Race',10,0);
INSERT INTO league_raceresult VALUES(2429,14,0,180,0,0,'Race',14,0);
INSERT INTO league_raceresult VALUES(2430,15,0,180,0,0,'Race',15,0);
INSERT INTO league_raceresult VALUES(2431,16,0,180,0,0,'Race',19,0);
INSERT INTO league_raceresult VALUES(2432,17,0,180,0,0,'Race',11,0);
INSERT INTO league_raceresult VALUES(2433,18,0,180,0,1,'Race',9,0);
INSERT INTO league_raceresult VALUES(2434,19,0,180,0,0,'Race',20,0);
INSERT INTO league_raceresult VALUES(2435,20,0,180,0,0,'Race',6,0);
INSERT INTO league_raceresult VALUES(2436,1,0,133,0,0,'Qualifying',5,0);
INSERT INTO league_raceresult VALUES(2437,2,0,133,0,0,'Qualifying',7,0);
INSERT INTO league_raceresult VALUES(2438,3,0,133,0,0,'Qualifying',6,0);
INSERT INTO league_raceresult VALUES(2439,4,0,133,0,0,'Qualifying',1,0);
INSERT INTO league_raceresult VALUES(2440,5,0,133,0,0,'Qualifying',8,0);
INSERT INTO league_raceresult VALUES(2441,6,0,133,0,0,'Qualifying',16,0);
INSERT INTO league_raceresult VALUES(2442,7,0,133,0,0,'Qualifying',3,0);
INSERT INTO league_raceresult VALUES(2443,8,0,133,0,0,'Qualifying',10,0);
INSERT INTO league_raceresult VALUES(2444,9,0,133,0,0,'Qualifying',15,0);
INSERT INTO league_raceresult VALUES(2445,10,0,133,0,0,'Qualifying',9,0);
INSERT INTO league_raceresult VALUES(2446,11,0,133,0,0,'Qualifying',4,0);
INSERT INTO league_raceresult VALUES(2447,12,0,133,0,0,'Qualifying',20,0);
INSERT INTO league_raceresult VALUES(2448,13,0,133,0,0,'Qualifying',14,0);
INSERT INTO league_raceresult VALUES(2449,14,0,133,0,0,'Qualifying',11,0);
INSERT INTO league_raceresult VALUES(2450,15,0,133,0,0,'Qualifying',13,0);
INSERT INTO league_raceresult VALUES(2451,16,0,133,0,0,'Qualifying',19,0);
INSERT INTO league_raceresult VALUES(2452,17,0,133,0,0,'Qualifying',12,0);
INSERT INTO league_raceresult VALUES(2453,18,0,133,0,0,'Qualifying',17,0);
INSERT INTO league_raceresult VALUES(2454,19,0,133,0,0,'Qualifying',2,0);
INSERT INTO league_raceresult VALUES(2455,20,0,133,0,0,'Qualifying',18,0);
INSERT INTO league_raceresult VALUES(2456,1,25,133,0,0,'Race',7,0);
INSERT INTO league_raceresult VALUES(2457,2,18,133,0,0,'Race',1,0);
INSERT INTO league_raceresult VALUES(2458,3,15,133,0,0,'Race',6,0);
INSERT INTO league_raceresult VALUES(2459,4,12,133,0,0,'Race',8,0);
INSERT INTO league_raceresult VALUES(2460,5,11,133,0,1,'Race',3,0);
INSERT INTO league_raceresult VALUES(2461,6,8,133,0,0,'Race',16,0);
INSERT INTO league_raceresult VALUES(2462,7,6,133,0,0,'Race',10,0);
INSERT INTO league_raceresult VALUES(2463,8,4,133,0,0,'Race',9,0);
INSERT INTO league_raceresult VALUES(2464,9,2,133,0,0,'Race',15,0);
INSERT INTO league_raceresult VALUES(2465,10,1,133,0,0,'Race',14,0);
INSERT INTO league_raceresult VALUES(2466,11,0,133,0,0,'Race',20,0);
INSERT INTO league_raceresult VALUES(2467,12,0,133,0,0,'Race',12,0);
INSERT INTO league_raceresult VALUES(2468,13,0,133,0,0,'Race',13,0);
INSERT INTO league_raceresult VALUES(2469,14,0,133,0,0,'Race',4,0);
INSERT INTO league_raceresult VALUES(2470,15,0,133,0,0,'Race',19,0);
INSERT INTO league_raceresult VALUES(2471,16,0,133,0,0,'Race',17,0);
INSERT INTO league_raceresult VALUES(2472,17,0,133,0,0,'Race',2,0);
INSERT INTO league_raceresult VALUES(2473,18,0,133,0,0,'Race',11,0);
INSERT INTO league_raceresult VALUES(2474,19,0,133,0,0,'Race',5,0);
INSERT INTO league_raceresult VALUES(2475,20,0,133,0,0,'Race',18,0);
INSERT INTO league_raceresult VALUES(2476,1,0,157,0,0,'Qualifying',5,0);
INSERT INTO league_raceresult VALUES(2477,2,0,157,0,0,'Qualifying',7,0);
INSERT INTO league_raceresult VALUES(2478,3,0,157,0,0,'Qualifying',6,0);
INSERT INTO league_raceresult VALUES(2479,4,0,157,0,0,'Qualifying',1,0);
INSERT INTO league_raceresult VALUES(2480,5,0,157,0,0,'Qualifying',8,0);
INSERT INTO league_raceresult VALUES(2481,6,0,157,0,0,'Qualifying',16,0);
INSERT INTO league_raceresult VALUES(2482,7,0,157,0,0,'Qualifying',3,0);
INSERT INTO league_raceresult VALUES(2483,8,0,157,0,0,'Qualifying',10,0);
INSERT INTO league_raceresult VALUES(2484,9,0,157,0,0,'Qualifying',15,0);
INSERT INTO league_raceresult VALUES(2485,10,0,157,0,0,'Qualifying',9,0);
INSERT INTO league_raceresult VALUES(2486,11,0,157,0,0,'Qualifying',4,0);
INSERT INTO league_raceresult VALUES(2487,12,0,157,0,0,'Qualifying',20,0);
INSERT INTO league_raceresult VALUES(2488,13,0,157,0,0,'Qualifying',14,0);
INSERT INTO league_raceresult VALUES(2489,14,0,157,0,0,'Qualifying',11,0);
INSERT INTO league_raceresult VALUES(2490,15,0,157,0,0,'Qualifying',13,0);
INSERT INTO league_raceresult VALUES(2491,16,0,157,0,0,'Qualifying',19,0);
INSERT INTO league_raceresult VALUES(2492,17,0,157,0,0,'Qualifying',12,0);
INSERT INTO league_raceresult VALUES(2493,18,0,157,0,0,'Qualifying',17,0);
INSERT INTO league_raceresult VALUES(2494,19,0,157,0,0,'Qualifying',2,0);
INSERT INTO league_raceresult VALUES(2495,20,0,157,0,0,'Qualifying',18,0);
INSERT INTO league_raceresult VALUES(2496,1,25,157,0,0,'Race',7,0);
INSERT INTO league_raceresult VALUES(2497,2,18,157,0,0,'Race',1,0);
INSERT INTO league_raceresult VALUES(2498,3,15,157,0,0,'Race',6,0);
INSERT INTO league_raceresult VALUES(2499,4,12,157,0,0,'Race',8,0);
INSERT INTO league_raceresult VALUES(2500,5,11,157,0,1,'Race',3,0);
INSERT INTO league_raceresult VALUES(2501,6,8,157,0,0,'Race',16,0);
INSERT INTO league_raceresult VALUES(2502,7,6,157,0,0,'Race',10,0);
INSERT INTO league_raceresult VALUES(2503,8,4,157,0,0,'Race',9,0);
INSERT INTO league_raceresult VALUES(2504,9,2,157,0,0,'Race',15,0);
INSERT INTO league_raceresult VALUES(2505,10,1,157,0,0,'Race',14,0);
INSERT INTO league_raceresult VALUES(2506,11,0,157,0,0,'Race',20,0);
INSERT INTO league_raceresult VALUES(2507,12,0,157,0,0,'Race',12,0);
INSERT INTO league_raceresult VALUES(2508,13,0,157,0,0,'Race',13,0);
INSERT INTO league_raceresult VALUES(2509,14,0,157,0,0,'Race',4,0);
INSERT INTO league_raceresult VALUES(2510,15,0,157,0,0,'Race',19,0);
INSERT INTO league_raceresult VALUES(2511,16,0,157,0,0,'Race',17,0);
INSERT INTO league_raceresult VALUES(2512,17,0,157,0,0,'Race',2,0);
INSERT INTO league_raceresult VALUES(2513,18,0,157,0,0,'Race',11,0);
INSERT INTO league_raceresult VALUES(2514,19,0,157,0,0,'Race',5,0);
INSERT INTO league_raceresult VALUES(2515,20,0,157,0,0,'Race',18,0);
INSERT INTO league_raceresult VALUES(2516,1,0,181,0,0,'Qualifying',5,0);
INSERT INTO league_raceresult VALUES(2517,2,0,181,0,0,'Qualifying',7,0);
INSERT INTO league_raceresult VALUES(2518,3,0,181,0,0,'Qualifying',6,0);
INSERT INTO league_raceresult VALUES(2519,4,0,181,0,0,'Qualifying',1,0);
INSERT INTO league_raceresult VALUES(2520,5,0,181,0,0,'Qualifying',8,0);
INSERT INTO league_raceresult VALUES(2521,6,0,181,0,0,'Qualifying',16,0);
INSERT INTO league_raceresult VALUES(2522,7,0,181,0,0,'Qualifying',3,0);
INSERT INTO league_raceresult VALUES(2523,8,0,181,0,0,'Qualifying',10,0);
INSERT INTO league_raceresult VALUES(2524,9,0,181,0,0,'Qualifying',15,0);
INSERT INTO league_raceresult VALUES(2525,10,0,181,0,0,'Qualifying',9,0);
INSERT INTO league_raceresult VALUES(2526,11,0,181,0,0,'Qualifying',4,0);
INSERT INTO league_raceresult VALUES(2527,12,0,181,0,0,'Qualifying',20,0);
INSERT INTO league_raceresult VALUES(2528,13,0,181,0,0,'Qualifying',14,0);
INSERT INTO league_raceresult VALUES(2529,14,0,181,0,0,'Qualifying',11,0);
INSERT INTO league_raceresult VALUES(2530,15,0,181,0,0,'Qualifying',13,0);
INSERT INTO league_raceresult VALUES(2531,16,0,181,0,0,'Qualifying',19,0);
INSERT INTO league_raceresult VALUES(2532,17,0,181,0,0,'Qualifying',12,0);
INSERT INTO league_raceresult VALUES(2533,18,0,181,0,0,'Qualifying',17,0);
INSERT INTO league_raceresult VALUES(2534,19,0,181,0,0,'Qualifying',2,0);
INSERT INTO league_raceresult VALUES(2535,20,0,181,0,0,'Qualifying',18,0);
INSERT INTO league_raceresult VALUES(2536,1,25,181,0,0,'Race',7,0);
INSERT INTO league_raceresult VALUES(2537,2,18,181,0,0,'Race',1,0);
INSERT INTO league_raceresult VALUES(2538,3,15,181,0,0,'Race',6,0);
INSERT INTO league_raceresult VALUES(2539,4,12,181,0,0,'Race',8,0);
INSERT INTO league_raceresult VALUES(2540,5,11,181,0,1,'Race',3,0);
INSERT INTO league_raceresult VALUES(2541,6,8,181,0,0,'Race',16,0);
INSERT INTO league_raceresult VALUES(2542,7,6,181,0,0,'Race',10,0);
INSERT INTO league_raceresult VALUES(2543,8,4,181,0,0,'Race',9,0);
INSERT INTO league_raceresult VALUES(2544,9,2,181,0,0,'Race',15,0);
INSERT INTO league_raceresult VALUES(2545,10,1,181,0,0,'Race',14,0);
INSERT INTO league_raceresult VALUES(2546,11,0,181,0,0,'Race',20,0);
INSERT INTO league_raceresult VALUES(2547,12,0,181,0,0,'Race',12,0);
INSERT INTO league_raceresult VALUES(2548,13,0,181,0,0,'Race',13,0);
INSERT INTO league_raceresult VALUES(2549,14,0,181,0,0,'Race',4,0);
INSERT INTO league_raceresult VALUES(2550,15,0,181,0,0,'Race',19,0);
INSERT INTO league_raceresult VALUES(2551,16,0,181,0,0,'Race',17,0);
INSERT INTO league_raceresult VALUES(2552,17,0,181,0,0,'Race',2,0);
INSERT INTO league_raceresult VALUES(2553,18,0,181,0,0,'Race',11,0);
INSERT INTO league_raceresult VALUES(2554,19,0,181,0,0,'Race',5,0);
INSERT INTO league_raceresult VALUES(2555,20,0,181,0,0,'Race',18,0);
INSERT INTO league_raceresult VALUES(2556,1,0,134,0,0,'Qualifying',6,0);
INSERT INTO league_raceresult VALUES(2557,2,0,134,0,0,'Qualifying',8,0);
INSERT INTO league_raceresult VALUES(2558,3,0,134,0,0,'Qualifying',1,0);
INSERT INTO league_raceresult VALUES(2559,4,0,134,0,0,'Qualifying',3,0);
INSERT INTO league_raceresult VALUES(2560,5,0,134,0,0,'Qualifying',7,0);
INSERT INTO league_raceresult VALUES(2561,6,0,134,0,0,'Qualifying',4,0);
INSERT INTO league_raceresult VALUES(2562,7,0,134,0,0,'Qualifying',9,0);
INSERT INTO league_raceresult VALUES(2563,8,0,134,0,0,'Qualifying',10,0);
INSERT INTO league_raceresult VALUES(2564,9,0,134,0,0,'Qualifying',13,0);
INSERT INTO league_raceresult VALUES(2565,10,0,134,0,0,'Qualifying',14,0);
INSERT INTO league_raceresult VALUES(2566,11,0,134,0,0,'Qualifying',16,0);
INSERT INTO league_raceresult VALUES(2567,12,0,134,0,0,'Qualifying',19,0);
INSERT INTO league_raceresult VALUES(2568,13,0,134,0,0,'Qualifying',15,0);
INSERT INTO league_raceresult VALUES(2569,14,0,134,0,0,'Qualifying',20,0);
INSERT INTO league_raceresult VALUES(2570,15,0,134,0,0,'Qualifying',12,0);
INSERT INTO league_raceresult VALUES(2571,16,0,134,0,0,'Qualifying',2,0);
INSERT INTO league_raceresult VALUES(2572,17,0,134,0,0,'Qualifying',5,0);
INSERT INTO league_raceresult VALUES(2573,18,0,134,0,0,'Qualifying',11,0);
INSERT INTO league_raceresult VALUES(2574,19,0,134,0,0,'Qualifying',17,0);
INSERT INTO league_raceresult VALUES(2575,20,0,134,0,0,'Qualifying',18,0);
INSERT INTO league_raceresult VALUES(2576,1,25,134,0,0,'Race',8,0);
INSERT INTO league_raceresult VALUES(2577,2,18,134,0,0,'Race',6,0);
INSERT INTO league_raceresult VALUES(2578,3,15,134,0,0,'Race',7,0);
INSERT INTO league_raceresult VALUES(2579,4,12,134,0,0,'Race',4,0);
INSERT INTO league_raceresult VALUES(2580,5,10,134,0,0,'Race',1,0);
INSERT INTO league_raceresult VALUES(2581,6,8,134,0,0,'Race',3,0);
INSERT INTO league_raceresult VALUES(2582,7,6,134,0,0,'Race',2,0);
INSERT INTO league_raceresult VALUES(2583,8,5,134,0,1,'Race',5,0);
INSERT INTO league_raceresult VALUES(2584,9,2,134,0,0,'Race',14,0);
INSERT INTO league_raceresult VALUES(2585,10,1,134,0,0,'Race',10,0);
INSERT INTO league_raceresult VALUES(2586,11,0,134,0,0,'Race',9,0);
INSERT INTO league_raceresult VALUES(2587,12,0,134,0,0,'Race',13,0);
INSERT INTO league_raceresult VALUES(2588,13,0,134,0,0,'Race',16,0);
INSERT INTO league_raceresult VALUES(2589,14,0,134,0,0,'Race',15,0);
INSERT INTO league_raceresult VALUES(2590,15,0,134,0,0,'Race',12,0);
INSERT INTO league_raceresult VALUES(2591,16,0,134,0,0,'Race',19,0);
INSERT INTO league_raceresult VALUES(2592,17,0,134,0,0,'Race',20,0);
INSERT INTO league_raceresult VALUES(2593,18,0,134,0,0,'Race',17,0);
INSERT INTO league_raceresult VALUES(2594,19,0,134,0,0,'Race',11,0);
INSERT INTO league_raceresult VALUES(2595,20,0,134,0,0,'Race',18,0);
INSERT INTO league_raceresult VALUES(2596,1,0,158,0,0,'Qualifying',6,0);
INSERT INTO league_raceresult VALUES(2597,2,0,158,0,0,'Qualifying',8,0);
INSERT INTO league_raceresult VALUES(2598,3,0,158,0,0,'Qualifying',1,0);
INSERT INTO league_raceresult VALUES(2599,4,0,158,0,0,'Qualifying',3,0);
INSERT INTO league_raceresult VALUES(2600,5,0,158,0,0,'Qualifying',7,0);
INSERT INTO league_raceresult VALUES(2601,6,0,158,0,0,'Qualifying',4,0);
INSERT INTO league_raceresult VALUES(2602,7,0,158,0,0,'Qualifying',9,0);
INSERT INTO league_raceresult VALUES(2603,8,0,158,0,0,'Qualifying',10,0);
INSERT INTO league_raceresult VALUES(2604,9,0,158,0,0,'Qualifying',13,0);
INSERT INTO league_raceresult VALUES(2605,10,0,158,0,0,'Qualifying',14,0);
INSERT INTO league_raceresult VALUES(2606,11,0,158,0,0,'Qualifying',16,0);
INSERT INTO league_raceresult VALUES(2607,12,0,158,0,0,'Qualifying',19,0);
INSERT INTO league_raceresult VALUES(2608,13,0,158,0,0,'Qualifying',15,0);
INSERT INTO league_raceresult VALUES(2609,14,0,158,0,0,'Qualifying',20,0);
INSERT INTO league_raceresult VALUES(2610,15,0,158,0,0,'Qualifying',12,0);
INSERT INTO league_raceresult VALUES(2611,16,0,158,0,0,'Qualifying',2,0);
INSERT INTO league_raceresult VALUES(2612,17,0,158,0,0,'Qualifying',5,0);
INSERT INTO league_raceresult VALUES(2613,18,0,158,0,0,'Qualifying',11,0);
INSERT INTO league_raceresult VALUES(2614,19,0,158,0,0,'Qualifying',17,0);
INSERT INTO league_raceresult VALUES(2615,20,0,158,0,0,'Qualifying',18,0);
INSERT INTO league_raceresult VALUES(2616,1,25,158,0,0,'Race',8,0);
INSERT INTO league_raceresult VALUES(2617,2,18,158,0,0,'Race',6,0);
INSERT INTO league_raceresult VALUES(2618,3,15,158,0,0,'Race',7,0);
INSERT INTO league_raceresult VALUES(2619,4,12,158,0,0,'Race',4,0);
INSERT INTO league_raceresult VALUES(2620,5,10,158,0,0,'Race',1,0);
INSERT INTO league_raceresult VALUES(2621,6,8,158,0,0,'Race',3,0);
INSERT INTO league_raceresult VALUES(2622,7,6,158,0,0,'Race',2,0);
INSERT INTO league_raceresult VALUES(2623,8,5,158,0,1,'Race',5,0);
INSERT INTO league_raceresult VALUES(2624,9,2,158,0,0,'Race',14,0);
INSERT INTO league_raceresult VALUES(2625,10,1,158,0,0,'Race',10,0);
INSERT INTO league_raceresult VALUES(2626,11,0,158,0,0,'Race',9,0);
INSERT INTO league_raceresult VALUES(2627,12,0,158,0,0,'Race',13,0);
INSERT INTO league_raceresult VALUES(2628,13,0,158,0,0,'Race',16,0);
INSERT INTO league_raceresult VALUES(2629,14,0,158,0,0,'Race',15,0);
INSERT INTO league_raceresult VALUES(2630,15,0,158,0,0,'Race',12,0);
INSERT INTO league_raceresult VALUES(2631,16,0,158,0,0,'Race',19,0);
INSERT INTO league_raceresult VALUES(2632,17,0,158,0,0,'Race',20,0);
INSERT INTO league_raceresult VALUES(2633,18,0,158,0,0,'Race',17,0);
INSERT INTO league_raceresult VALUES(2634,19,0,158,0,0,'Race',11,0);
INSERT INTO league_raceresult VALUES(2635,20,0,158,0,0,'Race',18,0);
INSERT INTO league_raceresult VALUES(2636,1,0,182,0,0,'Qualifying',6,0);
INSERT INTO league_raceresult VALUES(2637,2,0,182,0,0,'Qualifying',8,0);
INSERT INTO league_raceresult VALUES(2638,3,0,182,0,0,'Qualifying',1,0);
INSERT INTO league_raceresult VALUES(2639,4,0,182,0,0,'Qualifying',3,0);
INSERT INTO league_raceresult VALUES(2640,5,0,182,0,0,'Qualifying',7,0);
INSERT INTO league_raceresult VALUES(2641,6,0,182,0,0,'Qualifying',4,0);
INSERT INTO league_raceresult VALUES(2642,7,0,182,0,0,'Qualifying',9,0);
INSERT INTO league_raceresult VALUES(2643,8,0,182,0,0,'Qualifying',10,0);
INSERT INTO league_raceresult VALUES(2644,9,0,182,0,0,'Qualifying',13,0);
INSERT INTO league_raceresult VALUES(2645,10,0,182,0,0,'Qualifying',14,0);
INSERT INTO league_raceresult VALUES(2646,11,0,182,0,0,'Qualifying',16,0);
INSERT INTO league_raceresult VALUES(2647,12,0,182,0,0,'Qualifying',19,0);
INSERT INTO league_raceresult VALUES(2648,13,0,182,0,0,'Qualifying',15,0);
INSERT INTO league_raceresult VALUES(2649,14,0,182,0,0,'Qualifying',20,0);
INSERT INTO league_raceresult VALUES(2650,15,0,182,0,0,'Qualifying',12,0);
INSERT INTO league_raceresult VALUES(2651,16,0,182,0,0,'Qualifying',2,0);
INSERT INTO league_raceresult VALUES(2652,17,0,182,0,0,'Qualifying',5,0);
INSERT INTO league_raceresult VALUES(2653,18,0,182,0,0,'Qualifying',11,0);
INSERT INTO league_raceresult VALUES(2654,19,0,182,0,0,'Qualifying',17,0);
INSERT INTO league_raceresult VALUES(2655,20,0,182,0,0,'Qualifying',18,0);
INSERT INTO league_raceresult VALUES(2656,1,25,182,0,0,'Race',8,0);
INSERT INTO league_raceresult VALUES(2657,2,18,182,0,0,'Race',6,0);
INSERT INTO league_raceresult VALUES(2658,3,15,182,0,0,'Race',7,0);
INSERT INTO league_raceresult VALUES(2659,4,12,182,0,0,'Race',4,0);
INSERT INTO league_raceresult VALUES(2660,5,10,182,0,0,'Race',1,0);
INSERT INTO league_raceresult VALUES(2661,6,8,182,0,0,'Race',3,0);
INSERT INTO league_raceresult VALUES(2662,7,6,182,0,0,'Race',2,0);
INSERT INTO league_raceresult VALUES(2663,8,5,182,0,1,'Race',5,0);
INSERT INTO league_raceresult VALUES(2664,9,2,182,0,0,'Race',14,0);
INSERT INTO league_raceresult VALUES(2665,10,1,182,0,0,'Race',10,0);
INSERT INTO league_raceresult VALUES(2666,11,0,182,0,0,'Race',9,0);
INSERT INTO league_raceresult VALUES(2667,12,0,182,0,0,'Race',13,0);
INSERT INTO league_raceresult VALUES(2668,13,0,182,0,0,'Race',16,0);
INSERT INTO league_raceresult VALUES(2669,14,0,182,0,0,'Race',15,0);
INSERT INTO league_raceresult VALUES(2670,15,0,182,0,0,'Race',12,0);
INSERT INTO league_raceresult VALUES(2671,16,0,182,0,0,'Race',19,0);
INSERT INTO league_raceresult VALUES(2672,17,0,182,0,0,'Race',20,0);
INSERT INTO league_raceresult VALUES(2673,18,0,182,0,0,'Race',17,0);
INSERT INTO league_raceresult VALUES(2674,19,0,182,0,0,'Race',11,0);
INSERT INTO league_raceresult VALUES(2675,20,0,182,0,0,'Race',18,0);
INSERT INTO league_raceresult VALUES(2676,1,0,135,0,0,'Qualifying',1,0);
INSERT INTO league_raceresult VALUES(2677,2,0,135,0,0,'Qualifying',4,0);
INSERT INTO league_raceresult VALUES(2678,3,0,135,0,0,'Qualifying',2,0);
INSERT INTO league_raceresult VALUES(2679,4,0,135,0,0,'Qualifying',7,0);
INSERT INTO league_raceresult VALUES(2680,5,0,135,0,0,'Qualifying',6,0);
INSERT INTO league_raceresult VALUES(2681,6,0,135,0,0,'Qualifying',8,0);
INSERT INTO league_raceresult VALUES(2682,7,0,135,0,0,'Qualifying',5,0);
INSERT INTO league_raceresult VALUES(2683,8,0,135,0,0,'Qualifying',3,0);
INSERT INTO league_raceresult VALUES(2684,9,0,135,0,0,'Qualifying',9,0);
INSERT INTO league_raceresult VALUES(2685,10,0,135,0,0,'Qualifying',17,0);
INSERT INTO league_raceresult VALUES(2686,11,0,135,0,0,'Qualifying',15,0);
INSERT INTO league_raceresult VALUES(2687,12,0,135,0,0,'Qualifying',18,0);
INSERT INTO league_raceresult VALUES(2688,13,0,135,0,0,'Qualifying',13,0);
INSERT INTO league_raceresult VALUES(2689,14,0,135,0,0,'Qualifying',19,0);
INSERT INTO league_raceresult VALUES(2690,15,0,135,0,0,'Qualifying',10,0);
INSERT INTO league_raceresult VALUES(2691,16,0,135,0,0,'Qualifying',16,0);
INSERT INTO league_raceresult VALUES(2692,17,0,135,0,0,'Qualifying',12,0);
INSERT INTO league_raceresult VALUES(2693,18,0,135,0,0,'Qualifying',14,0);
INSERT INTO league_raceresult VALUES(2694,19,0,135,0,0,'Qualifying',20,0);
INSERT INTO league_raceresult VALUES(2695,20,0,135,0,0,'Qualifying',11,0);
INSERT INTO league_raceresult VALUES(2696,1,25,135,0,0,'Race',7,0);
INSERT INTO league_raceresult VALUES(2697,2,18,135,0,0,'Race',8,0);
INSERT INTO league_raceresult VALUES(2698,3,15,135,0,0,'Race',4,0);
INSERT INTO league_raceresult VALUES(2699,4,12,135,0,0,'Race',1,0);
INSERT INTO league_raceresult VALUES(2700,5,10,135,0,0,'Race',6,0);
INSERT INTO league_raceresult VALUES(2701,6,8,135,0,0,'Race',3,0);
INSERT INTO league_raceresult VALUES(2702,7,7,135,0,1,'Race',2,0);
INSERT INTO league_raceresult VALUES(2703,8,4,135,0,0,'Race',9,0);
INSERT INTO league_raceresult VALUES(2704,9,2,135,0,0,'Race',17,0);
INSERT INTO league_raceresult VALUES(2705,10,1,135,0,0,'Race',13,0);
INSERT INTO league_raceresult VALUES(2706,11,0,135,0,0,'Race',10,0);
INSERT INTO league_raceresult VALUES(2707,12,0,135,0,0,'Race',15,0);
INSERT INTO league_raceresult VALUES(2708,13,0,135,0,0,'Race',18,0);
INSERT INTO league_raceresult VALUES(2709,14,0,135,0,0,'Race',12,0);
INSERT INTO league_raceresult VALUES(2710,15,0,135,0,0,'Race',19,0);
INSERT INTO league_raceresult VALUES(2711,16,0,135,0,0,'Race',14,0);
INSERT INTO league_raceresult VALUES(2712,17,0,135,0,0,'Race',20,0);
INSERT INTO league_raceresult VALUES(2713,18,0,135,0,0,'Race',16,0);
INSERT INTO league_raceresult VALUES(2714,19,0,135,0,0,'Race',11,0);
INSERT INTO league_raceresult VALUES(2715,20,0,135,0,0,'Race',5,0);
INSERT INTO league_raceresult VALUES(2716,1,0,159,0,0,'Qualifying',1,0);
INSERT INTO league_raceresult VALUES(2717,2,0,159,0,0,'Qualifying',4,0);
INSERT INTO league_raceresult VALUES(2718,3,0,159,0,0,'Qualifying',2,0);
INSERT INTO league_raceresult VALUES(2719,4,0,159,0,0,'Qualifying',7,0);
INSERT INTO league_raceresult VALUES(2720,5,0,159,0,0,'Qualifying',6,0);
INSERT INTO league_raceresult VALUES(2721,6,0,159,0,0,'Qualifying',8,0);
INSERT INTO league_raceresult VALUES(2722,7,0,159,0,0,'Qualifying',5,0);
INSERT INTO league_raceresult VALUES(2723,8,0,159,0,0,'Qualifying',3,0);
INSERT INTO league_raceresult VALUES(2724,9,0,159,0,0,'Qualifying',9,0);
INSERT INTO league_raceresult VALUES(2725,10,0,159,0,0,'Qualifying',17,0);
INSERT INTO league_raceresult VALUES(2726,11,0,159,0,0,'Qualifying',15,0);
INSERT INTO league_raceresult VALUES(2727,12,0,159,0,0,'Qualifying',18,0);
INSERT INTO league_raceresult VALUES(2728,13,0,159,0,0,'Qualifying',13,0);
INSERT INTO league_raceresult VALUES(2729,14,0,159,0,0,'Qualifying',19,0);
INSERT INTO league_raceresult VALUES(2730,15,0,159,0,0,'Qualifying',10,0);
INSERT INTO league_raceresult VALUES(2731,16,0,159,0,0,'Qualifying',16,0);
INSERT INTO league_raceresult VALUES(2732,17,0,159,0,0,'Qualifying',12,0);
INSERT INTO league_raceresult VALUES(2733,18,0,159,0,0,'Qualifying',14,0);
INSERT INTO league_raceresult VALUES(2734,19,0,159,0,0,'Qualifying',20,0);
INSERT INTO league_raceresult VALUES(2735,20,0,159,0,0,'Qualifying',11,0);
INSERT INTO league_raceresult VALUES(2736,1,25,159,0,0,'Race',7,0);
INSERT INTO league_raceresult VALUES(2737,2,18,159,0,0,'Race',8,0);
INSERT INTO league_raceresult VALUES(2738,3,15,159,0,0,'Race',4,0);
INSERT INTO league_raceresult VALUES(2739,4,12,159,0,0,'Race',1,0);
INSERT INTO league_raceresult VALUES(2740,5,10,159,0,0,'Race',6,0);
INSERT INTO league_raceresult VALUES(2741,6,8,159,0,0,'Race',3,0);
INSERT INTO league_raceresult VALUES(2742,7,7,159,0,1,'Race',2,0);
INSERT INTO league_raceresult VALUES(2743,8,4,159,0,0,'Race',9,0);
INSERT INTO league_raceresult VALUES(2744,9,2,159,0,0,'Race',17,0);
INSERT INTO league_raceresult VALUES(2745,10,1,159,0,0,'Race',13,0);
INSERT INTO league_raceresult VALUES(2746,11,0,159,0,0,'Race',10,0);
INSERT INTO league_raceresult VALUES(2747,12,0,159,0,0,'Race',15,0);
INSERT INTO league_raceresult VALUES(2748,13,0,159,0,0,'Race',18,0);
INSERT INTO league_raceresult VALUES(2749,14,0,159,0,0,'Race',12,0);
INSERT INTO league_raceresult VALUES(2750,15,0,159,0,0,'Race',19,0);
INSERT INTO league_raceresult VALUES(2751,16,0,159,0,0,'Race',14,0);
INSERT INTO league_raceresult VALUES(2752,17,0,159,0,0,'Race',20,0);
INSERT INTO league_raceresult VALUES(2753,18,0,159,0,0,'Race',16,0);
INSERT INTO league_raceresult VALUES(2754,19,0,159,0,0,'Race',11,0);
INSERT INTO league_raceresult VALUES(2755,20,0,159,0,0,'Race',5,0);
INSERT INTO league_raceresult VALUES(2756,1,0,183,0,0,'Qualifying',1,0);
INSERT INTO league_raceresult VALUES(2757,2,0,183,0,0,'Qualifying',4,0);
INSERT INTO league_raceresult VALUES(2758,3,0,183,0,0,'Qualifying',2,0);
INSERT INTO league_raceresult VALUES(2759,4,0,183,0,0,'Qualifying',7,0);
INSERT INTO league_raceresult VALUES(2760,5,0,183,0,0,'Qualifying',6,0);
INSERT INTO league_raceresult VALUES(2761,6,0,183,0,0,'Qualifying',8,0);
INSERT INTO league_raceresult VALUES(2762,7,0,183,0,0,'Qualifying',5,0);
INSERT INTO league_raceresult VALUES(2763,8,0,183,0,0,'Qualifying',3,0);
INSERT INTO league_raceresult VALUES(2764,9,0,183,0,0,'Qualifying',9,0);
INSERT INTO league_raceresult VALUES(2765,10,0,183,0,0,'Qualifying',17,0);
INSERT INTO league_raceresult VALUES(2766,11,0,183,0,0,'Qualifying',15,0);
INSERT INTO league_raceresult VALUES(2767,12,0,183,0,0,'Qualifying',18,0);
INSERT INTO league_raceresult VALUES(2768,13,0,183,0,0,'Qualifying',13,0);
INSERT INTO league_raceresult VALUES(2769,14,0,183,0,0,'Qualifying',19,0);
INSERT INTO league_raceresult VALUES(2770,15,0,183,0,0,'Qualifying',10,0);
INSERT INTO league_raceresult VALUES(2771,16,0,183,0,0,'Qualifying',16,0);
INSERT INTO league_raceresult VALUES(2772,17,0,183,0,0,'Qualifying',12,0);
INSERT INTO league_raceresult VALUES(2773,18,0,183,0,0,'Qualifying',14,0);
INSERT INTO league_raceresult VALUES(2774,19,0,183,0,0,'Qualifying',20,0);
INSERT INTO league_raceresult VALUES(2775,20,0,183,0,0,'Qualifying',11,0);
INSERT INTO league_raceresult VALUES(2776,1,25,183,0,0,'Race',7,0);
INSERT INTO league_raceresult VALUES(2777,2,18,183,0,0,'Race',8,0);
INSERT INTO league_raceresult VALUES(2778,3,15,183,0,0,'Race',4,0);
INSERT INTO league_raceresult VALUES(2779,4,12,183,0,0,'Race',1,0);
INSERT INTO league_raceresult VALUES(2780,5,10,183,0,0,'Race',6,0);
INSERT INTO league_raceresult VALUES(2781,6,8,183,0,0,'Race',3,0);
INSERT INTO league_raceresult VALUES(2782,7,7,183,0,1,'Race',2,0);
INSERT INTO league_raceresult VALUES(2783,8,4,183,0,0,'Race',9,0);
INSERT INTO league_raceresult VALUES(2784,9,2,183,0,0,'Race',17,0);
INSERT INTO league_raceresult VALUES(2785,10,1,183,0,0,'Race',13,0);
INSERT INTO league_raceresult VALUES(2786,11,0,183,0,0,'Race',10,0);
INSERT INTO league_raceresult VALUES(2787,12,0,183,0,0,'Race',15,0);
INSERT INTO league_raceresult VALUES(2788,13,0,183,0,0,'Race',18,0);
INSERT INTO league_raceresult VALUES(2789,14,0,183,0,0,'Race',12,0);
INSERT INTO league_raceresult VALUES(2790,15,0,183,0,0,'Race',19,0);
INSERT INTO league_raceresult VALUES(2791,16,0,183,0,0,'Race',14,0);
INSERT INTO league_raceresult VALUES(2792,17,0,183,0,0,'Race',20,0);
INSERT INTO league_raceresult VALUES(2793,18,0,183,0,0,'Race',16,0);
INSERT INTO league_raceresult VALUES(2794,19,0,183,0,0,'Race',11,0);
INSERT INTO league_raceresult VALUES(2795,20,0,183,0,0,'Race',5,0);
INSERT INTO league_raceresult VALUES(2796,1,0,136,0,0,'Qualifying',6,0);
INSERT INTO league_raceresult VALUES(2797,2,0,136,0,0,'Qualifying',1,0);
INSERT INTO league_raceresult VALUES(2798,3,0,136,0,0,'Qualifying',8,0);
INSERT INTO league_raceresult VALUES(2799,4,0,136,0,0,'Qualifying',5,0);
INSERT INTO league_raceresult VALUES(2800,5,0,136,0,0,'Qualifying',2,0);
INSERT INTO league_raceresult VALUES(2801,6,0,136,0,0,'Qualifying',4,0);
INSERT INTO league_raceresult VALUES(2802,7,0,136,0,0,'Qualifying',9,0);
INSERT INTO league_raceresult VALUES(2803,8,0,136,0,0,'Qualifying',10,0);
INSERT INTO league_raceresult VALUES(2804,9,0,136,0,0,'Qualifying',18,0);
INSERT INTO league_raceresult VALUES(2805,10,0,136,0,0,'Qualifying',3,0);
INSERT INTO league_raceresult VALUES(2806,11,0,136,0,0,'Qualifying',7,0);
INSERT INTO league_raceresult VALUES(2807,12,0,136,0,0,'Qualifying',14,0);
INSERT INTO league_raceresult VALUES(2808,13,0,136,0,0,'Qualifying',16,0);
INSERT INTO league_raceresult VALUES(2809,14,0,136,0,0,'Qualifying',12,0);
INSERT INTO league_raceresult VALUES(2810,15,0,136,0,0,'Qualifying',13,0);
INSERT INTO league_raceresult VALUES(2811,16,0,136,0,0,'Qualifying',17,0);
INSERT INTO league_raceresult VALUES(2812,17,0,136,0,0,'Qualifying',19,0);
INSERT INTO league_raceresult VALUES(2813,18,0,136,0,0,'Qualifying',11,0);
INSERT INTO league_raceresult VALUES(2814,19,0,136,0,0,'Qualifying',15,0);
INSERT INTO league_raceresult VALUES(2815,20,0,136,0,0,'Qualifying',20,0);
INSERT INTO league_raceresult VALUES(2816,1,26,136,0,1,'Race',6,0);
INSERT INTO league_raceresult VALUES(2817,2,18,136,0,0,'Race',1,0);
INSERT INTO league_raceresult VALUES(2818,3,15,136,0,0,'Race',4,0);
INSERT INTO league_raceresult VALUES(2819,4,12,136,0,0,'Race',8,0);
INSERT INTO league_raceresult VALUES(2820,5,10,136,0,0,'Race',3,0);
INSERT INTO league_raceresult VALUES(2821,6,8,136,0,0,'Race',2,0);
INSERT INTO league_raceresult VALUES(2822,7,6,136,0,0,'Race',5,0);
INSERT INTO league_raceresult VALUES(2823,8,4,136,0,0,'Race',7,0);
INSERT INTO league_raceresult VALUES(2824,9,2,136,0,0,'Race',18,0);
INSERT INTO league_raceresult VALUES(2825,10,1,136,0,0,'Race',9,0);
INSERT INTO league_raceresult VALUES(2826,11,0,136,0,0,'Race',16,0);
INSERT INTO league_raceresult VALUES(2827,12,0,136,0,0,'Race',13,0);
INSERT INTO league_raceresult VALUES(2828,13,0,136,0,0,'Race',10,0);
INSERT INTO league_raceresult VALUES(2829,14,0,136,0,0,'Race',15,0);
INSERT INTO league_raceresult VALUES(2830,15,0,136,0,0,'Race',17,0);
INSERT INTO league_raceresult VALUES(2831,16,0,136,0,0,'Race',20,0);
INSERT INTO league_raceresult VALUES(2832,17,0,136,0,0,'Race',14,0);
INSERT INTO league_raceresult VALUES(2833,18,0,136,0,0,'Race',12,0);
INSERT INTO league_raceresult VALUES(2834,19,0,136,0,0,'Race',19,0);
INSERT INTO league_raceresult VALUES(2835,20,0,136,0,0,'Race',11,0);
INSERT INTO league_raceresult VALUES(2836,1,0,160,0,0,'Qualifying',6,0);
INSERT INTO league_raceresult VALUES(2837,2,0,160,0,0,'Qualifying',1,0);
INSERT INTO league_raceresult VALUES(2838,3,0,160,0,0,'Qualifying',8,0);
INSERT INTO league_raceresult VALUES(2839,4,0,160,0,0,'Qualifying',5,0);
INSERT INTO league_raceresult VALUES(2840,5,0,160,0,0,'Qualifying',2,0);
INSERT INTO league_raceresult VALUES(2841,6,0,160,0,0,'Qualifying',4,0);
INSERT INTO league_raceresult VALUES(2842,7,0,160,0,0,'Qualifying',9,0);
INSERT INTO league_raceresult VALUES(2843,8,0,160,0,0,'Qualifying',10,0);
INSERT INTO league_raceresult VALUES(2844,9,0,160,0,0,'Qualifying',18,0);
INSERT INTO league_raceresult VALUES(2845,10,0,160,0,0,'Qualifying',3,0);
INSERT INTO league_raceresult VALUES(2846,11,0,160,0,0,'Qualifying',7,0);
INSERT INTO league_raceresult VALUES(2847,12,0,160,0,0,'Qualifying',14,0);
INSERT INTO league_raceresult VALUES(2848,13,0,160,0,0,'Qualifying',16,0);
INSERT INTO league_raceresult VALUES(2849,14,0,160,0,0,'Qualifying',12,0);
INSERT INTO league_raceresult VALUES(2850,15,0,160,0,0,'Qualifying',13,0);
INSERT INTO league_raceresult VALUES(2851,16,0,160,0,0,'Qualifying',17,0);
INSERT INTO league_raceresult VALUES(2852,17,0,160,0,0,'Qualifying',19,0);
INSERT INTO league_raceresult VALUES(2853,18,0,160,0,0,'Qualifying',11,0);
INSERT INTO league_raceresult VALUES(2854,19,0,160,0,0,'Qualifying',15,0);
INSERT INTO league_raceresult VALUES(2855,20,0,160,0,0,'Qualifying',20,0);
INSERT INTO league_raceresult VALUES(2856,1,26,160,0,1,'Race',6,0);
INSERT INTO league_raceresult VALUES(2857,2,18,160,0,0,'Race',1,0);
INSERT INTO league_raceresult VALUES(2858,3,15,160,0,0,'Race',4,0);
INSERT INTO league_raceresult VALUES(2859,4,12,160,0,0,'Race',8,0);
INSERT INTO league_raceresult VALUES(2860,5,10,160,0,0,'Race',3,0);
INSERT INTO league_raceresult VALUES(2861,6,8,160,0,0,'Race',2,0);
INSERT INTO league_raceresult VALUES(2862,7,6,160,0,0,'Race',5,0);
INSERT INTO league_raceresult VALUES(2863,8,4,160,0,0,'Race',7,0);
INSERT INTO league_raceresult VALUES(2864,9,2,160,0,0,'Race',18,0);
INSERT INTO league_raceresult VALUES(2865,10,1,160,0,0,'Race',9,0);
INSERT INTO league_raceresult VALUES(2866,11,0,160,0,0,'Race',16,0);
INSERT INTO league_raceresult VALUES(2867,12,0,160,0,0,'Race',13,0);
INSERT INTO league_raceresult VALUES(2868,13,0,160,0,0,'Race',10,0);
INSERT INTO league_raceresult VALUES(2869,14,0,160,0,0,'Race',15,0);
INSERT INTO league_raceresult VALUES(2870,15,0,160,0,0,'Race',17,0);
INSERT INTO league_raceresult VALUES(2871,16,0,160,0,0,'Race',20,0);
INSERT INTO league_raceresult VALUES(2872,17,0,160,0,0,'Race',14,0);
INSERT INTO league_raceresult VALUES(2873,18,0,160,0,0,'Race',12,0);
INSERT INTO league_raceresult VALUES(2874,19,0,160,0,0,'Race',19,0);
INSERT INTO league_raceresult VALUES(2875,20,0,160,0,0,'Race',11,0);
INSERT INTO league_raceresult VALUES(2876,1,0,184,0,0,'Qualifying',6,0);
INSERT INTO league_raceresult VALUES(2877,2,0,184,0,0,'Qualifying',1,0);
INSERT INTO league_raceresult VALUES(2878,3,0,184,0,0,'Qualifying',8,0);
INSERT INTO league_raceresult VALUES(2879,4,0,184,0,0,'Qualifying',5,0);
INSERT INTO league_raceresult VALUES(2880,5,0,184,0,0,'Qualifying',2,0);
INSERT INTO league_raceresult VALUES(2881,6,0,184,0,0,'Qualifying',4,0);
INSERT INTO league_raceresult VALUES(2882,7,0,184,0,0,'Qualifying',9,0);
INSERT INTO league_raceresult VALUES(2883,8,0,184,0,0,'Qualifying',10,0);
INSERT INTO league_raceresult VALUES(2884,9,0,184,0,0,'Qualifying',18,0);
INSERT INTO league_raceresult VALUES(2885,10,0,184,0,0,'Qualifying',3,0);
INSERT INTO league_raceresult VALUES(2886,11,0,184,0,0,'Qualifying',7,0);
INSERT INTO league_raceresult VALUES(2887,12,0,184,0,0,'Qualifying',14,0);
INSERT INTO league_raceresult VALUES(2888,13,0,184,0,0,'Qualifying',16,0);
INSERT INTO league_raceresult VALUES(2889,14,0,184,0,0,'Qualifying',12,0);
INSERT INTO league_raceresult VALUES(2890,15,0,184,0,0,'Qualifying',13,0);
INSERT INTO league_raceresult VALUES(2891,16,0,184,0,0,'Qualifying',17,0);
INSERT INTO league_raceresult VALUES(2892,17,0,184,0,0,'Qualifying',19,0);
INSERT INTO league_raceresult VALUES(2893,18,0,184,0,0,'Qualifying',11,0);
INSERT INTO league_raceresult VALUES(2894,19,0,184,0,0,'Qualifying',15,0);
INSERT INTO league_raceresult VALUES(2895,20,0,184,0,0,'Qualifying',20,0);
INSERT INTO league_raceresult VALUES(2896,1,26,184,0,1,'Race',6,0);
INSERT INTO league_raceresult VALUES(2897,2,18,184,0,0,'Race',1,0);
INSERT INTO league_raceresult VALUES(2898,3,15,184,0,0,'Race',4,0);
INSERT INTO league_raceresult VALUES(2899,4,12,184,0,0,'Race',8,0);
INSERT INTO league_raceresult VALUES(2900,5,10,184,0,0,'Race',3,0);
INSERT INTO league_raceresult VALUES(2901,6,8,184,0,0,'Race',2,0);
INSERT INTO league_raceresult VALUES(2902,7,6,184,0,0,'Race',5,0);
INSERT INTO league_raceresult VALUES(2903,8,4,184,0,0,'Race',7,0);
INSERT INTO league_raceresult VALUES(2904,9,2,184,0,0,'Race',18,0);
INSERT INTO league_raceresult VALUES(2905,10,1,184,0,0,'Race',9,0);
INSERT INTO league_raceresult VALUES(2906,11,0,184,0,0,'Race',16,0);
INSERT INTO league_raceresult VALUES(2907,12,0,184,0,0,'Race',13,0);
INSERT INTO league_raceresult VALUES(2908,13,0,184,0,0,'Race',10,0);
INSERT INTO league_raceresult VALUES(2909,14,0,184,0,0,'Race',15,0);
INSERT INTO league_raceresult VALUES(2910,15,0,184,0,0,'Race',17,0);
INSERT INTO league_raceresult VALUES(2911,16,0,184,0,0,'Race',20,0);
INSERT INTO league_raceresult VALUES(2912,17,0,184,0,0,'Race',14,0);
INSERT INTO league_raceresult VALUES(2913,18,0,184,0,0,'Race',12,0);
INSERT INTO league_raceresult VALUES(2914,19,0,184,0,0,'Race',19,0);
INSERT INTO league_raceresult VALUES(2915,20,0,184,0,0,'Race',11,0);
INSERT INTO league_raceresult VALUES(2916,1,0,137,0,0,'Qualifying',6,0);
INSERT INTO league_raceresult VALUES(2917,2,0,137,0,0,'Qualifying',8,0);
INSERT INTO league_raceresult VALUES(2918,3,0,137,0,0,'Qualifying',5,0);
INSERT INTO league_raceresult VALUES(2919,4,0,137,0,0,'Qualifying',4,0);
INSERT INTO league_raceresult VALUES(2920,5,0,137,0,0,'Qualifying',3,0);
INSERT INTO league_raceresult VALUES(2921,6,0,137,0,0,'Qualifying',7,0);
INSERT INTO league_raceresult VALUES(2922,7,0,137,0,0,'Qualifying',1,0);
INSERT INTO league_raceresult VALUES(2923,8,0,137,0,0,'Qualifying',2,0);
INSERT INTO league_raceresult VALUES(2924,9,0,137,0,0,'Qualifying',15,0);
INSERT INTO league_raceresult VALUES(2925,10,0,137,0,0,'Qualifying',16,0);
INSERT INTO league_raceresult VALUES(2926,11,0,137,0,0,'Qualifying',9,0);
INSERT INTO league_raceresult VALUES(2927,12,0,137,0,0,'Qualifying',13,0);
INSERT INTO league_raceresult VALUES(2928,13,0,137,0,0,'Qualifying',12,0);
INSERT INTO league_raceresult VALUES(2929,14,0,137,0,0,'Qualifying',18,0);
INSERT INTO league_raceresult VALUES(2930,15,0,137,0,0,'Qualifying',17,0);
INSERT INTO league_raceresult VALUES(2931,16,0,137,0,0,'Qualifying',14,0);
INSERT INTO league_raceresult VALUES(2932,17,0,137,0,0,'Qualifying',10,0);
INSERT INTO league_raceresult VALUES(2933,18,0,137,0,0,'Qualifying',22,0);
INSERT INTO league_raceresult VALUES(2934,19,0,137,0,0,'Qualifying',19,0);
INSERT INTO league_raceresult VALUES(2935,20,0,137,0,0,'Qualifying',11,0);
INSERT INTO league_raceresult VALUES(2936,1,25,137,0,0,'Race',4,0);
INSERT INTO league_raceresult VALUES(2937,2,18,137,0,0,'Race',8,0);
INSERT INTO league_raceresult VALUES(2938,3,16,137,0,1,'Race',6,0);
INSERT INTO league_raceresult VALUES(2939,4,12,137,0,0,'Race',3,0);
INSERT INTO league_raceresult VALUES(2940,5,10,137,0,0,'Race',7,0);
INSERT INTO league_raceresult VALUES(2941,6,8,137,0,0,'Race',1,0);
INSERT INTO league_raceresult VALUES(2942,7,6,137,0,0,'Race',5,0);
INSERT INTO league_raceresult VALUES(2943,8,4,137,0,0,'Race',2,0);
INSERT INTO league_raceresult VALUES(2944,9,2,137,0,0,'Race',15,0);
INSERT INTO league_raceresult VALUES(2945,10,1,137,0,0,'Race',12,0);
INSERT INTO league_raceresult VALUES(2946,11,0,137,0,0,'Race',9,0);
INSERT INTO league_raceresult VALUES(2947,12,0,137,0,0,'Race',22,0);
INSERT INTO league_raceresult VALUES(2948,13,0,137,0,0,'Race',13,0);
INSERT INTO league_raceresult VALUES(2949,14,0,137,0,0,'Race',17,0);
INSERT INTO league_raceresult VALUES(2950,15,0,137,0,0,'Race',18,0);
INSERT INTO league_raceresult VALUES(2951,16,0,137,0,0,'Race',19,0);
INSERT INTO league_raceresult VALUES(2952,17,0,137,0,0,'Race',16,0);
INSERT INTO league_raceresult VALUES(2953,18,0,137,0,0,'Race',11,0);
INSERT INTO league_raceresult VALUES(2954,19,0,137,0,0,'Race',10,0);
INSERT INTO league_raceresult VALUES(2955,20,0,137,0,0,'Race',14,0);
INSERT INTO league_raceresult VALUES(2956,1,0,161,0,0,'Qualifying',6,0);
INSERT INTO league_raceresult VALUES(2957,2,0,161,0,0,'Qualifying',8,0);
INSERT INTO league_raceresult VALUES(2958,3,0,161,0,0,'Qualifying',5,0);
INSERT INTO league_raceresult VALUES(2959,4,0,161,0,0,'Qualifying',4,0);
INSERT INTO league_raceresult VALUES(2960,5,0,161,0,0,'Qualifying',3,0);
INSERT INTO league_raceresult VALUES(2961,6,0,161,0,0,'Qualifying',7,0);
INSERT INTO league_raceresult VALUES(2962,7,0,161,0,0,'Qualifying',1,0);
INSERT INTO league_raceresult VALUES(2963,8,0,161,0,0,'Qualifying',2,0);
INSERT INTO league_raceresult VALUES(2964,9,0,161,0,0,'Qualifying',15,0);
INSERT INTO league_raceresult VALUES(2965,10,0,161,0,0,'Qualifying',16,0);
INSERT INTO league_raceresult VALUES(2966,11,0,161,0,0,'Qualifying',9,0);
INSERT INTO league_raceresult VALUES(2967,12,0,161,0,0,'Qualifying',13,0);
INSERT INTO league_raceresult VALUES(2968,13,0,161,0,0,'Qualifying',12,0);
INSERT INTO league_raceresult VALUES(2969,14,0,161,0,0,'Qualifying',18,0);
INSERT INTO league_raceresult VALUES(2970,15,0,161,0,0,'Qualifying',17,0);
INSERT INTO league_raceresult VALUES(2971,16,0,161,0,0,'Qualifying',14,0);
INSERT INTO league_raceresult VALUES(2972,17,0,161,0,0,'Qualifying',10,0);
INSERT INTO league_raceresult VALUES(2973,18,0,161,0,0,'Qualifying',22,0);
INSERT INTO league_raceresult VALUES(2974,19,0,161,0,0,'Qualifying',19,0);
INSERT INTO league_raceresult VALUES(2975,20,0,161,0,0,'Qualifying',11,0);
INSERT INTO league_raceresult VALUES(2976,1,25,161,0,0,'Race',4,0);
INSERT INTO league_raceresult VALUES(2977,2,18,161,0,0,'Race',8,0);
INSERT INTO league_raceresult VALUES(2978,3,16,161,0,1,'Race',6,0);
INSERT INTO league_raceresult VALUES(2979,4,12,161,0,0,'Race',3,0);
INSERT INTO league_raceresult VALUES(2980,5,10,161,0,0,'Race',7,0);
INSERT INTO league_raceresult VALUES(2981,6,8,161,0,0,'Race',1,0);
INSERT INTO league_raceresult VALUES(2982,7,6,161,0,0,'Race',5,0);
INSERT INTO league_raceresult VALUES(2983,8,4,161,0,0,'Race',2,0);
INSERT INTO league_raceresult VALUES(2984,9,2,161,0,0,'Race',15,0);
INSERT INTO league_raceresult VALUES(2985,10,1,161,0,0,'Race',12,0);
INSERT INTO league_raceresult VALUES(2986,11,0,161,0,0,'Race',9,0);
INSERT INTO league_raceresult VALUES(2987,12,0,161,0,0,'Race',22,0);
INSERT INTO league_raceresult VALUES(2988,13,0,161,0,0,'Race',13,0);
INSERT INTO league_raceresult VALUES(2989,14,0,161,0,0,'Race',17,0);
INSERT INTO league_raceresult VALUES(2990,15,0,161,0,0,'Race',18,0);
INSERT INTO league_raceresult VALUES(2991,16,0,161,0,0,'Race',19,0);
INSERT INTO league_raceresult VALUES(2992,17,0,161,0,0,'Race',16,0);
INSERT INTO league_raceresult VALUES(2993,18,0,161,0,0,'Race',11,0);
INSERT INTO league_raceresult VALUES(2994,19,0,161,0,0,'Race',10,0);
INSERT INTO league_raceresult VALUES(2995,20,0,161,0,0,'Race',14,0);
INSERT INTO league_raceresult VALUES(2996,1,0,185,0,0,'Qualifying',6,0);
INSERT INTO league_raceresult VALUES(2997,2,0,185,0,0,'Qualifying',8,0);
INSERT INTO league_raceresult VALUES(2998,3,0,185,0,0,'Qualifying',5,0);
INSERT INTO league_raceresult VALUES(2999,4,0,185,0,0,'Qualifying',4,0);
INSERT INTO league_raceresult VALUES(3000,5,0,185,0,0,'Qualifying',3,0);
INSERT INTO league_raceresult VALUES(3001,6,0,185,0,0,'Qualifying',7,0);
INSERT INTO league_raceresult VALUES(3002,7,0,185,0,0,'Qualifying',1,0);
INSERT INTO league_raceresult VALUES(3003,8,0,185,0,0,'Qualifying',2,0);
INSERT INTO league_raceresult VALUES(3004,9,0,185,0,0,'Qualifying',15,0);
INSERT INTO league_raceresult VALUES(3005,10,0,185,0,0,'Qualifying',16,0);
INSERT INTO league_raceresult VALUES(3006,11,0,185,0,0,'Qualifying',9,0);
INSERT INTO league_raceresult VALUES(3007,12,0,185,0,0,'Qualifying',13,0);
INSERT INTO league_raceresult VALUES(3008,13,0,185,0,0,'Qualifying',12,0);
INSERT INTO league_raceresult VALUES(3009,14,0,185,0,0,'Qualifying',18,0);
INSERT INTO league_raceresult VALUES(3010,15,0,185,0,0,'Qualifying',17,0);
INSERT INTO league_raceresult VALUES(3011,16,0,185,0,0,'Qualifying',14,0);
INSERT INTO league_raceresult VALUES(3012,17,0,185,0,0,'Qualifying',10,0);
INSERT INTO league_raceresult VALUES(3013,18,0,185,0,0,'Qualifying',22,0);
INSERT INTO league_raceresult VALUES(3014,19,0,185,0,0,'Qualifying',19,0);
INSERT INTO league_raceresult VALUES(3015,20,0,185,0,0,'Qualifying',11,0);
INSERT INTO league_raceresult VALUES(3016,1,25,185,0,0,'Race',4,0);
INSERT INTO league_raceresult VALUES(3017,2,18,185,0,0,'Race',8,0);
INSERT INTO league_raceresult VALUES(3018,3,16,185,0,1,'Race',6,0);
INSERT INTO league_raceresult VALUES(3019,4,12,185,0,0,'Race',3,0);
INSERT INTO league_raceresult VALUES(3020,5,10,185,0,0,'Race',7,0);
INSERT INTO league_raceresult VALUES(3021,6,8,185,0,0,'Race',1,0);
INSERT INTO league_raceresult VALUES(3022,7,6,185,0,0,'Race',5,0);
INSERT INTO league_raceresult VALUES(3023,8,4,185,0,0,'Race',2,0);
INSERT INTO league_raceresult VALUES(3024,9,2,185,0,0,'Race',15,0);
INSERT INTO league_raceresult VALUES(3025,10,1,185,0,0,'Race',12,0);
INSERT INTO league_raceresult VALUES(3026,11,0,185,0,0,'Race',9,0);
INSERT INTO league_raceresult VALUES(3027,12,0,185,0,0,'Race',22,0);
INSERT INTO league_raceresult VALUES(3028,13,0,185,0,0,'Race',13,0);
INSERT INTO league_raceresult VALUES(3029,14,0,185,0,0,'Race',17,0);
INSERT INTO league_raceresult VALUES(3030,15,0,185,0,0,'Race',18,0);
INSERT INTO league_raceresult VALUES(3031,16,0,185,0,0,'Race',19,0);
INSERT INTO league_raceresult VALUES(3032,17,0,185,0,0,'Race',16,0);
INSERT INTO league_raceresult VALUES(3033,18,0,185,0,0,'Race',11,0);
INSERT INTO league_raceresult VALUES(3034,19,0,185,0,0,'Race',10,0);
INSERT INTO league_raceresult VALUES(3035,20,0,185,0,0,'Race',14,0);
INSERT INTO league_raceresult VALUES(3036,1,0,138,0,0,'Qualifying',4,0);
INSERT INTO league_raceresult VALUES(3037,2,0,138,0,0,'Qualifying',8,0);
INSERT INTO league_raceresult VALUES(3038,3,0,138,0,0,'Qualifying',3,0);
INSERT INTO league_raceresult VALUES(3039,4,0,138,0,0,'Qualifying',2,0);
INSERT INTO league_raceresult VALUES(3040,5,0,138,0,0,'Qualifying',5,0);
INSERT INTO league_raceresult VALUES(3041,6,0,138,0,0,'Qualifying',1,0);
INSERT INTO league_raceresult VALUES(3042,7,0,138,0,0,'Qualifying',7,0);
INSERT INTO league_raceresult VALUES(3043,8,0,138,0,0,'Qualifying',9,0);
INSERT INTO league_raceresult VALUES(3044,9,0,138,0,0,'Qualifying',22,0);
INSERT INTO league_raceresult VALUES(3045,10,0,138,0,0,'Qualifying',15,0);
INSERT INTO league_raceresult VALUES(3046,11,0,138,0,0,'Qualifying',21,0);
INSERT INTO league_raceresult VALUES(3047,12,0,138,0,0,'Qualifying',14,0);
INSERT INTO league_raceresult VALUES(3048,13,0,138,0,0,'Qualifying',16,0);
INSERT INTO league_raceresult VALUES(3049,14,0,138,0,0,'Qualifying',10,0);
INSERT INTO league_raceresult VALUES(3050,15,0,138,0,0,'Qualifying',13,0);
INSERT INTO league_raceresult VALUES(3051,16,0,138,0,0,'Qualifying',6,0);
INSERT INTO league_raceresult VALUES(3052,17,0,138,0,0,'Qualifying',19,0);
INSERT INTO league_raceresult VALUES(3053,18,0,138,0,0,'Qualifying',11,0);
INSERT INTO league_raceresult VALUES(3054,19,0,138,0,0,'Qualifying',17,0);
INSERT INTO league_raceresult VALUES(3055,20,0,138,0,0,'Qualifying',18,0);
INSERT INTO league_raceresult VALUES(3056,1,25,138,0,0,'Race',8,0);
INSERT INTO league_raceresult VALUES(3057,2,18,138,0,0,'Race',4,0);
INSERT INTO league_raceresult VALUES(3058,3,15,138,0,0,'Race',5,0);
INSERT INTO league_raceresult VALUES(3059,4,13,138,0,1,'Race',6,0);
INSERT INTO league_raceresult VALUES(3060,5,10,138,0,0,'Race',1,0);
INSERT INTO league_raceresult VALUES(3061,6,8,138,0,0,'Race',9,0);
INSERT INTO league_raceresult VALUES(3062,7,6,138,0,0,'Race',15,0);
INSERT INTO league_raceresult VALUES(3063,8,4,138,0,0,'Race',22,0);
INSERT INTO league_raceresult VALUES(3064,9,2,138,0,0,'Race',7,0);
INSERT INTO league_raceresult VALUES(3065,10,1,138,0,0,'Race',21,0);
INSERT INTO league_raceresult VALUES(3066,11,0,138,0,0,'Race',16,0);
INSERT INTO league_raceresult VALUES(3067,12,0,138,0,0,'Race',18,0);
INSERT INTO league_raceresult VALUES(3068,13,0,138,0,0,'Race',13,0);
INSERT INTO league_raceresult VALUES(3069,14,0,138,0,0,'Race',11,0);
INSERT INTO league_raceresult VALUES(3070,15,0,138,0,0,'Race',17,0);
INSERT INTO league_raceresult VALUES(3071,16,0,138,0,0,'Race',19,0);
INSERT INTO league_raceresult VALUES(3072,17,0,138,0,0,'Race',2,0);
INSERT INTO league_raceresult VALUES(3073,18,0,138,0,0,'Race',3,0);
INSERT INTO league_raceresult VALUES(3074,19,0,138,0,0,'Race',10,0);
INSERT INTO league_raceresult VALUES(3075,20,0,138,0,0,'Race',14,0);
INSERT INTO league_raceresult VALUES(3076,1,0,162,0,0,'Qualifying',4,0);
INSERT INTO league_raceresult VALUES(3077,2,0,162,0,0,'Qualifying',8,0);
INSERT INTO league_raceresult VALUES(3078,3,0,162,0,0,'Qualifying',3,0);
INSERT INTO league_raceresult VALUES(3079,4,0,162,0,0,'Qualifying',2,0);
INSERT INTO league_raceresult VALUES(3080,5,0,162,0,0,'Qualifying',5,0);
INSERT INTO league_raceresult VALUES(3081,6,0,162,0,0,'Qualifying',1,0);
INSERT INTO league_raceresult VALUES(3082,7,0,162,0,0,'Qualifying',7,0);
INSERT INTO league_raceresult VALUES(3083,8,0,162,0,0,'Qualifying',9,0);
INSERT INTO league_raceresult VALUES(3084,9,0,162,0,0,'Qualifying',22,0);
INSERT INTO league_raceresult VALUES(3085,10,0,162,0,0,'Qualifying',15,0);
INSERT INTO league_raceresult VALUES(3086,11,0,162,0,0,'Qualifying',21,0);
INSERT INTO league_raceresult VALUES(3087,12,0,162,0,0,'Qualifying',14,0);
INSERT INTO league_raceresult VALUES(3088,13,0,162,0,0,'Qualifying',16,0);
INSERT INTO league_raceresult VALUES(3089,14,0,162,0,0,'Qualifying',10,0);
INSERT INTO league_raceresult VALUES(3090,15,0,162,0,0,'Qualifying',13,0);
INSERT INTO league_raceresult VALUES(3091,16,0,162,0,0,'Qualifying',6,0);
INSERT INTO league_raceresult VALUES(3092,17,0,162,0,0,'Qualifying',19,0);
INSERT INTO league_raceresult VALUES(3093,18,0,162,0,0,'Qualifying',11,0);
INSERT INTO league_raceresult VALUES(3094,19,0,162,0,0,'Qualifying',17,0);
INSERT INTO league_raceresult VALUES(3095,20,0,162,0,0,'Qualifying',18,0);
INSERT INTO league_raceresult VALUES(3096,1,25,162,0,0,'Race',8,0);
INSERT INTO league_raceresult VALUES(3097,2,18,162,0,0,'Race',4,0);
INSERT INTO league_raceresult VALUES(3098,3,15,162,0,0,'Race',5,0);
INSERT INTO league_raceresult VALUES(3099,4,13,162,0,1,'Race',6,0);
INSERT INTO league_raceresult VALUES(3100,5,10,162,0,0,'Race',1,0);
INSERT INTO league_raceresult VALUES(3101,6,8,162,0,0,'Race',9,0);
INSERT INTO league_raceresult VALUES(3102,7,6,162,0,0,'Race',15,0);
INSERT INTO league_raceresult VALUES(3103,8,4,162,0,0,'Race',22,0);
INSERT INTO league_raceresult VALUES(3104,9,2,162,0,0,'Race',7,0);
INSERT INTO league_raceresult VALUES(3105,10,1,162,0,0,'Race',21,0);
INSERT INTO league_raceresult VALUES(3106,11,0,162,0,0,'Race',16,0);
INSERT INTO league_raceresult VALUES(3107,12,0,162,0,0,'Race',18,0);
INSERT INTO league_raceresult VALUES(3108,13,0,162,0,0,'Race',13,0);
INSERT INTO league_raceresult VALUES(3109,14,0,162,0,0,'Race',11,0);
INSERT INTO league_raceresult VALUES(3110,15,0,162,0,0,'Race',17,0);
INSERT INTO league_raceresult VALUES(3111,16,0,162,0,0,'Race',19,0);
INSERT INTO league_raceresult VALUES(3112,17,0,162,0,0,'Race',2,0);
INSERT INTO league_raceresult VALUES(3113,18,0,162,0,0,'Race',3,0);
INSERT INTO league_raceresult VALUES(3114,19,0,162,0,0,'Race',10,0);
INSERT INTO league_raceresult VALUES(3115,20,0,162,0,0,'Race',14,0);
INSERT INTO league_raceresult VALUES(3116,1,0,186,0,0,'Qualifying',4,0);
INSERT INTO league_raceresult VALUES(3117,2,0,186,0,0,'Qualifying',8,0);
INSERT INTO league_raceresult VALUES(3118,3,0,186,0,0,'Qualifying',3,0);
INSERT INTO league_raceresult VALUES(3119,4,0,186,0,0,'Qualifying',2,0);
INSERT INTO league_raceresult VALUES(3120,5,0,186,0,0,'Qualifying',5,0);
INSERT INTO league_raceresult VALUES(3121,6,0,186,0,0,'Qualifying',1,0);
INSERT INTO league_raceresult VALUES(3122,7,0,186,0,0,'Qualifying',7,0);
INSERT INTO league_raceresult VALUES(3123,8,0,186,0,0,'Qualifying',9,0);
INSERT INTO league_raceresult VALUES(3124,9,0,186,0,0,'Qualifying',22,0);
INSERT INTO league_raceresult VALUES(3125,10,0,186,0,0,'Qualifying',15,0);
INSERT INTO league_raceresult VALUES(3126,11,0,186,0,0,'Qualifying',21,0);
INSERT INTO league_raceresult VALUES(3127,12,0,186,0,0,'Qualifying',14,0);
INSERT INTO league_raceresult VALUES(3128,13,0,186,0,0,'Qualifying',16,0);
INSERT INTO league_raceresult VALUES(3129,14,0,186,0,0,'Qualifying',10,0);
INSERT INTO league_raceresult VALUES(3130,15,0,186,0,0,'Qualifying',13,0);
INSERT INTO league_raceresult VALUES(3131,16,0,186,0,0,'Qualifying',6,0);
INSERT INTO league_raceresult VALUES(3132,17,0,186,0,0,'Qualifying',19,0);
INSERT INTO league_raceresult VALUES(3133,18,0,186,0,0,'Qualifying',11,0);
INSERT INTO league_raceresult VALUES(3134,19,0,186,0,0,'Qualifying',17,0);
INSERT INTO league_raceresult VALUES(3135,20,0,186,0,0,'Qualifying',18,0);
INSERT INTO league_raceresult VALUES(3136,1,25,186,0,0,'Race',8,0);
INSERT INTO league_raceresult VALUES(3137,2,18,186,0,0,'Race',4,0);
INSERT INTO league_raceresult VALUES(3138,3,15,186,0,0,'Race',5,0);
INSERT INTO league_raceresult VALUES(3139,4,13,186,0,1,'Race',6,0);
INSERT INTO league_raceresult VALUES(3140,5,10,186,0,0,'Race',1,0);
INSERT INTO league_raceresult VALUES(3141,6,8,186,0,0,'Race',9,0);
INSERT INTO league_raceresult VALUES(3142,7,6,186,0,0,'Race',15,0);
INSERT INTO league_raceresult VALUES(3143,8,4,186,0,0,'Race',22,0);
INSERT INTO league_raceresult VALUES(3144,9,2,186,0,0,'Race',7,0);
INSERT INTO league_raceresult VALUES(3145,10,1,186,0,0,'Race',21,0);
INSERT INTO league_raceresult VALUES(3146,11,0,186,0,0,'Race',16,0);
INSERT INTO league_raceresult VALUES(3147,12,0,186,0,0,'Race',18,0);
INSERT INTO league_raceresult VALUES(3148,13,0,186,0,0,'Race',13,0);
INSERT INTO league_raceresult VALUES(3149,14,0,186,0,0,'Race',11,0);
INSERT INTO league_raceresult VALUES(3150,15,0,186,0,0,'Race',17,0);
INSERT INTO league_raceresult VALUES(3151,16,0,186,0,0,'Race',19,0);
INSERT INTO league_raceresult VALUES(3152,17,0,186,0,0,'Race',2,0);
INSERT INTO league_raceresult VALUES(3153,18,0,186,0,0,'Race',3,0);
INSERT INTO league_raceresult VALUES(3154,19,0,186,0,0,'Race',10,0);
INSERT INTO league_raceresult VALUES(3155,20,0,186,0,0,'Race',14,0);
INSERT INTO league_raceresult VALUES(3156,1,0,139,0,0,'Qualifying',6,0);
INSERT INTO league_raceresult VALUES(3157,2,0,139,0,0,'Qualifying',1,0);
INSERT INTO league_raceresult VALUES(3158,3,0,139,0,0,'Qualifying',7,0);
INSERT INTO league_raceresult VALUES(3159,4,0,139,0,0,'Qualifying',5,0);
INSERT INTO league_raceresult VALUES(3160,5,0,139,0,0,'Qualifying',8,0);
INSERT INTO league_raceresult VALUES(3161,6,0,139,0,0,'Qualifying',16,0);
INSERT INTO league_raceresult VALUES(3162,7,0,139,0,0,'Qualifying',9,0);
INSERT INTO league_raceresult VALUES(3163,8,0,139,0,0,'Qualifying',14,0);
INSERT INTO league_raceresult VALUES(3164,9,0,139,0,0,'Qualifying',4,0);
INSERT INTO league_raceresult VALUES(3165,10,0,139,0,0,'Qualifying',3,0);
INSERT INTO league_raceresult VALUES(3166,11,0,139,0,0,'Qualifying',15,0);
INSERT INTO league_raceresult VALUES(3167,12,0,139,0,0,'Qualifying',22,0);
INSERT INTO league_raceresult VALUES(3168,13,0,139,0,0,'Qualifying',2,0);
INSERT INTO league_raceresult VALUES(3169,14,0,139,0,0,'Qualifying',12,0);
INSERT INTO league_raceresult VALUES(3170,15,0,139,0,0,'Qualifying',17,0);
INSERT INTO league_raceresult VALUES(3171,16,0,139,0,0,'Qualifying',13,0);
INSERT INTO league_raceresult VALUES(3172,17,0,139,0,0,'Qualifying',10,0);
INSERT INTO league_raceresult VALUES(3173,18,0,139,0,0,'Qualifying',18,0);
INSERT INTO league_raceresult VALUES(3174,19,0,139,0,0,'Qualifying',19,0);
INSERT INTO league_raceresult VALUES(3175,20,0,139,0,0,'Qualifying',11,0);
INSERT INTO league_raceresult VALUES(3176,1,25,139,0,0,'Race',6,0);
INSERT INTO league_raceresult VALUES(3177,2,18,139,0,0,'Race',1,0);
INSERT INTO league_raceresult VALUES(3178,3,15,139,0,0,'Race',8,0);
INSERT INTO league_raceresult VALUES(3179,4,12,139,0,0,'Race',5,0);
INSERT INTO league_raceresult VALUES(3180,5,10,139,0,0,'Race',4,0);
INSERT INTO league_raceresult VALUES(3181,6,8,139,0,0,'Race',7,0);
INSERT INTO league_raceresult VALUES(3182,7,6,139,0,0,'Race',3,0);
INSERT INTO league_raceresult VALUES(3183,8,4,139,0,0,'Race',9,0);
INSERT INTO league_raceresult VALUES(3184,9,2,139,0,0,'Race',16,0);
INSERT INTO league_raceresult VALUES(3185,10,1,139,0,0,'Race',2,0);
INSERT INTO league_raceresult VALUES(3186,11,0,139,0,0,'Race',22,0);
INSERT INTO league_raceresult VALUES(3187,12,0,139,0,0,'Race',14,0);
INSERT INTO league_raceresult VALUES(3188,13,0,139,0,0,'Race',17,0);
INSERT INTO league_raceresult VALUES(3189,14,0,139,0,0,'Race',10,0);
INSERT INTO league_raceresult VALUES(3190,15,0,139,0,0,'Race',11,0);
INSERT INTO league_raceresult VALUES(3191,16,0,139,0,0,'Race',19,0);
INSERT INTO league_raceresult VALUES(3192,17,0,139,0,0,'Race',18,0);
INSERT INTO league_raceresult VALUES(3193,18,0,139,0,1,'Race',13,0);
INSERT INTO league_raceresult VALUES(3194,19,0,139,0,0,'Race',12,0);
INSERT INTO league_raceresult VALUES(3195,20,0,139,0,0,'Race',15,0);
INSERT INTO league_raceresult VALUES(3196,1,0,163,0,0,'Qualifying',6,0);
INSERT INTO league_raceresult VALUES(3197,2,0,163,0,0,'Qualifying',1,0);
INSERT INTO league_raceresult VALUES(3198,3,0,163,0,0,'Qualifying',7,0);
INSERT INTO league_raceresult VALUES(3199,4,0,163,0,0,'Qualifying',5,0);
INSERT INTO league_raceresult VALUES(3200,5,0,163,0,0,'Qualifying',8,0);
INSERT INTO league_raceresult VALUES(3201,6,0,163,0,0,'Qualifying',16,0);
INSERT INTO league_raceresult VALUES(3202,7,0,163,0,0,'Qualifying',9,0);
INSERT INTO league_raceresult VALUES(3203,8,0,163,0,0,'Qualifying',14,0);
INSERT INTO league_raceresult VALUES(3204,9,0,163,0,0,'Qualifying',4,0);
INSERT INTO league_raceresult VALUES(3205,10,0,163,0,0,'Qualifying',3,0);
INSERT INTO league_raceresult VALUES(3206,11,0,163,0,0,'Qualifying',15,0);
INSERT INTO league_raceresult VALUES(3207,12,0,163,0,0,'Qualifying',22,0);
INSERT INTO league_raceresult VALUES(3208,13,0,163,0,0,'Qualifying',2,0);
INSERT INTO league_raceresult VALUES(3209,14,0,163,0,0,'Qualifying',12,0);
INSERT INTO league_raceresult VALUES(3210,15,0,163,0,0,'Qualifying',17,0);
INSERT INTO league_raceresult VALUES(3211,16,0,163,0,0,'Qualifying',13,0);
INSERT INTO league_raceresult VALUES(3212,17,0,163,0,0,'Qualifying',10,0);
INSERT INTO league_raceresult VALUES(3213,18,0,163,0,0,'Qualifying',18,0);
INSERT INTO league_raceresult VALUES(3214,19,0,163,0,0,'Qualifying',19,0);
INSERT INTO league_raceresult VALUES(3215,20,0,163,0,0,'Qualifying',11,0);
INSERT INTO league_raceresult VALUES(3216,1,25,163,0,0,'Race',6,0);
INSERT INTO league_raceresult VALUES(3217,2,18,163,0,0,'Race',1,0);
INSERT INTO league_raceresult VALUES(3218,3,15,163,0,0,'Race',8,0);
INSERT INTO league_raceresult VALUES(3219,4,12,163,0,0,'Race',5,0);
INSERT INTO league_raceresult VALUES(3220,5,10,163,0,0,'Race',4,0);
INSERT INTO league_raceresult VALUES(3221,6,8,163,0,0,'Race',7,0);
INSERT INTO league_raceresult VALUES(3222,7,6,163,0,0,'Race',3,0);
INSERT INTO league_raceresult VALUES(3223,8,4,163,0,0,'Race',9,0);
INSERT INTO league_raceresult VALUES(3224,9,2,163,0,0,'Race',16,0);
INSERT INTO league_raceresult VALUES(3225,10,1,163,0,0,'Race',2,0);
INSERT INTO league_raceresult VALUES(3226,11,0,163,0,0,'Race',22,0);
INSERT INTO league_raceresult VALUES(3227,12,0,163,0,0,'Race',14,0);
INSERT INTO league_raceresult VALUES(3228,13,0,163,0,0,'Race',17,0);
INSERT INTO league_raceresult VALUES(3229,14,0,163,0,0,'Race',10,0);
INSERT INTO league_raceresult VALUES(3230,15,0,163,0,0,'Race',11,0);
INSERT INTO league_raceresult VALUES(3231,16,0,163,0,0,'Race',19,0);
INSERT INTO league_raceresult VALUES(3232,17,0,163,0,0,'Race',18,0);
INSERT INTO league_raceresult VALUES(3233,18,0,163,0,1,'Race',13,0);
INSERT INTO league_raceresult VALUES(3234,19,0,163,0,0,'Race',12,0);
INSERT INTO league_raceresult VALUES(3235,20,0,163,0,0,'Race',15,0);
INSERT INTO league_raceresult VALUES(3236,1,0,187,0,0,'Qualifying',6,0);
INSERT INTO league_raceresult VALUES(3237,2,0,187,0,0,'Qualifying',1,0);
INSERT INTO league_raceresult VALUES(3238,3,0,187,0,0,'Qualifying',7,0);
INSERT INTO league_raceresult VALUES(3239,4,0,187,0,0,'Qualifying',5,0);
INSERT INTO league_raceresult VALUES(3240,5,0,187,0,0,'Qualifying',8,0);
INSERT INTO league_raceresult VALUES(3241,6,0,187,0,0,'Qualifying',16,0);
INSERT INTO league_raceresult VALUES(3242,7,0,187,0,0,'Qualifying',9,0);
INSERT INTO league_raceresult VALUES(3243,8,0,187,0,0,'Qualifying',14,0);
INSERT INTO league_raceresult VALUES(3244,9,0,187,0,0,'Qualifying',4,0);
INSERT INTO league_raceresult VALUES(3245,10,0,187,0,0,'Qualifying',3,0);
INSERT INTO league_raceresult VALUES(3246,11,0,187,0,0,'Qualifying',15,0);
INSERT INTO league_raceresult VALUES(3247,12,0,187,0,0,'Qualifying',22,0);
INSERT INTO league_raceresult VALUES(3248,13,0,187,0,0,'Qualifying',2,0);
INSERT INTO league_raceresult VALUES(3249,14,0,187,0,0,'Qualifying',12,0);
INSERT INTO league_raceresult VALUES(3250,15,0,187,0,0,'Qualifying',17,0);
INSERT INTO league_raceresult VALUES(3251,16,0,187,0,0,'Qualifying',13,0);
INSERT INTO league_raceresult VALUES(3252,17,0,187,0,0,'Qualifying',10,0);
INSERT INTO league_raceresult VALUES(3253,18,0,187,0,0,'Qualifying',18,0);
INSERT INTO league_raceresult VALUES(3254,19,0,187,0,0,'Qualifying',19,0);
INSERT INTO league_raceresult VALUES(3255,20,0,187,0,0,'Qualifying',11,0);
INSERT INTO league_raceresult VALUES(3256,1,25,187,0,0,'Race',6,0);
INSERT INTO league_raceresult VALUES(3257,2,18,187,0,0,'Race',1,0);
INSERT INTO league_raceresult VALUES(3258,3,15,187,0,0,'Race',8,0);
INSERT INTO league_raceresult VALUES(3259,4,12,187,0,0,'Race',5,0);
INSERT INTO league_raceresult VALUES(3260,5,10,187,0,0,'Race',4,0);
INSERT INTO league_raceresult VALUES(3261,6,8,187,0,0,'Race',7,0);
INSERT INTO league_raceresult VALUES(3262,7,6,187,0,0,'Race',3,0);
INSERT INTO league_raceresult VALUES(3263,8,4,187,0,0,'Race',9,0);
INSERT INTO league_raceresult VALUES(3264,9,2,187,0,0,'Race',16,0);
INSERT INTO league_raceresult VALUES(3265,10,1,187,0,0,'Race',2,0);
INSERT INTO league_raceresult VALUES(3266,11,0,187,0,0,'Race',22,0);
INSERT INTO league_raceresult VALUES(3267,12,0,187,0,0,'Race',14,0);
INSERT INTO league_raceresult VALUES(3268,13,0,187,0,0,'Race',17,0);
INSERT INTO league_raceresult VALUES(3269,14,0,187,0,0,'Race',10,0);
INSERT INTO league_raceresult VALUES(3270,15,0,187,0,0,'Race',11,0);
INSERT INTO league_raceresult VALUES(3271,16,0,187,0,0,'Race',19,0);
INSERT INTO league_raceresult VALUES(3272,17,0,187,0,0,'Race',18,0);
INSERT INTO league_raceresult VALUES(3273,18,0,187,0,1,'Race',13,0);
INSERT INTO league_raceresult VALUES(3274,19,0,187,0,0,'Race',12,0);
INSERT INTO league_raceresult VALUES(3275,20,0,187,0,0,'Race',15,0);
INSERT INTO league_raceresult VALUES(3276,1,0,140,0,0,'Qualifying',6,0);
INSERT INTO league_raceresult VALUES(3277,2,0,140,0,0,'Qualifying',1,0);
INSERT INTO league_raceresult VALUES(3278,3,0,140,0,0,'Qualifying',3,0);
INSERT INTO league_raceresult VALUES(3279,4,0,140,0,0,'Qualifying',4,0);
INSERT INTO league_raceresult VALUES(3280,5,0,140,0,0,'Qualifying',8,0);
INSERT INTO league_raceresult VALUES(3281,6,0,140,0,0,'Qualifying',5,0);
INSERT INTO league_raceresult VALUES(3282,7,0,140,0,0,'Qualifying',18,0);
INSERT INTO league_raceresult VALUES(3283,8,0,140,0,0,'Qualifying',9,0);
INSERT INTO league_raceresult VALUES(3284,9,0,140,0,0,'Qualifying',12,0);
INSERT INTO league_raceresult VALUES(3285,10,0,140,0,0,'Qualifying',2,0);
INSERT INTO league_raceresult VALUES(3286,11,0,140,0,0,'Qualifying',14,0);
INSERT INTO league_raceresult VALUES(3287,12,0,140,0,0,'Qualifying',16,0);
INSERT INTO league_raceresult VALUES(3288,13,0,140,0,0,'Qualifying',17,0);
INSERT INTO league_raceresult VALUES(3289,14,0,140,0,0,'Qualifying',10,0);
INSERT INTO league_raceresult VALUES(3290,15,0,140,0,0,'Qualifying',23,0);
INSERT INTO league_raceresult VALUES(3291,16,0,140,0,0,'Qualifying',15,0);
INSERT INTO league_raceresult VALUES(3292,17,0,140,0,0,'Qualifying',22,0);
INSERT INTO league_raceresult VALUES(3293,18,0,140,0,0,'Qualifying',19,0);
INSERT INTO league_raceresult VALUES(3294,19,0,140,0,0,'Qualifying',7,0);
INSERT INTO league_raceresult VALUES(3295,20,0,140,0,0,'Qualifying',11,0);
INSERT INTO league_raceresult VALUES(3296,1,8,140,0,0,'Sprint',1,0);
INSERT INTO league_raceresult VALUES(3297,2,7,140,0,0,'Sprint',3,0);
INSERT INTO league_raceresult VALUES(3298,3,6,140,0,0,'Sprint',6,0);
INSERT INTO league_raceresult VALUES(3299,4,5,140,0,0,'Sprint',4,0);
INSERT INTO league_raceresult VALUES(3300,5,4,140,0,0,'Sprint',5,0);
INSERT INTO league_raceresult VALUES(3301,6,3,140,0,0,'Sprint',7,0);
INSERT INTO league_raceresult VALUES(3302,7,2,140,0,0,'Sprint',12,0);
INSERT INTO league_raceresult VALUES(3303,8,1,140,0,0,'Sprint',16,0);
INSERT INTO league_raceresult VALUES(3304,9,0,140,0,0,'Sprint',2,0);
INSERT INTO league_raceresult VALUES(3305,10,0,140,0,0,'Sprint',8,0);
INSERT INTO league_raceresult VALUES(3306,11,0,140,0,0,'Sprint',14,0);
INSERT INTO league_raceresult VALUES(3307,12,0,140,0,0,'Sprint',22,0);
INSERT INTO league_raceresult VALUES(3308,13,0,140,0,0,'Sprint',10,0);
INSERT INTO league_raceresult VALUES(3309,14,0,140,0,0,'Sprint',18,0);
INSERT INTO league_raceresult VALUES(3310,15,0,140,0,0,'Sprint',17,0);
INSERT INTO league_raceresult VALUES(3311,16,0,140,0,0,'Sprint',23,0);
INSERT INTO league_raceresult VALUES(3312,17,0,140,0,0,'Sprint',15,0);
INSERT INTO league_raceresult VALUES(3313,18,0,140,0,0,'Sprint',9,0);
INSERT INTO league_raceresult VALUES(3314,19,0,140,0,0,'Sprint',11,0);
INSERT INTO league_raceresult VALUES(3315,20,0,140,0,0,'Sprint',19,0);
INSERT INTO league_raceresult VALUES(3316,1,25,140,0,0,'Race',4,0);
INSERT INTO league_raceresult VALUES(3317,2,18,140,0,0,'Race',3,0);
INSERT INTO league_raceresult VALUES(3318,3,15,140,0,0,'Race',1,0);
INSERT INTO league_raceresult VALUES(3319,4,12,140,0,0,'Race',6,0);
INSERT INTO league_raceresult VALUES(3320,5,10,140,0,0,'Race',8,0);
INSERT INTO league_raceresult VALUES(3321,6,8,140,0,0,'Race',5,0);
INSERT INTO league_raceresult VALUES(3322,7,6,140,0,0,'Race',2,0);
INSERT INTO league_raceresult VALUES(3323,8,4,140,0,0,'Race',16,0);
INSERT INTO league_raceresult VALUES(3324,9,2,140,0,0,'Race',23,0);
INSERT INTO league_raceresult VALUES(3325,10,1,140,0,0,'Race',22,0);
INSERT INTO league_raceresult VALUES(3326,11,0,140,0,0,'Race',12,0);
INSERT INTO league_raceresult VALUES(3327,12,0,140,0,0,'Race',18,0);
INSERT INTO league_raceresult VALUES(3328,13,0,140,0,0,'Race',9,0);
INSERT INTO league_raceresult VALUES(3329,14,0,140,0,0,'Race',14,0);
INSERT INTO league_raceresult VALUES(3330,15,0,140,0,0,'Race',10,0);
INSERT INTO league_raceresult VALUES(3331,16,0,140,0,0,'Race',15,0);
INSERT INTO league_raceresult VALUES(3332,17,0,140,0,0,'Race',19,0);
INSERT INTO league_raceresult VALUES(3333,18,0,140,0,1,'Race',17,0);
INSERT INTO league_raceresult VALUES(3334,19,0,140,0,0,'Race',11,0);
INSERT INTO league_raceresult VALUES(3335,20,0,140,0,0,'Race',7,0);
INSERT INTO league_raceresult VALUES(3336,1,0,164,0,0,'Qualifying',6,0);
INSERT INTO league_raceresult VALUES(3337,2,0,164,0,0,'Qualifying',1,0);
INSERT INTO league_raceresult VALUES(3338,3,0,164,0,0,'Qualifying',3,0);
INSERT INTO league_raceresult VALUES(3339,4,0,164,0,0,'Qualifying',4,0);
INSERT INTO league_raceresult VALUES(3340,5,0,164,0,0,'Qualifying',8,0);
INSERT INTO league_raceresult VALUES(3341,6,0,164,0,0,'Qualifying',5,0);
INSERT INTO league_raceresult VALUES(3342,7,0,164,0,0,'Qualifying',18,0);
INSERT INTO league_raceresult VALUES(3343,8,0,164,0,0,'Qualifying',9,0);
INSERT INTO league_raceresult VALUES(3344,9,0,164,0,0,'Qualifying',12,0);
INSERT INTO league_raceresult VALUES(3345,10,0,164,0,0,'Qualifying',2,0);
INSERT INTO league_raceresult VALUES(3346,11,0,164,0,0,'Qualifying',14,0);
INSERT INTO league_raceresult VALUES(3347,12,0,164,0,0,'Qualifying',16,0);
INSERT INTO league_raceresult VALUES(3348,13,0,164,0,0,'Qualifying',17,0);
INSERT INTO league_raceresult VALUES(3349,14,0,164,0,0,'Qualifying',10,0);
INSERT INTO league_raceresult VALUES(3350,15,0,164,0,0,'Qualifying',23,0);
INSERT INTO league_raceresult VALUES(3351,16,0,164,0,0,'Qualifying',15,0);
INSERT INTO league_raceresult VALUES(3352,17,0,164,0,0,'Qualifying',22,0);
INSERT INTO league_raceresult VALUES(3353,18,0,164,0,0,'Qualifying',19,0);
INSERT INTO league_raceresult VALUES(3354,19,0,164,0,0,'Qualifying',7,0);
INSERT INTO league_raceresult VALUES(3355,20,0,164,0,0,'Qualifying',11,0);
INSERT INTO league_raceresult VALUES(3356,1,8,164,0,0,'Sprint',1,0);
INSERT INTO league_raceresult VALUES(3357,2,7,164,0,0,'Sprint',3,0);
INSERT INTO league_raceresult VALUES(3358,3,6,164,0,0,'Sprint',6,0);
INSERT INTO league_raceresult VALUES(3359,4,5,164,0,0,'Sprint',4,0);
INSERT INTO league_raceresult VALUES(3360,5,4,164,0,0,'Sprint',5,0);
INSERT INTO league_raceresult VALUES(3361,6,3,164,0,0,'Sprint',7,0);
INSERT INTO league_raceresult VALUES(3362,7,2,164,0,0,'Sprint',12,0);
INSERT INTO league_raceresult VALUES(3363,8,1,164,0,0,'Sprint',16,0);
INSERT INTO league_raceresult VALUES(3364,9,0,164,0,0,'Sprint',2,0);
INSERT INTO league_raceresult VALUES(3365,10,0,164,0,0,'Sprint',8,0);
INSERT INTO league_raceresult VALUES(3366,11,0,164,0,0,'Sprint',14,0);
INSERT INTO league_raceresult VALUES(3367,12,0,164,0,0,'Sprint',22,0);
INSERT INTO league_raceresult VALUES(3368,13,0,164,0,0,'Sprint',10,0);
INSERT INTO league_raceresult VALUES(3369,14,0,164,0,0,'Sprint',18,0);
INSERT INTO league_raceresult VALUES(3370,15,0,164,0,0,'Sprint',17,0);
INSERT INTO league_raceresult VALUES(3371,16,0,164,0,0,'Sprint',23,0);
INSERT INTO league_raceresult VALUES(3372,17,0,164,0,0,'Sprint',15,0);
INSERT INTO league_raceresult VALUES(3373,18,0,164,0,0,'Sprint',9,0);
INSERT INTO league_raceresult VALUES(3374,19,0,164,0,0,'Sprint',11,0);
INSERT INTO league_raceresult VALUES(3375,20,0,164,0,0,'Sprint',19,0);
INSERT INTO league_raceresult VALUES(3376,1,25,164,0,0,'Race',4,0);
INSERT INTO league_raceresult VALUES(3377,2,18,164,0,0,'Race',3,0);
INSERT INTO league_raceresult VALUES(3378,3,15,164,0,0,'Race',1,0);
INSERT INTO league_raceresult VALUES(3379,4,12,164,0,0,'Race',6,0);
INSERT INTO league_raceresult VALUES(3380,5,10,164,0,0,'Race',8,0);
INSERT INTO league_raceresult VALUES(3381,6,8,164,0,0,'Race',5,0);
INSERT INTO league_raceresult VALUES(3382,7,6,164,0,0,'Race',2,0);
INSERT INTO league_raceresult VALUES(3383,8,4,164,0,0,'Race',16,0);
INSERT INTO league_raceresult VALUES(3384,9,2,164,0,0,'Race',23,0);
INSERT INTO league_raceresult VALUES(3385,10,1,164,0,0,'Race',22,0);
INSERT INTO league_raceresult VALUES(3386,11,0,164,0,0,'Race',12,0);
INSERT INTO league_raceresult VALUES(3387,12,0,164,0,0,'Race',18,0);
INSERT INTO league_raceresult VALUES(3388,13,0,164,0,0,'Race',9,0);
INSERT INTO league_raceresult VALUES(3389,14,0,164,0,0,'Race',14,0);
INSERT INTO league_raceresult VALUES(3390,15,0,164,0,0,'Race',10,0);
INSERT INTO league_raceresult VALUES(3391,16,0,164,0,0,'Race',15,0);
INSERT INTO league_raceresult VALUES(3392,17,0,164,0,0,'Race',19,0);
INSERT INTO league_raceresult VALUES(3393,18,0,164,0,1,'Race',17,0);
INSERT INTO league_raceresult VALUES(3394,19,0,164,0,0,'Race',11,0);
INSERT INTO league_raceresult VALUES(3395,20,0,164,0,0,'Race',7,0);
INSERT INTO league_raceresult VALUES(3396,1,0,188,0,0,'Qualifying',6,0);
INSERT INTO league_raceresult VALUES(3397,2,0,188,0,0,'Qualifying',1,0);
INSERT INTO league_raceresult VALUES(3398,3,0,188,0,0,'Qualifying',3,0);
INSERT INTO league_raceresult VALUES(3399,4,0,188,0,0,'Qualifying',4,0);
INSERT INTO league_raceresult VALUES(3400,5,0,188,0,0,'Qualifying',8,0);
INSERT INTO league_raceresult VALUES(3401,6,0,188,0,0,'Qualifying',5,0);
INSERT INTO league_raceresult VALUES(3402,7,0,188,0,0,'Qualifying',18,0);
INSERT INTO league_raceresult VALUES(3403,8,0,188,0,0,'Qualifying',9,0);
INSERT INTO league_raceresult VALUES(3404,9,0,188,0,0,'Qualifying',12,0);
INSERT INTO league_raceresult VALUES(3405,10,0,188,0,0,'Qualifying',2,0);
INSERT INTO league_raceresult VALUES(3406,11,0,188,0,0,'Qualifying',14,0);
INSERT INTO league_raceresult VALUES(3407,12,0,188,0,0,'Qualifying',16,0);
INSERT INTO league_raceresult VALUES(3408,13,0,188,0,0,'Qualifying',17,0);
INSERT INTO league_raceresult VALUES(3409,14,0,188,0,0,'Qualifying',10,0);
INSERT INTO league_raceresult VALUES(3410,15,0,188,0,0,'Qualifying',23,0);
INSERT INTO league_raceresult VALUES(3411,16,0,188,0,0,'Qualifying',15,0);
INSERT INTO league_raceresult VALUES(3412,17,0,188,0,0,'Qualifying',22,0);
INSERT INTO league_raceresult VALUES(3413,18,0,188,0,0,'Qualifying',19,0);
INSERT INTO league_raceresult VALUES(3414,19,0,188,0,0,'Qualifying',7,0);
INSERT INTO league_raceresult VALUES(3415,20,0,188,0,0,'Qualifying',11,0);
INSERT INTO league_raceresult VALUES(3416,1,8,188,0,0,'Sprint',1,0);
INSERT INTO league_raceresult VALUES(3417,2,7,188,0,0,'Sprint',3,0);
INSERT INTO league_raceresult VALUES(3418,3,6,188,0,0,'Sprint',6,0);
INSERT INTO league_raceresult VALUES(3419,4,5,188,0,0,'Sprint',4,0);
INSERT INTO league_raceresult VALUES(3420,5,4,188,0,0,'Sprint',5,0);
INSERT INTO league_raceresult VALUES(3421,6,3,188,0,0,'Sprint',7,0);
INSERT INTO league_raceresult VALUES(3422,7,2,188,0,0,'Sprint',12,0);
INSERT INTO league_raceresult VALUES(3423,8,1,188,0,0,'Sprint',16,0);
INSERT INTO league_raceresult VALUES(3424,9,0,188,0,0,'Sprint',2,0);
INSERT INTO league_raceresult VALUES(3425,10,0,188,0,0,'Sprint',8,0);
INSERT INTO league_raceresult VALUES(3426,11,0,188,0,0,'Sprint',14,0);
INSERT INTO league_raceresult VALUES(3427,12,0,188,0,0,'Sprint',22,0);
INSERT INTO league_raceresult VALUES(3428,13,0,188,0,0,'Sprint',10,0);
INSERT INTO league_raceresult VALUES(3429,14,0,188,0,0,'Sprint',18,0);
INSERT INTO league_raceresult VALUES(3430,15,0,188,0,0,'Sprint',17,0);
INSERT INTO league_raceresult VALUES(3431,16,0,188,0,0,'Sprint',23,0);
INSERT INTO league_raceresult VALUES(3432,17,0,188,0,0,'Sprint',15,0);
INSERT INTO league_raceresult VALUES(3433,18,0,188,0,0,'Sprint',9,0);
INSERT INTO league_raceresult VALUES(3434,19,0,188,0,0,'Sprint',11,0);
INSERT INTO league_raceresult VALUES(3435,20,0,188,0,0,'Sprint',19,0);
INSERT INTO league_raceresult VALUES(3436,1,25,188,0,0,'Race',4,0);
INSERT INTO league_raceresult VALUES(3437,2,18,188,0,0,'Race',3,0);
INSERT INTO league_raceresult VALUES(3438,3,15,188,0,0,'Race',1,0);
INSERT INTO league_raceresult VALUES(3439,4,12,188,0,0,'Race',6,0);
INSERT INTO league_raceresult VALUES(3440,5,10,188,0,0,'Race',8,0);
INSERT INTO league_raceresult VALUES(3441,6,8,188,0,0,'Race',5,0);
INSERT INTO league_raceresult VALUES(3442,7,6,188,0,0,'Race',2,0);
INSERT INTO league_raceresult VALUES(3443,8,4,188,0,0,'Race',16,0);
INSERT INTO league_raceresult VALUES(3444,9,2,188,0,0,'Race',23,0);
INSERT INTO league_raceresult VALUES(3445,10,1,188,0,0,'Race',22,0);
INSERT INTO league_raceresult VALUES(3446,11,0,188,0,0,'Race',12,0);
INSERT INTO league_raceresult VALUES(3447,12,0,188,0,0,'Race',18,0);
INSERT INTO league_raceresult VALUES(3448,13,0,188,0,0,'Race',9,0);
INSERT INTO league_raceresult VALUES(3449,14,0,188,0,0,'Race',14,0);
INSERT INTO league_raceresult VALUES(3450,15,0,188,0,0,'Race',10,0);
INSERT INTO league_raceresult VALUES(3451,16,0,188,0,0,'Race',15,0);
INSERT INTO league_raceresult VALUES(3452,17,0,188,0,0,'Race',19,0);
INSERT INTO league_raceresult VALUES(3453,18,0,188,0,1,'Race',17,0);
INSERT INTO league_raceresult VALUES(3454,19,0,188,0,0,'Race',11,0);
INSERT INTO league_raceresult VALUES(3455,20,0,188,0,0,'Race',7,0);
INSERT INTO league_raceresult VALUES(3456,1,0,141,0,0,'Qualifying',3,0);
INSERT INTO league_raceresult VALUES(3457,2,0,141,0,0,'Qualifying',1,0);
INSERT INTO league_raceresult VALUES(3458,3,0,141,0,0,'Qualifying',6,0);
INSERT INTO league_raceresult VALUES(3459,4,0,141,0,0,'Qualifying',4,0);
INSERT INTO league_raceresult VALUES(3460,5,0,141,0,0,'Qualifying',5,0);
INSERT INTO league_raceresult VALUES(3461,6,0,141,0,0,'Qualifying',7,0);
INSERT INTO league_raceresult VALUES(3462,7,0,141,0,0,'Qualifying',12,0);
INSERT INTO league_raceresult VALUES(3463,8,0,141,0,0,'Qualifying',18,0);
INSERT INTO league_raceresult VALUES(3464,9,0,141,0,0,'Qualifying',15,0);
INSERT INTO league_raceresult VALUES(3465,10,0,141,0,0,'Qualifying',16,0);
INSERT INTO league_raceresult VALUES(3466,11,0,141,0,0,'Qualifying',14,0);
INSERT INTO league_raceresult VALUES(3467,12,0,141,0,0,'Qualifying',23,0);
INSERT INTO league_raceresult VALUES(3468,13,0,141,0,0,'Qualifying',9,0);
INSERT INTO league_raceresult VALUES(3469,14,0,141,0,0,'Qualifying',10,0);
INSERT INTO league_raceresult VALUES(3470,15,0,141,0,0,'Qualifying',19,0);
INSERT INTO league_raceresult VALUES(3471,16,0,141,0,0,'Qualifying',22,0);
INSERT INTO league_raceresult VALUES(3472,17,0,141,0,0,'Qualifying',8,0);
INSERT INTO league_raceresult VALUES(3473,18,0,141,0,0,'Qualifying',2,0);
INSERT INTO league_raceresult VALUES(3474,19,0,141,0,0,'Qualifying',17,0);
INSERT INTO league_raceresult VALUES(3475,20,0,141,0,0,'Qualifying',11,0);
INSERT INTO league_raceresult VALUES(3476,1,25,141,0,0,'Race',3,0);
INSERT INTO league_raceresult VALUES(3477,2,18,141,0,0,'Race',6,0);
INSERT INTO league_raceresult VALUES(3478,3,16,141,0,1,'Race',4,0);
INSERT INTO league_raceresult VALUES(3479,4,12,141,0,0,'Race',7,0);
INSERT INTO league_raceresult VALUES(3480,5,10,141,0,0,'Race',5,0);
INSERT INTO league_raceresult VALUES(3481,6,8,141,0,0,'Race',1,0);
INSERT INTO league_raceresult VALUES(3482,7,6,141,0,0,'Race',12,0);
INSERT INTO league_raceresult VALUES(3483,8,4,141,0,0,'Race',8,0);
INSERT INTO league_raceresult VALUES(3484,9,2,141,0,0,'Race',16,0);
INSERT INTO league_raceresult VALUES(3485,10,1,141,0,0,'Race',18,0);
INSERT INTO league_raceresult VALUES(3486,11,0,141,0,0,'Race',10,0);
INSERT INTO league_raceresult VALUES(3487,12,0,141,0,0,'Race',22,0);
INSERT INTO league_raceresult VALUES(3488,13,0,141,0,0,'Race',17,0);
INSERT INTO league_raceresult VALUES(3489,14,0,141,0,0,'Race',19,0);
INSERT INTO league_raceresult VALUES(3490,15,0,141,0,0,'Race',11,0);
INSERT INTO league_raceresult VALUES(3491,16,0,141,0,0,'Race',23,0);
INSERT INTO league_raceresult VALUES(3492,17,0,141,0,0,'Race',2,0);
INSERT INTO league_raceresult VALUES(3493,18,0,141,0,0,'Race',9,0);
INSERT INTO league_raceresult VALUES(3494,19,0,141,0,0,'Race',15,0);
INSERT INTO league_raceresult VALUES(3495,20,0,141,0,0,'Race',14,0);
INSERT INTO league_raceresult VALUES(3496,1,0,165,0,0,'Qualifying',3,0);
INSERT INTO league_raceresult VALUES(3497,2,0,165,0,0,'Qualifying',1,0);
INSERT INTO league_raceresult VALUES(3498,3,0,165,0,0,'Qualifying',6,0);
INSERT INTO league_raceresult VALUES(3499,4,0,165,0,0,'Qualifying',4,0);
INSERT INTO league_raceresult VALUES(3500,5,0,165,0,0,'Qualifying',5,0);
INSERT INTO league_raceresult VALUES(3501,6,0,165,0,0,'Qualifying',7,0);
INSERT INTO league_raceresult VALUES(3502,7,0,165,0,0,'Qualifying',12,0);
INSERT INTO league_raceresult VALUES(3503,8,0,165,0,0,'Qualifying',18,0);
INSERT INTO league_raceresult VALUES(3504,9,0,165,0,0,'Qualifying',15,0);
INSERT INTO league_raceresult VALUES(3505,10,0,165,0,0,'Qualifying',16,0);
INSERT INTO league_raceresult VALUES(3506,11,0,165,0,0,'Qualifying',14,0);
INSERT INTO league_raceresult VALUES(3507,12,0,165,0,0,'Qualifying',23,0);
INSERT INTO league_raceresult VALUES(3508,13,0,165,0,0,'Qualifying',9,0);
INSERT INTO league_raceresult VALUES(3509,14,0,165,0,0,'Qualifying',10,0);
INSERT INTO league_raceresult VALUES(3510,15,0,165,0,0,'Qualifying',19,0);
INSERT INTO league_raceresult VALUES(3511,16,0,165,0,0,'Qualifying',22,0);
INSERT INTO league_raceresult VALUES(3512,17,0,165,0,0,'Qualifying',8,0);
INSERT INTO league_raceresult VALUES(3513,18,0,165,0,0,'Qualifying',2,0);
INSERT INTO league_raceresult VALUES(3514,19,0,165,0,0,'Qualifying',17,0);
INSERT INTO league_raceresult VALUES(3515,20,0,165,0,0,'Qualifying',11,0);
INSERT INTO league_raceresult VALUES(3516,1,25,165,0,0,'Race',3,0);
INSERT INTO league_raceresult VALUES(3517,2,18,165,0,0,'Race',6,0);
INSERT INTO league_raceresult VALUES(3518,3,16,165,0,1,'Race',4,0);
INSERT INTO league_raceresult VALUES(3519,4,12,165,0,0,'Race',7,0);
INSERT INTO league_raceresult VALUES(3520,5,10,165,0,0,'Race',5,0);
INSERT INTO league_raceresult VALUES(3521,6,8,165,0,0,'Race',1,0);
INSERT INTO league_raceresult VALUES(3522,7,6,165,0,0,'Race',12,0);
INSERT INTO league_raceresult VALUES(3523,8,4,165,0,0,'Race',8,0);
INSERT INTO league_raceresult VALUES(3524,9,2,165,0,0,'Race',16,0);
INSERT INTO league_raceresult VALUES(3525,10,1,165,0,0,'Race',18,0);
INSERT INTO league_raceresult VALUES(3526,11,0,165,0,0,'Race',10,0);
INSERT INTO league_raceresult VALUES(3527,12,0,165,0,0,'Race',22,0);
INSERT INTO league_raceresult VALUES(3528,13,0,165,0,0,'Race',17,0);
INSERT INTO league_raceresult VALUES(3529,14,0,165,0,0,'Race',19,0);
INSERT INTO league_raceresult VALUES(3530,15,0,165,0,0,'Race',11,0);
INSERT INTO league_raceresult VALUES(3531,16,0,165,0,0,'Race',23,0);
INSERT INTO league_raceresult VALUES(3532,17,0,165,0,0,'Race',2,0);
INSERT INTO league_raceresult VALUES(3533,18,0,165,0,0,'Race',9,0);
INSERT INTO league_raceresult VALUES(3534,19,0,165,0,0,'Race',15,0);
INSERT INTO league_raceresult VALUES(3535,20,0,165,0,0,'Race',14,0);
INSERT INTO league_raceresult VALUES(3536,1,0,189,0,0,'Qualifying',3,0);
INSERT INTO league_raceresult VALUES(3537,2,0,189,0,0,'Qualifying',1,0);
INSERT INTO league_raceresult VALUES(3538,3,0,189,0,0,'Qualifying',6,0);
INSERT INTO league_raceresult VALUES(3539,4,0,189,0,0,'Qualifying',4,0);
INSERT INTO league_raceresult VALUES(3540,5,0,189,0,0,'Qualifying',5,0);
INSERT INTO league_raceresult VALUES(3541,6,0,189,0,0,'Qualifying',7,0);
INSERT INTO league_raceresult VALUES(3542,7,0,189,0,0,'Qualifying',12,0);
INSERT INTO league_raceresult VALUES(3543,8,0,189,0,0,'Qualifying',18,0);
INSERT INTO league_raceresult VALUES(3544,9,0,189,0,0,'Qualifying',15,0);
INSERT INTO league_raceresult VALUES(3545,10,0,189,0,0,'Qualifying',16,0);
INSERT INTO league_raceresult VALUES(3546,11,0,189,0,0,'Qualifying',14,0);
INSERT INTO league_raceresult VALUES(3547,12,0,189,0,0,'Qualifying',23,0);
INSERT INTO league_raceresult VALUES(3548,13,0,189,0,0,'Qualifying',9,0);
INSERT INTO league_raceresult VALUES(3549,14,0,189,0,0,'Qualifying',10,0);
INSERT INTO league_raceresult VALUES(3550,15,0,189,0,0,'Qualifying',19,0);
INSERT INTO league_raceresult VALUES(3551,16,0,189,0,0,'Qualifying',22,0);
INSERT INTO league_raceresult VALUES(3552,17,0,189,0,0,'Qualifying',8,0);
INSERT INTO league_raceresult VALUES(3553,18,0,189,0,0,'Qualifying',2,0);
INSERT INTO league_raceresult VALUES(3554,19,0,189,0,0,'Qualifying',17,0);
INSERT INTO league_raceresult VALUES(3555,20,0,189,0,0,'Qualifying',11,0);
INSERT INTO league_raceresult VALUES(3556,1,25,189,0,0,'Race',3,0);
INSERT INTO league_raceresult VALUES(3557,2,18,189,0,0,'Race',6,0);
INSERT INTO league_raceresult VALUES(3558,3,16,189,0,1,'Race',4,0);
INSERT INTO league_raceresult VALUES(3559,4,12,189,0,0,'Race',7,0);
INSERT INTO league_raceresult VALUES(3560,5,10,189,0,0,'Race',5,0);
INSERT INTO league_raceresult VALUES(3561,6,8,189,0,0,'Race',1,0);
INSERT INTO league_raceresult VALUES(3562,7,6,189,0,0,'Race',12,0);
INSERT INTO league_raceresult VALUES(3563,8,4,189,0,0,'Race',8,0);
INSERT INTO league_raceresult VALUES(3564,9,2,189,0,0,'Race',16,0);
INSERT INTO league_raceresult VALUES(3565,10,1,189,0,0,'Race',18,0);
INSERT INTO league_raceresult VALUES(3566,11,0,189,0,0,'Race',10,0);
INSERT INTO league_raceresult VALUES(3567,12,0,189,0,0,'Race',22,0);
INSERT INTO league_raceresult VALUES(3568,13,0,189,0,0,'Race',17,0);
INSERT INTO league_raceresult VALUES(3569,14,0,189,0,0,'Race',19,0);
INSERT INTO league_raceresult VALUES(3570,15,0,189,0,0,'Race',11,0);
INSERT INTO league_raceresult VALUES(3571,16,0,189,0,0,'Race',23,0);
INSERT INTO league_raceresult VALUES(3572,17,0,189,0,0,'Race',2,0);
INSERT INTO league_raceresult VALUES(3573,18,0,189,0,0,'Race',9,0);
INSERT INTO league_raceresult VALUES(3574,19,0,189,0,0,'Race',15,0);
INSERT INTO league_raceresult VALUES(3575,20,0,189,0,0,'Race',14,0);
INSERT INTO league_raceresult VALUES(3576,1,0,142,0,0,'Qualifying',6,0);
INSERT INTO league_raceresult VALUES(3577,2,0,142,0,0,'Qualifying',5,0);
INSERT INTO league_raceresult VALUES(3578,3,0,142,0,0,'Qualifying',14,0);
INSERT INTO league_raceresult VALUES(3579,4,0,142,0,0,'Qualifying',17,0);
INSERT INTO league_raceresult VALUES(3580,5,0,142,0,0,'Qualifying',23,0);
INSERT INTO league_raceresult VALUES(3581,6,0,142,0,0,'Qualifying',4,0);
INSERT INTO league_raceresult VALUES(3582,7,0,142,0,0,'Qualifying',15,0);
INSERT INTO league_raceresult VALUES(3583,8,0,142,0,0,'Qualifying',8,0);
INSERT INTO league_raceresult VALUES(3584,9,0,142,0,0,'Qualifying',9,0);
INSERT INTO league_raceresult VALUES(3585,10,0,142,0,0,'Qualifying',10,0);
INSERT INTO league_raceresult VALUES(3586,11,0,142,0,0,'Qualifying',19,0);
INSERT INTO league_raceresult VALUES(3587,12,0,142,0,0,'Qualifying',1,0);
INSERT INTO league_raceresult VALUES(3588,13,0,142,0,0,'Qualifying',2,0);
INSERT INTO league_raceresult VALUES(3589,14,0,142,0,0,'Qualifying',3,0);
INSERT INTO league_raceresult VALUES(3590,15,0,142,0,0,'Qualifying',18,0);
INSERT INTO league_raceresult VALUES(3591,16,0,142,0,0,'Qualifying',7,0);
INSERT INTO league_raceresult VALUES(3592,17,0,142,0,0,'Qualifying',21,0);
INSERT INTO league_raceresult VALUES(3593,18,0,142,0,0,'Qualifying',22,0);
INSERT INTO league_raceresult VALUES(3594,19,0,142,0,0,'Qualifying',16,0);
INSERT INTO league_raceresult VALUES(3595,20,0,142,0,0,'Qualifying',11,0);
INSERT INTO league_raceresult VALUES(3596,1,8,142,0,0,'Sprint',6,0);
INSERT INTO league_raceresult VALUES(3597,2,7,142,0,0,'Sprint',8,0);
INSERT INTO league_raceresult VALUES(3598,3,6,142,0,0,'Sprint',4,0);
INSERT INTO league_raceresult VALUES(3599,4,5,142,0,0,'Sprint',1,0);
INSERT INTO league_raceresult VALUES(3600,5,4,142,0,0,'Sprint',3,0);
INSERT INTO league_raceresult VALUES(3601,6,3,142,0,0,'Sprint',5,0);
INSERT INTO league_raceresult VALUES(3602,7,2,142,0,0,'Sprint',18,0);
INSERT INTO league_raceresult VALUES(3603,8,1,142,0,0,'Sprint',2,0);
INSERT INTO league_raceresult VALUES(3604,9,0,142,0,0,'Sprint',23,0);
INSERT INTO league_raceresult VALUES(3605,10,0,142,0,0,'Sprint',15,0);
INSERT INTO league_raceresult VALUES(3606,11,0,142,0,0,'Sprint',7,0);
INSERT INTO league_raceresult VALUES(3607,12,0,142,0,0,'Sprint',22,0);
INSERT INTO league_raceresult VALUES(3608,13,0,142,0,0,'Sprint',17,0);
INSERT INTO league_raceresult VALUES(3609,14,0,142,0,0,'Sprint',21,0);
INSERT INTO league_raceresult VALUES(3610,15,0,142,0,0,'Sprint',14,0);
INSERT INTO league_raceresult VALUES(3611,16,0,142,0,0,'Sprint',19,0);
INSERT INTO league_raceresult VALUES(3612,17,0,142,0,0,'Sprint',11,0);
INSERT INTO league_raceresult VALUES(3613,18,0,142,0,0,'Sprint',9,0);
INSERT INTO league_raceresult VALUES(3614,19,0,142,0,0,'Sprint',10,0);
INSERT INTO league_raceresult VALUES(3615,20,0,142,0,0,'Sprint',16,0);
INSERT INTO league_raceresult VALUES(3616,1,26,142,0,1,'Race',1,0);
INSERT INTO league_raceresult VALUES(3617,2,18,142,0,0,'Race',17,0);
INSERT INTO league_raceresult VALUES(3618,3,15,142,0,0,'Race',18,0);
INSERT INTO league_raceresult VALUES(3619,4,12,142,0,0,'Race',5,0);
INSERT INTO league_raceresult VALUES(3620,5,10,142,0,0,'Race',4,0);
INSERT INTO league_raceresult VALUES(3621,6,8,142,0,0,'Race',6,0);
INSERT INTO league_raceresult VALUES(3622,7,6,142,0,0,'Race',14,0);
INSERT INTO league_raceresult VALUES(3623,8,4,142,0,0,'Race',8,0);
INSERT INTO league_raceresult VALUES(3624,9,2,142,0,0,'Race',23,0);
INSERT INTO league_raceresult VALUES(3625,10,1,142,0,0,'Race',7,0);
INSERT INTO league_raceresult VALUES(3626,11,0,142,0,0,'Race',2,0);
INSERT INTO league_raceresult VALUES(3627,12,0,142,0,0,'Race',21,0);
INSERT INTO league_raceresult VALUES(3628,13,0,142,0,0,'Race',19,0);
INSERT INTO league_raceresult VALUES(3629,14,0,142,0,0,'Race',9,0);
INSERT INTO league_raceresult VALUES(3630,15,0,142,0,0,'Race',11,0);
INSERT INTO league_raceresult VALUES(3631,16,0,142,0,0,'Race',3,0);
INSERT INTO league_raceresult VALUES(3632,17,0,142,0,0,'Race',22,0);
INSERT INTO league_raceresult VALUES(3633,18,0,142,0,0,'Race',15,0);
INSERT INTO league_raceresult VALUES(3634,19,0,142,0,0,'Race',10,0);
INSERT INTO league_raceresult VALUES(3635,20,0,142,0,0,'Race',16,0);
INSERT INTO league_raceresult VALUES(3636,1,0,166,0,0,'Qualifying',6,0);
INSERT INTO league_raceresult VALUES(3637,2,0,166,0,0,'Qualifying',5,0);
INSERT INTO league_raceresult VALUES(3638,3,0,166,0,0,'Qualifying',14,0);
INSERT INTO league_raceresult VALUES(3639,4,0,166,0,0,'Qualifying',17,0);
INSERT INTO league_raceresult VALUES(3640,5,0,166,0,0,'Qualifying',23,0);
INSERT INTO league_raceresult VALUES(3641,6,0,166,0,0,'Qualifying',4,0);
INSERT INTO league_raceresult VALUES(3642,7,0,166,0,0,'Qualifying',15,0);
INSERT INTO league_raceresult VALUES(3643,8,0,166,0,0,'Qualifying',8,0);
INSERT INTO league_raceresult VALUES(3644,9,0,166,0,0,'Qualifying',9,0);
INSERT INTO league_raceresult VALUES(3645,10,0,166,0,0,'Qualifying',10,0);
INSERT INTO league_raceresult VALUES(3646,11,0,166,0,0,'Qualifying',19,0);
INSERT INTO league_raceresult VALUES(3647,12,0,166,0,0,'Qualifying',1,0);
INSERT INTO league_raceresult VALUES(3648,13,0,166,0,0,'Qualifying',2,0);
INSERT INTO league_raceresult VALUES(3649,14,0,166,0,0,'Qualifying',3,0);
INSERT INTO league_raceresult VALUES(3650,15,0,166,0,0,'Qualifying',18,0);
INSERT INTO league_raceresult VALUES(3651,16,0,166,0,0,'Qualifying',7,0);
INSERT INTO league_raceresult VALUES(3652,17,0,166,0,0,'Qualifying',21,0);
INSERT INTO league_raceresult VALUES(3653,18,0,166,0,0,'Qualifying',22,0);
INSERT INTO league_raceresult VALUES(3654,19,0,166,0,0,'Qualifying',16,0);
INSERT INTO league_raceresult VALUES(3655,20,0,166,0,0,'Qualifying',11,0);
INSERT INTO league_raceresult VALUES(3656,1,8,166,0,0,'Sprint',6,0);
INSERT INTO league_raceresult VALUES(3657,2,7,166,0,0,'Sprint',8,0);
INSERT INTO league_raceresult VALUES(3658,3,6,166,0,0,'Sprint',4,0);
INSERT INTO league_raceresult VALUES(3659,4,5,166,0,0,'Sprint',1,0);
INSERT INTO league_raceresult VALUES(3660,5,4,166,0,0,'Sprint',3,0);
INSERT INTO league_raceresult VALUES(3661,6,3,166,0,0,'Sprint',5,0);
INSERT INTO league_raceresult VALUES(3662,7,2,166,0,0,'Sprint',18,0);
INSERT INTO league_raceresult VALUES(3663,8,1,166,0,0,'Sprint',2,0);
INSERT INTO league_raceresult VALUES(3664,9,0,166,0,0,'Sprint',23,0);
INSERT INTO league_raceresult VALUES(3665,10,0,166,0,0,'Sprint',15,0);
INSERT INTO league_raceresult VALUES(3666,11,0,166,0,0,'Sprint',7,0);
INSERT INTO league_raceresult VALUES(3667,12,0,166,0,0,'Sprint',22,0);
INSERT INTO league_raceresult VALUES(3668,13,0,166,0,0,'Sprint',17,0);
INSERT INTO league_raceresult VALUES(3669,14,0,166,0,0,'Sprint',21,0);
INSERT INTO league_raceresult VALUES(3670,15,0,166,0,0,'Sprint',14,0);
INSERT INTO league_raceresult VALUES(3671,16,0,166,0,0,'Sprint',19,0);
INSERT INTO league_raceresult VALUES(3672,17,0,166,0,0,'Sprint',11,0);
INSERT INTO league_raceresult VALUES(3673,18,0,166,0,0,'Sprint',9,0);
INSERT INTO league_raceresult VALUES(3674,19,0,166,0,0,'Sprint',10,0);
INSERT INTO league_raceresult VALUES(3675,20,0,166,0,0,'Sprint',16,0);
INSERT INTO league_raceresult VALUES(3676,1,26,166,0,1,'Race',1,0);
INSERT INTO league_raceresult VALUES(3677,2,18,166,0,0,'Race',17,0);
INSERT INTO league_raceresult VALUES(3678,3,15,166,0,0,'Race',18,0);
INSERT INTO league_raceresult VALUES(3679,4,12,166,0,0,'Race',5,0);
INSERT INTO league_raceresult VALUES(3680,5,10,166,0,0,'Race',4,0);
INSERT INTO league_raceresult VALUES(3681,6,8,166,0,0,'Race',6,0);
INSERT INTO league_raceresult VALUES(3682,7,6,166,0,0,'Race',14,0);
INSERT INTO league_raceresult VALUES(3683,8,4,166,0,0,'Race',8,0);
INSERT INTO league_raceresult VALUES(3684,9,2,166,0,0,'Race',23,0);
INSERT INTO league_raceresult VALUES(3685,10,1,166,0,0,'Race',7,0);
INSERT INTO league_raceresult VALUES(3686,11,0,166,0,0,'Race',2,0);
INSERT INTO league_raceresult VALUES(3687,12,0,166,0,0,'Race',21,0);
INSERT INTO league_raceresult VALUES(3688,13,0,166,0,0,'Race',19,0);
INSERT INTO league_raceresult VALUES(3689,14,0,166,0,0,'Race',9,0);
INSERT INTO league_raceresult VALUES(3690,15,0,166,0,0,'Race',11,0);
INSERT INTO league_raceresult VALUES(3691,16,0,166,0,0,'Race',3,0);
INSERT INTO league_raceresult VALUES(3692,17,0,166,0,0,'Race',22,0);
INSERT INTO league_raceresult VALUES(3693,18,0,166,0,0,'Race',15,0);
INSERT INTO league_raceresult VALUES(3694,19,0,166,0,0,'Race',10,0);
INSERT INTO league_raceresult VALUES(3695,20,0,166,0,0,'Race',16,0);
INSERT INTO league_raceresult VALUES(3696,1,0,190,0,0,'Qualifying',6,0);
INSERT INTO league_raceresult VALUES(3697,2,0,190,0,0,'Qualifying',5,0);
INSERT INTO league_raceresult VALUES(3698,3,0,190,0,0,'Qualifying',14,0);
INSERT INTO league_raceresult VALUES(3699,4,0,190,0,0,'Qualifying',17,0);
INSERT INTO league_raceresult VALUES(3700,5,0,190,0,0,'Qualifying',23,0);
INSERT INTO league_raceresult VALUES(3701,6,0,190,0,0,'Qualifying',4,0);
INSERT INTO league_raceresult VALUES(3702,7,0,190,0,0,'Qualifying',15,0);
INSERT INTO league_raceresult VALUES(3703,8,0,190,0,0,'Qualifying',8,0);
INSERT INTO league_raceresult VALUES(3704,9,0,190,0,0,'Qualifying',9,0);
INSERT INTO league_raceresult VALUES(3705,10,0,190,0,0,'Qualifying',10,0);
INSERT INTO league_raceresult VALUES(3706,11,0,190,0,0,'Qualifying',19,0);
INSERT INTO league_raceresult VALUES(3707,12,0,190,0,0,'Qualifying',1,0);
INSERT INTO league_raceresult VALUES(3708,13,0,190,0,0,'Qualifying',2,0);
INSERT INTO league_raceresult VALUES(3709,14,0,190,0,0,'Qualifying',3,0);
INSERT INTO league_raceresult VALUES(3710,15,0,190,0,0,'Qualifying',18,0);
INSERT INTO league_raceresult VALUES(3711,16,0,190,0,0,'Qualifying',7,0);
INSERT INTO league_raceresult VALUES(3712,17,0,190,0,0,'Qualifying',21,0);
INSERT INTO league_raceresult VALUES(3713,18,0,190,0,0,'Qualifying',22,0);
INSERT INTO league_raceresult VALUES(3714,19,0,190,0,0,'Qualifying',16,0);
INSERT INTO league_raceresult VALUES(3715,20,0,190,0,0,'Qualifying',11,0);
INSERT INTO league_raceresult VALUES(3716,1,8,190,0,0,'Sprint',6,0);
INSERT INTO league_raceresult VALUES(3717,2,7,190,0,0,'Sprint',8,0);
INSERT INTO league_raceresult VALUES(3718,3,6,190,0,0,'Sprint',4,0);
INSERT INTO league_raceresult VALUES(3719,4,5,190,0,0,'Sprint',1,0);
INSERT INTO league_raceresult VALUES(3720,5,4,190,0,0,'Sprint',3,0);
INSERT INTO league_raceresult VALUES(3721,6,3,190,0,0,'Sprint',5,0);
INSERT INTO league_raceresult VALUES(3722,7,2,190,0,0,'Sprint',18,0);
INSERT INTO league_raceresult VALUES(3723,8,1,190,0,0,'Sprint',2,0);
INSERT INTO league_raceresult VALUES(3724,9,0,190,0,0,'Sprint',23,0);
INSERT INTO league_raceresult VALUES(3725,10,0,190,0,0,'Sprint',15,0);
INSERT INTO league_raceresult VALUES(3726,11,0,190,0,0,'Sprint',7,0);
INSERT INTO league_raceresult VALUES(3727,12,0,190,0,0,'Sprint',22,0);
INSERT INTO league_raceresult VALUES(3728,13,0,190,0,0,'Sprint',17,0);
INSERT INTO league_raceresult VALUES(3729,14,0,190,0,0,'Sprint',21,0);
INSERT INTO league_raceresult VALUES(3730,15,0,190,0,0,'Sprint',14,0);
INSERT INTO league_raceresult VALUES(3731,16,0,190,0,0,'Sprint',19,0);
INSERT INTO league_raceresult VALUES(3732,17,0,190,0,0,'Sprint',11,0);
INSERT INTO league_raceresult VALUES(3733,18,0,190,0,0,'Sprint',9,0);
INSERT INTO league_raceresult VALUES(3734,19,0,190,0,0,'Sprint',10,0);
INSERT INTO league_raceresult VALUES(3735,20,0,190,0,0,'Sprint',16,0);
INSERT INTO league_raceresult VALUES(3736,1,26,190,0,1,'Race',1,0);
INSERT INTO league_raceresult VALUES(3737,2,18,190,0,0,'Race',17,0);
INSERT INTO league_raceresult VALUES(3738,3,15,190,0,0,'Race',18,0);
INSERT INTO league_raceresult VALUES(3739,4,12,190,0,0,'Race',5,0);
INSERT INTO league_raceresult VALUES(3740,5,10,190,0,0,'Race',4,0);
INSERT INTO league_raceresult VALUES(3741,6,8,190,0,0,'Race',6,0);
INSERT INTO league_raceresult VALUES(3742,7,6,190,0,0,'Race',14,0);
INSERT INTO league_raceresult VALUES(3743,8,4,190,0,0,'Race',8,0);
INSERT INTO league_raceresult VALUES(3744,9,2,190,0,0,'Race',23,0);
INSERT INTO league_raceresult VALUES(3745,10,1,190,0,0,'Race',7,0);
INSERT INTO league_raceresult VALUES(3746,11,0,190,0,0,'Race',2,0);
INSERT INTO league_raceresult VALUES(3747,12,0,190,0,0,'Race',21,0);
INSERT INTO league_raceresult VALUES(3748,13,0,190,0,0,'Race',19,0);
INSERT INTO league_raceresult VALUES(3749,14,0,190,0,0,'Race',9,0);
INSERT INTO league_raceresult VALUES(3750,15,0,190,0,0,'Race',11,0);
INSERT INTO league_raceresult VALUES(3751,16,0,190,0,0,'Race',3,0);
INSERT INTO league_raceresult VALUES(3752,17,0,190,0,0,'Race',22,0);
INSERT INTO league_raceresult VALUES(3753,18,0,190,0,0,'Race',15,0);
INSERT INTO league_raceresult VALUES(3754,19,0,190,0,0,'Race',10,0);
INSERT INTO league_raceresult VALUES(3755,20,0,190,0,0,'Race',16,0);
DELETE FROM sqlite_sequence;
INSERT INTO sqlite_sequence VALUES('django_migrations',43);
INSERT INTO sqlite_sequence VALUES('django_admin_log',465);
INSERT INTO sqlite_sequence VALUES('django_content_type',17);
INSERT INTO sqlite_sequence VALUES('auth_permission',68);
INSERT INTO sqlite_sequence VALUES('auth_group',0);
INSERT INTO sqlite_sequence VALUES('auth_user',8);
INSERT INTO sqlite_sequence VALUES('auth_user_user_permissions',32);
INSERT INTO sqlite_sequence VALUES('league_teamselection_drivers',590);
INSERT INTO sqlite_sequence VALUES('league_league',1);
INSERT INTO sqlite_sequence VALUES('league_team',8);
INSERT INTO sqlite_sequence VALUES('league_race',193);
INSERT INTO sqlite_sequence VALUES('league_driver',23);
INSERT INTO sqlite_sequence VALUES('league_constructor',10);
INSERT INTO sqlite_sequence VALUES('league_league_users',8);
INSERT INTO sqlite_sequence VALUES('league_racetemplate',24);
INSERT INTO sqlite_sequence VALUES('league_historicalconstructorstanding',630);
INSERT INTO sqlite_sequence VALUES('league_teamselection',195);
INSERT INTO sqlite_sequence VALUES('league_predictionquestion',21);
INSERT INTO sqlite_sequence VALUES('league_predictionanswer',86);
INSERT INTO sqlite_sequence VALUES('league_raceresult',3755);
CREATE UNIQUE INDEX "auth_group_permissions_group_id_permission_id_0cd325b0_uniq" ON "auth_group_permissions" ("group_id", "permission_id");
CREATE INDEX "auth_group_permissions_group_id_b120cbf9" ON "auth_group_permissions" ("group_id");
CREATE INDEX "auth_group_permissions_permission_id_84c5c92e" ON "auth_group_permissions" ("permission_id");
CREATE UNIQUE INDEX "auth_user_groups_user_id_group_id_94350c0c_uniq" ON "auth_user_groups" ("user_id", "group_id");
CREATE INDEX "auth_user_groups_user_id_6a12ed8b" ON "auth_user_groups" ("user_id");
CREATE INDEX "auth_user_groups_group_id_97559544" ON "auth_user_groups" ("group_id");
CREATE UNIQUE INDEX "auth_user_user_permissions_user_id_permission_id_14a6b632_uniq" ON "auth_user_user_permissions" ("user_id", "permission_id");
CREATE INDEX "auth_user_user_permissions_user_id_a95ead1b" ON "auth_user_user_permissions" ("user_id");
CREATE INDEX "auth_user_user_permissions_permission_id_1fbb5f2c" ON "auth_user_user_permissions" ("permission_id");
CREATE INDEX "django_admin_log_content_type_id_c4bce8eb" ON "django_admin_log" ("content_type_id");
CREATE INDEX "django_admin_log_user_id_c564eba6" ON "django_admin_log" ("user_id");
CREATE UNIQUE INDEX "django_content_type_app_label_model_76bd3d3b_uniq" ON "django_content_type" ("app_label", "model");
CREATE UNIQUE INDEX "auth_permission_content_type_id_codename_01ab375a_uniq" ON "auth_permission" ("content_type_id", "codename");
CREATE INDEX "auth_permission_content_type_id_2f476e4b" ON "auth_permission" ("content_type_id");
CREATE INDEX "django_session_expire_date_a5c62663" ON "django_session" ("expire_date");
CREATE UNIQUE INDEX "league_teamselection_drivers_teamselection_id_driver_id_014f6f12_uniq" ON "league_teamselection_drivers" ("teamselection_id", "driver_id");
CREATE INDEX "league_teamselection_drivers_teamselection_id_7073e32c" ON "league_teamselection_drivers" ("teamselection_id");
CREATE INDEX "league_teamselection_drivers_driver_id_80152a73" ON "league_teamselection_drivers" ("driver_id");
CREATE INDEX "league_team_user_id_b9416e63" ON "league_team" ("user_id");
CREATE INDEX "league_team_league_id_95c67ca3" ON "league_team" ("league_id");
CREATE UNIQUE INDEX "league_team_user_id_league_id_f4352117_uniq" ON "league_team" ("user_id", "league_id");
CREATE INDEX "league_driver_constructor_id_0f66492a" ON "league_driver" ("constructor_id");
CREATE UNIQUE INDEX "league_league_users_league_id_user_id_d2e84c02_uniq" ON "league_league_users" ("league_id", "user_id");
CREATE INDEX "league_league_users_league_id_50cbe5da" ON "league_league_users" ("league_id");
CREATE INDEX "league_league_users_user_id_09dfd5cc" ON "league_league_users" ("user_id");
CREATE INDEX "league_race_league_id_158b74b8" ON "league_race" ("league_id");
CREATE UNIQUE INDEX "league_racetemplate_season_round_2e43d5be_uniq" ON "league_racetemplate" ("season", "round");
CREATE INDEX "league_race_template_id_a496d634" ON "league_race" ("template_id");
CREATE UNIQUE INDEX "league_historicalconstructorstanding_race_id_constructor_id_b5367b82_uniq" ON "league_historicalconstructorstanding" ("race_id", "constructor_id");
CREATE INDEX "league_historicalconstructorstanding_constructor_id_3ce2f2b1" ON "league_historicalconstructorstanding" ("constructor_id");
CREATE INDEX "league_historicalconstructorstanding_race_id_12fc2fa8" ON "league_historicalconstructorstanding" ("race_id");
CREATE UNIQUE INDEX "league_teamselection_team_id_race_id_245c9d1e_uniq" ON "league_teamselection" ("team_id", "race_id");
CREATE INDEX "league_teamselection_race_id_559b84ab" ON "league_teamselection" ("race_id");
CREATE INDEX "league_teamselection_team_id_d8a6d54c" ON "league_teamselection" ("team_id");
CREATE INDEX "league_predictionanswer_team_id_b14ef424" ON "league_predictionanswer" ("team_id");
CREATE INDEX "league_predictionanswer_prediction_question_id_8f0cecf4" ON "league_predictionanswer" ("prediction_question_id");
CREATE INDEX "league_raceresult_race_id_983913ea" ON "league_raceresult" ("race_id");
CREATE INDEX "league_raceresult_driver_id_6b40d0bc" ON "league_raceresult" ("driver_id");
COMMIT;
