--
-- PostgreSQL database dump
--

-- Dumped from database version 13.17 (Debian 13.17-1.pgdg120+1)
-- Dumped by pg_dump version 13.17 (Debian 13.17-1.pgdg120+1)

SET statement_timeout = 0;
SET lock_timeout = 0;
SET idle_in_transaction_session_timeout = 0;
SET client_encoding = 'UTF8';
SET standard_conforming_strings = on;
SELECT pg_catalog.set_config('search_path', '', false);
SET check_function_bodies = false;
SET xmloption = content;
SET client_min_messages = warning;
SET row_security = off;

SET default_tablespace = '';

SET default_table_access_method = heap;

--
-- Name: auth_group; Type: TABLE; Schema: public; Owner: admin
--

CREATE TABLE public.auth_group (
    id integer NOT NULL,
    name character varying(150) NOT NULL
);


ALTER TABLE public.auth_group OWNER TO admin;

--
-- Name: auth_group_id_seq; Type: SEQUENCE; Schema: public; Owner: admin
--

ALTER TABLE public.auth_group ALTER COLUMN id ADD GENERATED BY DEFAULT AS IDENTITY (
    SEQUENCE NAME public.auth_group_id_seq
    START WITH 1
    INCREMENT BY 1
    NO MINVALUE
    NO MAXVALUE
    CACHE 1
);


--
-- Name: auth_group_permissions; Type: TABLE; Schema: public; Owner: admin
--

CREATE TABLE public.auth_group_permissions (
    id bigint NOT NULL,
    group_id integer NOT NULL,
    permission_id integer NOT NULL
);


ALTER TABLE public.auth_group_permissions OWNER TO admin;

--
-- Name: auth_group_permissions_id_seq; Type: SEQUENCE; Schema: public; Owner: admin
--

ALTER TABLE public.auth_group_permissions ALTER COLUMN id ADD GENERATED BY DEFAULT AS IDENTITY (
    SEQUENCE NAME public.auth_group_permissions_id_seq
    START WITH 1
    INCREMENT BY 1
    NO MINVALUE
    NO MAXVALUE
    CACHE 1
);


--
-- Name: auth_permission; Type: TABLE; Schema: public; Owner: admin
--

CREATE TABLE public.auth_permission (
    id integer NOT NULL,
    name character varying(255) NOT NULL,
    content_type_id integer NOT NULL,
    codename character varying(100) NOT NULL
);


ALTER TABLE public.auth_permission OWNER TO admin;

--
-- Name: auth_permission_id_seq; Type: SEQUENCE; Schema: public; Owner: admin
--

ALTER TABLE public.auth_permission ALTER COLUMN id ADD GENERATED BY DEFAULT AS IDENTITY (
    SEQUENCE NAME public.auth_permission_id_seq
    START WITH 1
    INCREMENT BY 1
    NO MINVALUE
    NO MAXVALUE
    CACHE 1
);


--
-- Name: auth_user; Type: TABLE; Schema: public; Owner: admin
--

CREATE TABLE public.auth_user (
    id integer NOT NULL,
    password character varying(128) NOT NULL,
    last_login timestamp with time zone,
    is_superuser boolean NOT NULL,
    username character varying(150) NOT NULL,
    first_name character varying(150) NOT NULL,
    last_name character varying(150) NOT NULL,
    email character varying(254) NOT NULL,
    is_staff boolean NOT NULL,
    is_active boolean NOT NULL,
    date_joined timestamp with time zone NOT NULL
);


ALTER TABLE public.auth_user OWNER TO admin;

--
-- Name: auth_user_groups; Type: TABLE; Schema: public; Owner: admin
--

CREATE TABLE public.auth_user_groups (
    id bigint NOT NULL,
    user_id integer NOT NULL,
    group_id integer NOT NULL
);


ALTER TABLE public.auth_user_groups OWNER TO admin;

--
-- Name: auth_user_groups_id_seq; Type: SEQUENCE; Schema: public; Owner: admin
--

ALTER TABLE public.auth_user_groups ALTER COLUMN id ADD GENERATED BY DEFAULT AS IDENTITY (
    SEQUENCE NAME public.auth_user_groups_id_seq
    START WITH 1
    INCREMENT BY 1
    NO MINVALUE
    NO MAXVALUE
    CACHE 1
);


--
-- Name: auth_user_id_seq; Type: SEQUENCE; Schema: public; Owner: admin
--

ALTER TABLE public.auth_user ALTER COLUMN id ADD GENERATED BY DEFAULT AS IDENTITY (
    SEQUENCE NAME public.auth_user_id_seq
    START WITH 1
    INCREMENT BY 1
    NO MINVALUE
    NO MAXVALUE
    CACHE 1
);


--
-- Name: auth_user_user_permissions; Type: TABLE; Schema: public; Owner: admin
--

CREATE TABLE public.auth_user_user_permissions (
    id bigint NOT NULL,
    user_id integer NOT NULL,
    permission_id integer NOT NULL
);


ALTER TABLE public.auth_user_user_permissions OWNER TO admin;

--
-- Name: auth_user_user_permissions_id_seq; Type: SEQUENCE; Schema: public; Owner: admin
--

ALTER TABLE public.auth_user_user_permissions ALTER COLUMN id ADD GENERATED BY DEFAULT AS IDENTITY (
    SEQUENCE NAME public.auth_user_user_permissions_id_seq
    START WITH 1
    INCREMENT BY 1
    NO MINVALUE
    NO MAXVALUE
    CACHE 1
);


--
-- Name: django_admin_log; Type: TABLE; Schema: public; Owner: admin
--

CREATE TABLE public.django_admin_log (
    id integer NOT NULL,
    action_time timestamp with time zone NOT NULL,
    object_id text,
    object_repr character varying(200) NOT NULL,
    action_flag smallint NOT NULL,
    change_message text NOT NULL,
    content_type_id integer,
    user_id integer NOT NULL,
    CONSTRAINT django_admin_log_action_flag_check CHECK ((action_flag >= 0))
);


ALTER TABLE public.django_admin_log OWNER TO admin;

--
-- Name: django_admin_log_id_seq; Type: SEQUENCE; Schema: public; Owner: admin
--

ALTER TABLE public.django_admin_log ALTER COLUMN id ADD GENERATED BY DEFAULT AS IDENTITY (
    SEQUENCE NAME public.django_admin_log_id_seq
    START WITH 1
    INCREMENT BY 1
    NO MINVALUE
    NO MAXVALUE
    CACHE 1
);


--
-- Name: django_content_type; Type: TABLE; Schema: public; Owner: admin
--

CREATE TABLE public.django_content_type (
    id integer NOT NULL,
    app_label character varying(100) NOT NULL,
    model character varying(100) NOT NULL
);


ALTER TABLE public.django_content_type OWNER TO admin;

--
-- Name: django_content_type_id_seq; Type: SEQUENCE; Schema: public; Owner: admin
--

ALTER TABLE public.django_content_type ALTER COLUMN id ADD GENERATED BY DEFAULT AS IDENTITY (
    SEQUENCE NAME public.django_content_type_id_seq
    START WITH 1
    INCREMENT BY 1
    NO MINVALUE
    NO MAXVALUE
    CACHE 1
);


--
-- Name: django_migrations; Type: TABLE; Schema: public; Owner: admin
--

CREATE TABLE public.django_migrations (
    id bigint NOT NULL,
    app character varying(255) NOT NULL,
    name character varying(255) NOT NULL,
    applied timestamp with time zone NOT NULL
);


ALTER TABLE public.django_migrations OWNER TO admin;

--
-- Name: django_migrations_id_seq; Type: SEQUENCE; Schema: public; Owner: admin
--

ALTER TABLE public.django_migrations ALTER COLUMN id ADD GENERATED BY DEFAULT AS IDENTITY (
    SEQUENCE NAME public.django_migrations_id_seq
    START WITH 1
    INCREMENT BY 1
    NO MINVALUE
    NO MAXVALUE
    CACHE 1
);


--
-- Name: django_session; Type: TABLE; Schema: public; Owner: admin
--

CREATE TABLE public.django_session (
    session_key character varying(40) NOT NULL,
    session_data text NOT NULL,
    expire_date timestamp with time zone NOT NULL
);


ALTER TABLE public.django_session OWNER TO admin;

--
-- Name: league_constructor; Type: TABLE; Schema: public; Owner: admin
--

CREATE TABLE public.league_constructor (
    id bigint NOT NULL,
    name character varying(100) NOT NULL,
    standing integer
);


ALTER TABLE public.league_constructor OWNER TO admin;

--
-- Name: league_constructor_id_seq; Type: SEQUENCE; Schema: public; Owner: admin
--

ALTER TABLE public.league_constructor ALTER COLUMN id ADD GENERATED BY DEFAULT AS IDENTITY (
    SEQUENCE NAME public.league_constructor_id_seq
    START WITH 1
    INCREMENT BY 1
    NO MINVALUE
    NO MAXVALUE
    CACHE 1
);


--
-- Name: league_driver; Type: TABLE; Schema: public; Owner: admin
--

CREATE TABLE public.league_driver (
    id bigint NOT NULL,
    name character varying(100) NOT NULL,
    tier integer,
    constructor_id bigint,
    price integer NOT NULL,
    driver_id character varying(100),
    nationality character varying(50)
);


ALTER TABLE public.league_driver OWNER TO admin;

--
-- Name: league_driver_id_seq; Type: SEQUENCE; Schema: public; Owner: admin
--

ALTER TABLE public.league_driver ALTER COLUMN id ADD GENERATED BY DEFAULT AS IDENTITY (
    SEQUENCE NAME public.league_driver_id_seq
    START WITH 1
    INCREMENT BY 1
    NO MINVALUE
    NO MAXVALUE
    CACHE 1
);


--
-- Name: league_historicalconstructorstanding; Type: TABLE; Schema: public; Owner: admin
--

CREATE TABLE public.league_historicalconstructorstanding (
    id bigint NOT NULL,
    standing integer NOT NULL,
    constructor_id bigint NOT NULL,
    race_id bigint NOT NULL
);


ALTER TABLE public.league_historicalconstructorstanding OWNER TO admin;

--
-- Name: league_historicalconstructorstanding_id_seq; Type: SEQUENCE; Schema: public; Owner: admin
--

ALTER TABLE public.league_historicalconstructorstanding ALTER COLUMN id ADD GENERATED BY DEFAULT AS IDENTITY (
    SEQUENCE NAME public.league_historicalconstructorstanding_id_seq
    START WITH 1
    INCREMENT BY 1
    NO MINVALUE
    NO MAXVALUE
    CACHE 1
);


--
-- Name: league_league; Type: TABLE; Schema: public; Owner: admin
--

CREATE TABLE public.league_league (
    id bigint NOT NULL,
    name character varying(100) NOT NULL,
    season integer NOT NULL
);


ALTER TABLE public.league_league OWNER TO admin;

--
-- Name: league_league_id_seq; Type: SEQUENCE; Schema: public; Owner: admin
--

ALTER TABLE public.league_league ALTER COLUMN id ADD GENERATED BY DEFAULT AS IDENTITY (
    SEQUENCE NAME public.league_league_id_seq
    START WITH 1
    INCREMENT BY 1
    NO MINVALUE
    NO MAXVALUE
    CACHE 1
);


--
-- Name: league_league_users; Type: TABLE; Schema: public; Owner: admin
--

CREATE TABLE public.league_league_users (
    id bigint NOT NULL,
    league_id bigint NOT NULL,
    user_id integer NOT NULL
);


ALTER TABLE public.league_league_users OWNER TO admin;

--
-- Name: league_league_users_id_seq; Type: SEQUENCE; Schema: public; Owner: admin
--

ALTER TABLE public.league_league_users ALTER COLUMN id ADD GENERATED BY DEFAULT AS IDENTITY (
    SEQUENCE NAME public.league_league_users_id_seq
    START WITH 1
    INCREMENT BY 1
    NO MINVALUE
    NO MAXVALUE
    CACHE 1
);


--
-- Name: league_predictionanswer; Type: TABLE; Schema: public; Owner: admin
--

CREATE TABLE public.league_predictionanswer (
    id bigint NOT NULL,
    answer character varying(255) NOT NULL,
    points_earned numeric(5,2) NOT NULL,
    is_correct boolean NOT NULL,
    team_id bigint NOT NULL,
    prediction_question_id bigint NOT NULL
);


ALTER TABLE public.league_predictionanswer OWNER TO admin;

--
-- Name: league_predictionanswer_id_seq; Type: SEQUENCE; Schema: public; Owner: admin
--

ALTER TABLE public.league_predictionanswer ALTER COLUMN id ADD GENERATED BY DEFAULT AS IDENTITY (
    SEQUENCE NAME public.league_predictionanswer_id_seq
    START WITH 1
    INCREMENT BY 1
    NO MINVALUE
    NO MAXVALUE
    CACHE 1
);


--
-- Name: league_predictionquestion; Type: TABLE; Schema: public; Owner: admin
--

CREATE TABLE public.league_predictionquestion (
    id bigint NOT NULL,
    question_text character varying(255) NOT NULL,
    question_type character varying(50) NOT NULL,
    options jsonb,
    points_awarded numeric(5,2) NOT NULL,
    correct_answer character varying(255),
    race_id bigint NOT NULL
);


ALTER TABLE public.league_predictionquestion OWNER TO admin;

--
-- Name: league_predictionquestion_id_seq; Type: SEQUENCE; Schema: public; Owner: admin
--

ALTER TABLE public.league_predictionquestion ALTER COLUMN id ADD GENERATED BY DEFAULT AS IDENTITY (
    SEQUENCE NAME public.league_predictionquestion_id_seq
    START WITH 1
    INCREMENT BY 1
    NO MINVALUE
    NO MAXVALUE
    CACHE 1
);


--
-- Name: league_race; Type: TABLE; Schema: public; Owner: admin
--

CREATE TABLE public.league_race (
    id bigint NOT NULL,
    lineup_deadline timestamp with time zone,
    league_id bigint,
    template_id bigint
);


ALTER TABLE public.league_race OWNER TO admin;

--
-- Name: league_race_id_seq; Type: SEQUENCE; Schema: public; Owner: admin
--

ALTER TABLE public.league_race ALTER COLUMN id ADD GENERATED BY DEFAULT AS IDENTITY (
    SEQUENCE NAME public.league_race_id_seq
    START WITH 1
    INCREMENT BY 1
    NO MINVALUE
    NO MAXVALUE
    CACHE 1
);


--
-- Name: league_raceresult; Type: TABLE; Schema: public; Owner: admin
--

CREATE TABLE public.league_raceresult (
    id bigint NOT NULL,
    "position" integer NOT NULL,
    points numeric(6,2) NOT NULL,
    race_id bigint NOT NULL,
    dnf boolean NOT NULL,
    fastest_lap boolean NOT NULL,
    session_type character varying(10) NOT NULL,
    driver_id bigint,
    is_tier_override boolean NOT NULL
);


ALTER TABLE public.league_raceresult OWNER TO admin;

--
-- Name: league_raceresult_id_seq; Type: SEQUENCE; Schema: public; Owner: admin
--

ALTER TABLE public.league_raceresult ALTER COLUMN id ADD GENERATED BY DEFAULT AS IDENTITY (
    SEQUENCE NAME public.league_raceresult_id_seq
    START WITH 1
    INCREMENT BY 1
    NO MINVALUE
    NO MAXVALUE
    CACHE 1
);


--
-- Name: league_racetemplate; Type: TABLE; Schema: public; Owner: admin
--

CREATE TABLE public.league_racetemplate (
    id bigint NOT NULL,
    name character varying(100) NOT NULL,
    date date NOT NULL,
    location character varying(100) NOT NULL,
    season integer NOT NULL,
    round integer NOT NULL,
    circuit character varying(300)
);


ALTER TABLE public.league_racetemplate OWNER TO admin;

--
-- Name: league_racetemplate_id_seq; Type: SEQUENCE; Schema: public; Owner: admin
--

ALTER TABLE public.league_racetemplate ALTER COLUMN id ADD GENERATED BY DEFAULT AS IDENTITY (
    SEQUENCE NAME public.league_racetemplate_id_seq
    START WITH 1
    INCREMENT BY 1
    NO MINVALUE
    NO MAXVALUE
    CACHE 1
);


--
-- Name: league_team; Type: TABLE; Schema: public; Owner: admin
--

CREATE TABLE public.league_team (
    id bigint NOT NULL,
    name character varying(100) NOT NULL,
    league_id bigint NOT NULL,
    user_id integer NOT NULL
);


ALTER TABLE public.league_team OWNER TO admin;

--
-- Name: league_team_id_seq; Type: SEQUENCE; Schema: public; Owner: admin
--

ALTER TABLE public.league_team ALTER COLUMN id ADD GENERATED BY DEFAULT AS IDENTITY (
    SEQUENCE NAME public.league_team_id_seq
    START WITH 1
    INCREMENT BY 1
    NO MINVALUE
    NO MAXVALUE
    CACHE 1
);


--
-- Name: league_teamselection; Type: TABLE; Schema: public; Owner: admin
--

CREATE TABLE public.league_teamselection (
    id bigint NOT NULL,
    race_id bigint NOT NULL,
    submitted_on_time boolean NOT NULL,
    total_cost numeric(5,2) NOT NULL,
    team_id bigint,
    points numeric(6,2) NOT NULL
);


ALTER TABLE public.league_teamselection OWNER TO admin;

--
-- Name: league_teamselection_drivers; Type: TABLE; Schema: public; Owner: admin
--

CREATE TABLE public.league_teamselection_drivers (
    id bigint NOT NULL,
    teamselection_id bigint NOT NULL,
    driver_id bigint NOT NULL
);


ALTER TABLE public.league_teamselection_drivers OWNER TO admin;

--
-- Name: league_teamselection_drivers_id_seq; Type: SEQUENCE; Schema: public; Owner: admin
--

ALTER TABLE public.league_teamselection_drivers ALTER COLUMN id ADD GENERATED BY DEFAULT AS IDENTITY (
    SEQUENCE NAME public.league_teamselection_drivers_id_seq
    START WITH 1
    INCREMENT BY 1
    NO MINVALUE
    NO MAXVALUE
    CACHE 1
);


--
-- Name: league_teamselection_id_seq; Type: SEQUENCE; Schema: public; Owner: admin
--

ALTER TABLE public.league_teamselection ALTER COLUMN id ADD GENERATED BY DEFAULT AS IDENTITY (
    SEQUENCE NAME public.league_teamselection_id_seq
    START WITH 1
    INCREMENT BY 1
    NO MINVALUE
    NO MAXVALUE
    CACHE 1
);


--
-- Data for Name: auth_group; Type: TABLE DATA; Schema: public; Owner: admin
--

COPY public.auth_group (id, name) FROM stdin;
\.


--
-- Data for Name: auth_group_permissions; Type: TABLE DATA; Schema: public; Owner: admin
--

COPY public.auth_group_permissions (id, group_id, permission_id) FROM stdin;
\.


--
-- Data for Name: auth_permission; Type: TABLE DATA; Schema: public; Owner: admin
--

COPY public.auth_permission (id, name, content_type_id, codename) FROM stdin;
1	Can add log entry	1	add_logentry
2	Can change log entry	1	change_logentry
3	Can delete log entry	1	delete_logentry
4	Can view log entry	1	view_logentry
5	Can add permission	2	add_permission
6	Can change permission	2	change_permission
7	Can delete permission	2	delete_permission
8	Can view permission	2	view_permission
9	Can add group	3	add_group
10	Can change group	3	change_group
11	Can delete group	3	delete_group
12	Can view group	3	view_group
13	Can add user	4	add_user
14	Can change user	4	change_user
15	Can delete user	4	delete_user
16	Can view user	4	view_user
17	Can add content type	5	add_contenttype
18	Can change content type	5	change_contenttype
19	Can delete content type	5	delete_contenttype
20	Can view content type	5	view_contenttype
21	Can add session	6	add_session
22	Can change session	6	change_session
23	Can delete session	6	delete_session
24	Can view session	6	view_session
25	Can add race	7	add_race
26	Can change race	7	change_race
27	Can delete race	7	delete_race
28	Can view race	7	view_race
29	Can add team selection	8	add_teamselection
30	Can change team selection	8	change_teamselection
31	Can delete team selection	8	delete_teamselection
32	Can view team selection	8	view_teamselection
33	Can add race result	9	add_raceresult
34	Can change race result	9	change_raceresult
35	Can delete race result	9	delete_raceresult
36	Can view race result	9	view_raceresult
37	Can add constructor	10	add_constructor
38	Can change constructor	10	change_constructor
39	Can delete constructor	10	delete_constructor
40	Can view constructor	10	view_constructor
41	Can add driver	11	add_driver
42	Can change driver	11	change_driver
43	Can delete driver	11	delete_driver
44	Can view driver	11	view_driver
45	Can add league	12	add_league
46	Can change league	12	change_league
47	Can delete league	12	delete_league
48	Can view league	12	view_league
49	Can add team	13	add_team
50	Can change team	13	change_team
51	Can delete team	13	delete_team
52	Can view team	13	view_team
53	Can add race template	14	add_racetemplate
54	Can change race template	14	change_racetemplate
55	Can delete race template	14	delete_racetemplate
56	Can view race template	14	view_racetemplate
57	Can add historical constructor standing	15	add_historicalconstructorstanding
58	Can change historical constructor standing	15	change_historicalconstructorstanding
59	Can delete historical constructor standing	15	delete_historicalconstructorstanding
60	Can view historical constructor standing	15	view_historicalconstructorstanding
61	Can add prediction question	16	add_predictionquestion
62	Can change prediction question	16	change_predictionquestion
63	Can delete prediction question	16	delete_predictionquestion
64	Can view prediction question	16	view_predictionquestion
65	Can add prediction answer	17	add_predictionanswer
66	Can change prediction answer	17	change_predictionanswer
67	Can delete prediction answer	17	delete_predictionanswer
68	Can view prediction answer	17	view_predictionanswer
\.


--
-- Data for Name: auth_user; Type: TABLE DATA; Schema: public; Owner: admin
--

COPY public.auth_user (id, password, last_login, is_superuser, username, first_name, last_name, email, is_staff, is_active, date_joined) FROM stdin;
8	pbkdf2_sha256$870000$6IzoYLPAt3gM03ikxeCfwz$ek55G8MnfUEPWxHeIkqx+WhUN8gMsCKbodAHbCptDXE=	2024-11-19 01:53:49.741435+00	f	cody				f	t	2024-11-17 19:57:31.17+00
1	pbkdf2_sha256$870000$Riroko7NnkRcwy66lkRyiw$P/awEqCAY59MARStDhsCuAEUCao4xqr9lhXxEgNnc4k=	2024-11-21 04:28:14.908364+00	t	ryanortiz			ortizryan76@gmail.com	t	t	2024-11-08 20:17:14+00
2	pbkdf2_sha256$870000$ktIbAQ5b2Zlzo389YVXjm0$XAyL2vIfRfr1pBxAUWyIqvOFbeZ6wYrh+JAspUxZX+s=	2024-11-21 04:34:54.636712+00	f	brett				f	t	2024-11-12 02:32:06.087+00
4	pbkdf2_sha256$870000$tTupscY8ohBRhrltQbrBBh$8iDzRQjhxsOAJk2vwIkzkZHJpLh9XnVI0MBge7x8Aqg=	2024-11-21 04:56:01.747202+00	f	jordan				f	t	2024-11-17 19:56:34.107+00
7	pbkdf2_sha256$870000$N2hzUhjHiF1sDKxWp7wTUo$vYliYczvGbFHRkfQ2L29261VgrOoA5kc8NKTZQL5FPA=	2024-11-21 14:00:50.681627+00	f	jesse				f	t	2024-11-17 19:57:16.762+00
9	pbkdf2_sha256$870000$lNjKT0AU1dN7c6ldEA3B70$N1jCgLS1jAkJqbB7CNKY9rEKPdK6ARFRGBdqVNszFEQ=	2024-11-21 14:37:24.765897+00	f	bnapier44				f	t	2024-11-21 14:37:24.513583+00
3	pbkdf2_sha256$870000$UasgTbyWfyJaVylgbpxC56$5/aE7jOFWjfac0EhLKvGKXSmubnmhOOQIl6ommiFrCE=	2024-11-21 14:38:20.829833+00	f	brian				f	t	2024-11-12 02:38:48.649+00
6	pbkdf2_sha256$870000$5oFPyKoUtkdmA8MOxt64HO$E08HQ4BzAmaUcQhlJf4UbDLFosr1XvDdRhUESCLZc+A=	2024-11-21 14:44:56.501881+00	f	Klark				f	t	2024-11-17 19:56:58.513+00
5	pbkdf2_sha256$870000$HgRgX5aQ1QkPS85Nw7baIu$H3BaeiKgLieM6+EUxvA5zc3tl+8mPASae0PA6FThBc4=	2024-11-21 14:47:04.198635+00	f	alex				f	t	2024-11-17 19:56:43.299+00
\.


--
-- Data for Name: auth_user_groups; Type: TABLE DATA; Schema: public; Owner: admin
--

COPY public.auth_user_groups (id, user_id, group_id) FROM stdin;
\.


--
-- Data for Name: auth_user_user_permissions; Type: TABLE DATA; Schema: public; Owner: admin
--

COPY public.auth_user_user_permissions (id, user_id, permission_id) FROM stdin;
33	1	1
34	1	2
35	1	3
36	1	4
37	1	5
38	1	6
39	1	7
40	1	8
41	1	9
42	1	10
43	1	11
44	1	12
45	1	13
46	1	14
47	1	15
48	1	16
49	1	17
50	1	18
51	1	19
52	1	20
53	1	21
54	1	22
55	1	23
56	1	24
57	1	25
58	1	26
59	1	27
60	1	28
61	1	29
62	1	30
63	1	31
64	1	32
\.


--
-- Data for Name: django_admin_log; Type: TABLE DATA; Schema: public; Owner: admin
--

COPY public.django_admin_log (id, action_time, object_id, object_repr, action_flag, change_message, content_type_id, user_id) FROM stdin;
1	2024-11-08 20:42:38.468+00	1	ryanortiz	2	[{"changed": {"fields": ["User permissions"]}}]	4	1
2	2024-11-08 20:44:54.967+00	1	Las Vegas	1	[{"added": {}}]	7	1
3	2024-11-08 20:54:06.845+00	1	max - Las Vegas	1	[{"added": {}}]	9	1
4	2024-11-08 20:54:20.406+00	2	lando - Las Vegas	1	[{"added": {}}]	9	1
5	2024-11-11 02:42:00.508+00	1	Red Bull Racing	1	[{"added": {}}]	11	1
6	2024-11-11 02:42:02.429+00	1	Max Verstappen - Red Bull Racing (Tier 1)	1	[{"added": {}}]	10	1
7	2024-11-11 02:42:31.173+00	1	Red Bull Racing	2	[{"changed": {"fields": ["Standing"]}}]	11	1
8	2024-11-11 02:42:37.521+00	2	McLaren	1	[{"added": {}}]	11	1
9	2024-11-11 02:42:42.653+00	3	Ferrari	1	[{"added": {}}]	11	1
10	2024-11-11 02:42:50.75+00	4	Mercedes	1	[{"added": {}}]	11	1
11	2024-11-11 02:43:03.677+00	5	Aston Martin	1	[{"added": {}}]	11	1
12	2024-11-11 02:43:15.136+00	6	Alpine	1	[{"added": {}}]	11	1
13	2024-11-11 02:43:25.461+00	7	Haas	1	[{"added": {}}]	11	1
14	2024-11-11 02:43:47.782+00	8	RB Cash App	1	[{"added": {}}]	11	1
15	2024-11-11 02:43:56.537+00	9	Williams	1	[{"added": {}}]	11	1
16	2024-11-11 02:44:04.175+00	10	Kick Sauber	1	[{"added": {}}]	11	1
17	2024-11-11 02:44:29.383+00	2	Lando Norris - McLaren (Tier 1)	1	[{"added": {}}]	10	1
18	2024-11-11 02:46:33.6+00	2	Lando Norris - McLaren (Tier 1)	2	[{"changed": {"fields": ["Price"]}}]	10	1
19	2024-11-11 02:46:38.235+00	1	Max Verstappen - Red Bull Racing (Tier 1)	2	[{"changed": {"fields": ["Price"]}}]	10	1
20	2024-11-11 02:46:55.142+00	3	Sergio Perez - Red Bull Racing (Tier 1)	1	[{"added": {}}]	10	1
21	2024-11-11 02:47:08.229+00	4	Charles Leclerc - Ferrari (Tier 1)	1	[{"added": {}}]	10	1
22	2024-11-11 02:47:18.592+00	5	Carlos Sainz - Ferrari (Tier 1)	1	[{"added": {}}]	10	1
23	2024-11-11 02:47:32.987+00	6	Lewis Hamilton - Mercedes (Tier 1)	1	[{"added": {}}]	10	1
24	2024-11-11 02:47:45.896+00	7	George Russel - Mercedes (Tier 1)	1	[{"added": {}}]	10	1
25	2024-11-11 02:47:59.433+00	8	Oscar Piastri - McLaren (Tier 1)	1	[{"added": {}}]	10	1
26	2024-11-11 02:48:12.698+00	9	Fernando Alonso - Aston Martin (Tier 2)	1	[{"added": {}}]	10	1
27	2024-11-11 02:48:28.605+00	10	Lance Stroll - Aston Martin (Tier 2)	1	[{"added": {}}]	10	1
28	2024-11-11 02:48:42.841+00	11	Alex Albon - Williams (Tier 2)	1	[{"added": {}}]	10	1
29	2024-11-11 02:48:59.714+00	12	Yuki Tsunoda - RB Cash App (Tier 2)	1	[{"added": {}}]	10	1
30	2024-11-11 02:49:13.125+00	13	Esteban Ocon - Alpine (Tier 2)	1	[{"added": {}}]	10	1
31	2024-11-11 02:49:22.783+00	14	Pierre Gasly - Alpine (Tier 2)	1	[{"added": {}}]	10	1
32	2024-11-11 02:49:36.883+00	15	Liam Lawson - RB Cash App (Tier 2)	1	[{"added": {}}]	10	1
33	2024-11-11 02:49:48.701+00	16	Valterri Botas - Kick Sauber (Tier 2)	1	[{"added": {}}]	10	1
34	2024-11-11 02:50:12.267+00	17	Zhou Guanyu - Kick Sauber (Tier 2)	1	[{"added": {}}]	10	1
35	2024-11-11 02:50:28.847+00	18	Nico Hulkenburg - Haas (Tier 2)	1	[{"added": {}}]	10	1
36	2024-11-11 02:50:58.555+00	19	Kevin Magnussen - Haas (Tier 2)	1	[{"added": {}}]	10	1
37	2024-11-11 02:51:34.248+00	20	Franco Colapinto - Williams (Tier 2)	1	[{"added": {}}]	10	1
38	2024-11-11 16:05:31.214+00	1	RCFORL - 2024	1	[{"added": {}}]	12	1
39	2024-11-11 16:43:44.989+00	1	Ralts - RCFORL (ryanortiz)	1	[{"added": {}}]	13	1
40	2024-11-11 16:44:04.964+00	3	TeamSelection object (3)	2	[{"changed": {"fields": ["Team", "Drivers"]}}]	8	1
41	2024-11-11 16:44:42.41+00	2	TeamSelection object (2)	3		8	1
42	2024-11-11 16:44:46.743+00	1	TeamSelection object (1)	3		8	1
43	2024-11-12 02:32:06.265+00	2	brett	1	[{"added": {}}]	4	1
44	2024-11-12 02:38:32.25+00	2	All Gas - RCFORL (brett)	1	[{"added": {}}]	13	1
45	2024-11-12 02:38:48.832+00	3	brian	1	[{"added": {}}]	4	1
46	2024-11-12 02:38:54.783+00	3	Nippleton - RCFORL (brian)	1	[{"added": {}}]	13	1
47	2024-11-12 02:40:37.632+00	2	Bahrain GP - 2024-03-02	1	[{"added": {}}]	7	1
48	2024-11-12 02:41:21.167+00	3	Saudi Arabia GP - 2024-03-09	1	[{"added": {}}]	7	1
49	2024-11-12 02:42:05.432+00	4	Australia GP - 2024-03-24	1	[{"added": {}}]	7	1
50	2024-11-12 02:42:50.129+00	5	TeamSelection object (5)	1	[{"added": {}}]	8	1
51	2024-11-12 02:48:53.652+00	3	Max Verstappen - Bahrain GP - Race	1	[{"added": {}}]	9	1
52	2024-11-12 02:48:57.982+00	3	Max Verstappen - Bahrain GP - Race	2	[]	9	1
53	2024-11-12 02:58:26.617+00	4	Australia GP - 2024-03-24	3		7	1
54	2024-11-12 02:58:26.617+00	3	Saudi Arabia GP - 2024-03-09	3		7	1
55	2024-11-12 02:58:26.617+00	2	Bahrain GP - 2024-03-02	3		7	1
56	2024-11-12 02:58:26.617+00	1	Las Vegas - 2024-11-23	3		7	1
57	2024-11-12 03:38:50.236+00	20	Franco Colapinto - Tier 2	3		10	1
58	2024-11-12 03:38:50.236+00	19	Kevin Magnussen - Tier 2	3		10	1
59	2024-11-12 03:38:50.236+00	18	Nico Hulkenburg - Tier 2	3		10	1
60	2024-11-12 03:38:50.236+00	17	Zhou Guanyu - Tier 2	3		10	1
61	2024-11-12 03:38:50.236+00	16	Valterri Botas - Tier 2	3		10	1
62	2024-11-12 03:38:50.236+00	15	Liam Lawson - Tier 2	3		10	1
63	2024-11-12 03:38:50.236+00	14	Pierre Gasly - Tier 2	3		10	1
64	2024-11-12 03:38:50.236+00	13	Esteban Ocon - Tier 2	3		10	1
65	2024-11-12 03:38:50.236+00	12	Yuki Tsunoda - Tier 2	3		10	1
66	2024-11-12 03:38:50.236+00	11	Alex Albon - Tier 2	3		10	1
67	2024-11-12 03:38:50.236+00	10	Lance Stroll - Tier 2	3		10	1
68	2024-11-12 03:38:50.236+00	9	Fernando Alonso - Tier 2	3		10	1
69	2024-11-12 03:38:50.237+00	8	Oscar Piastri - Tier 1	3		10	1
70	2024-11-12 03:38:50.237+00	7	George Russel - Tier 1	3		10	1
71	2024-11-12 03:38:50.237+00	6	Lewis Hamilton - Tier 1	3		10	1
72	2024-11-12 03:38:50.237+00	5	Carlos Sainz - Tier 1	3		10	1
73	2024-11-12 03:38:50.237+00	4	Charles Leclerc - Tier 1	3		10	1
74	2024-11-12 03:38:50.237+00	3	Sergio Perez - Tier 1	3		10	1
75	2024-11-12 03:38:50.237+00	2	Lando Norris - Tier 1	3		10	1
76	2024-11-12 03:38:50.237+00	1	Max Verstappen - Tier 1	3		10	1
77	2024-11-12 15:40:49.493+00	28	Abu Dhabi Grand Prix - 2024-12-08	3		7	1
78	2024-11-12 15:40:49.493+00	27	Qatar Grand Prix - 2024-12-01	3		7	1
79	2024-11-12 15:40:49.493+00	26	Las Vegas Grand Prix - 2024-11-23	3		7	1
80	2024-11-12 15:40:49.493+00	25	São Paulo Grand Prix - 2024-11-03	3		7	1
81	2024-11-12 15:40:49.493+00	24	Mexico City Grand Prix - 2024-10-27	3		7	1
82	2024-11-12 15:40:49.493+00	23	United States Grand Prix - 2024-10-20	3		7	1
83	2024-11-12 15:40:49.493+00	22	Singapore Grand Prix - 2024-09-22	3		7	1
84	2024-11-12 15:40:49.493+00	21	Azerbaijan Grand Prix - 2024-09-15	3		7	1
85	2024-11-12 15:40:49.493+00	20	Italian Grand Prix - 2024-09-01	3		7	1
86	2024-11-12 15:40:49.493+00	19	Dutch Grand Prix - 2024-08-25	3		7	1
87	2024-11-12 15:40:49.493+00	18	Belgian Grand Prix - 2024-07-28	3		7	1
88	2024-11-12 15:40:49.493+00	17	Hungarian Grand Prix - 2024-07-21	3		7	1
89	2024-11-12 15:40:49.493+00	16	British Grand Prix - 2024-07-07	3		7	1
90	2024-11-12 15:40:49.493+00	15	Austrian Grand Prix - 2024-06-30	3		7	1
91	2024-11-12 15:40:49.493+00	14	Spanish Grand Prix - 2024-06-23	3		7	1
92	2024-11-12 15:40:49.493+00	13	Canadian Grand Prix - 2024-06-09	3		7	1
93	2024-11-12 15:40:49.493+00	12	Monaco Grand Prix - 2024-05-26	3		7	1
94	2024-11-12 15:40:49.493+00	11	Emilia Romagna Grand Prix - 2024-05-19	3		7	1
95	2024-11-12 15:40:49.493+00	10	Miami Grand Prix - 2024-05-05	3		7	1
96	2024-11-12 15:40:49.493+00	9	Chinese Grand Prix - 2024-04-21	3		7	1
97	2024-11-12 15:40:49.493+00	8	Japanese Grand Prix - 2024-04-07	3		7	1
98	2024-11-12 15:40:49.493+00	7	Australian Grand Prix - 2024-03-24	3		7	1
99	2024-11-12 15:40:49.493+00	6	Saudi Arabian Grand Prix - 2024-03-09	3		7	1
100	2024-11-12 15:40:49.493+00	5	Bahrain Grand Prix - 2024-03-02	3		7	1
101	2024-11-12 16:33:53.534+00	29	Bahrain Grand Prix - 2024-02-29	2	[{"changed": {"fields": ["Round"]}}]	7	1
102	2024-11-12 16:34:00.214+00	30	Saudi Arabian Grand Prix - 2024-03-07	2	[{"changed": {"fields": ["Round"]}}]	7	1
103	2024-11-12 16:34:04.216+00	31	Australian Grand Prix - 2024-03-22	2	[{"changed": {"fields": ["Round"]}}]	7	1
104	2024-11-12 16:34:09.328+00	32	Japanese Grand Prix - 2024-04-05	2	[{"changed": {"fields": ["Round"]}}]	7	1
105	2024-11-12 16:34:16.324+00	33	Chinese Grand Prix - 2024-04-19	2	[{"changed": {"fields": ["Round"]}}]	7	1
106	2024-11-12 16:34:20.69+00	34	Miami Grand Prix - 2024-05-03	2	[{"changed": {"fields": ["Round"]}}]	7	1
107	2024-11-12 16:34:25.417+00	35	Emilia Romagna Grand Prix - 2024-05-17	2	[{"changed": {"fields": ["Round"]}}]	7	1
108	2024-11-12 16:34:31.356+00	36	Monaco Grand Prix - 2024-05-24	2	[{"changed": {"fields": ["Round"]}}]	7	1
109	2024-11-12 16:34:37.752+00	37	Canadian Grand Prix - 2024-06-07	2	[{"changed": {"fields": ["Round"]}}]	7	1
110	2024-11-12 16:34:42.478+00	38	Spanish Grand Prix - 2024-06-21	2	[{"changed": {"fields": ["Round"]}}]	7	1
111	2024-11-12 16:34:48.293+00	39	Austrian Grand Prix - 2024-06-28	2	[{"changed": {"fields": ["Round"]}}]	7	1
112	2024-11-12 16:35:00.627+00	40	British Grand Prix - 2024-07-05	2	[{"changed": {"fields": ["Round"]}}]	7	1
113	2024-11-12 16:35:05.654+00	41	Hungarian Grand Prix - 2024-07-19	2	[{"changed": {"fields": ["Round"]}}]	7	1
114	2024-11-12 16:35:11.16+00	42	Belgian Grand Prix - 2024-07-26	2	[{"changed": {"fields": ["Round"]}}]	7	1
115	2024-11-12 16:35:23.929+00	43	Dutch Grand Prix - 2024-08-23	2	[{"changed": {"fields": ["Round"]}}]	7	1
116	2024-11-12 16:36:16.582+00	49	São Paulo Grand Prix - 2024-11-01	3		7	1
117	2024-11-12 16:36:16.583+00	48	Mexico City Grand Prix - 2024-10-25	3		7	1
118	2024-11-12 16:36:16.583+00	47	United States Grand Prix - 2024-10-18	3		7	1
119	2024-11-12 16:36:16.583+00	46	Singapore Grand Prix - 2024-09-20	3		7	1
120	2024-11-12 16:36:16.583+00	45	Azerbaijan Grand Prix - 2024-09-13	3		7	1
121	2024-11-12 16:36:16.583+00	44	Italian Grand Prix - 2024-08-30	3		7	1
122	2024-11-12 16:36:16.583+00	43	Dutch Grand Prix - 2024-08-23	3		7	1
123	2024-11-12 16:36:16.583+00	42	Belgian Grand Prix - 2024-07-26	3		7	1
124	2024-11-12 16:36:16.583+00	41	Hungarian Grand Prix - 2024-07-19	3		7	1
125	2024-11-12 16:36:16.583+00	40	British Grand Prix - 2024-07-05	3		7	1
126	2024-11-12 16:36:16.583+00	39	Austrian Grand Prix - 2024-06-28	3		7	1
127	2024-11-12 16:36:16.583+00	38	Spanish Grand Prix - 2024-06-21	3		7	1
128	2024-11-12 16:36:16.583+00	37	Canadian Grand Prix - 2024-06-07	3		7	1
129	2024-11-12 16:36:16.583+00	36	Monaco Grand Prix - 2024-05-24	3		7	1
130	2024-11-12 16:36:16.583+00	35	Emilia Romagna Grand Prix - 2024-05-17	3		7	1
131	2024-11-12 16:36:16.583+00	34	Miami Grand Prix - 2024-05-03	3		7	1
132	2024-11-12 16:36:16.583+00	33	Chinese Grand Prix - 2024-04-19	3		7	1
133	2024-11-12 16:36:16.583+00	32	Japanese Grand Prix - 2024-04-05	3		7	1
134	2024-11-12 16:36:16.583+00	31	Australian Grand Prix - 2024-03-22	3		7	1
135	2024-11-12 16:36:16.583+00	30	Saudi Arabian Grand Prix - 2024-03-07	3		7	1
136	2024-11-12 16:36:16.583+00	29	Bahrain Grand Prix - 2024-02-29	3		7	1
137	2024-11-12 16:40:27.697+00	73	Abu Dhabi Grand Prix - 2024-12-08	3		7	1
138	2024-11-12 16:40:27.697+00	72	Qatar Grand Prix - 2024-12-01	3		7	1
139	2024-11-12 16:40:27.697+00	71	Las Vegas Grand Prix - 2024-11-23	3		7	1
140	2024-11-12 16:40:27.697+00	70	São Paulo Grand Prix - 2024-11-03	3		7	1
141	2024-11-12 16:40:27.697+00	69	Mexico City Grand Prix - 2024-10-27	3		7	1
142	2024-11-12 16:40:27.697+00	68	United States Grand Prix - 2024-10-20	3		7	1
143	2024-11-12 16:40:27.697+00	67	Singapore Grand Prix - 2024-09-22	3		7	1
144	2024-11-12 16:40:27.697+00	66	Azerbaijan Grand Prix - 2024-09-15	3		7	1
145	2024-11-12 16:40:27.697+00	65	Italian Grand Prix - 2024-09-01	3		7	1
146	2024-11-12 16:40:27.697+00	64	Dutch Grand Prix - 2024-08-25	3		7	1
147	2024-11-12 16:40:27.697+00	63	Belgian Grand Prix - 2024-07-28	3		7	1
148	2024-11-12 16:40:27.697+00	62	Hungarian Grand Prix - 2024-07-21	3		7	1
149	2024-11-12 16:40:27.697+00	61	British Grand Prix - 2024-07-07	3		7	1
150	2024-11-12 16:40:27.697+00	60	Austrian Grand Prix - 2024-06-30	3		7	1
151	2024-11-12 16:40:27.697+00	59	Spanish Grand Prix - 2024-06-23	3		7	1
152	2024-11-12 16:40:27.697+00	58	Canadian Grand Prix - 2024-06-09	3		7	1
153	2024-11-12 16:40:27.697+00	57	Monaco Grand Prix - 2024-05-26	3		7	1
154	2024-11-12 16:40:27.697+00	56	Emilia Romagna Grand Prix - 2024-05-19	3		7	1
155	2024-11-12 16:40:27.697+00	55	Miami Grand Prix - 2024-05-05	3		7	1
156	2024-11-12 16:40:27.697+00	54	Chinese Grand Prix - 2024-04-21	3		7	1
157	2024-11-12 16:40:27.697+00	53	Japanese Grand Prix - 2024-04-07	3		7	1
158	2024-11-12 16:40:27.697+00	52	Australian Grand Prix - 2024-03-24	3		7	1
159	2024-11-12 16:40:27.697+00	51	Saudi Arabian Grand Prix - 2024-03-09	3		7	1
160	2024-11-12 16:40:27.697+00	50	Bahrain Grand Prix - 2024-03-02	3		7	1
161	2024-11-12 16:47:10.305+00	97	Abu Dhabi Grand Prix - 2024-12-08	3		7	1
162	2024-11-12 16:47:10.305+00	96	Qatar Grand Prix - 2024-12-01	3		7	1
163	2024-11-12 16:47:10.305+00	95	Las Vegas Grand Prix - 2024-11-23	3		7	1
164	2024-11-12 16:47:10.306+00	94	São Paulo Grand Prix - 2024-11-03	3		7	1
165	2024-11-12 16:47:10.306+00	93	Mexico City Grand Prix - 2024-10-27	3		7	1
166	2024-11-12 16:47:10.306+00	92	United States Grand Prix - 2024-10-20	3		7	1
167	2024-11-12 16:47:10.306+00	91	Singapore Grand Prix - 2024-09-22	3		7	1
168	2024-11-12 16:47:10.306+00	90	Azerbaijan Grand Prix - 2024-09-15	3		7	1
169	2024-11-12 16:47:10.306+00	89	Italian Grand Prix - 2024-09-01	3		7	1
170	2024-11-12 16:47:10.306+00	88	Dutch Grand Prix - 2024-08-25	3		7	1
171	2024-11-12 16:47:10.306+00	87	Belgian Grand Prix - 2024-07-28	3		7	1
172	2024-11-12 16:47:10.306+00	86	Hungarian Grand Prix - 2024-07-21	3		7	1
173	2024-11-12 16:47:10.306+00	85	British Grand Prix - 2024-07-07	3		7	1
174	2024-11-12 16:47:10.306+00	84	Austrian Grand Prix - 2024-06-30	3		7	1
175	2024-11-12 16:47:10.306+00	83	Spanish Grand Prix - 2024-06-23	3		7	1
176	2024-11-12 16:47:10.306+00	82	Canadian Grand Prix - 2024-06-09	3		7	1
177	2024-11-12 16:47:10.306+00	81	Monaco Grand Prix - 2024-05-26	3		7	1
178	2024-11-12 16:47:10.306+00	80	Emilia Romagna Grand Prix - 2024-05-19	3		7	1
179	2024-11-12 16:47:10.306+00	79	Miami Grand Prix - 2024-05-05	3		7	1
180	2024-11-12 16:47:10.306+00	78	Chinese Grand Prix - 2024-04-21	3		7	1
181	2024-11-12 16:47:10.306+00	77	Japanese Grand Prix - 2024-04-07	3		7	1
182	2024-11-12 16:47:10.306+00	76	Australian Grand Prix - 2024-03-24	3		7	1
183	2024-11-12 16:47:10.306+00	75	Saudi Arabian Grand Prix - 2024-03-09	3		7	1
184	2024-11-12 16:47:10.306+00	74	Bahrain Grand Prix - 2024-03-02	3		7	1
185	2024-11-12 16:58:27.796+00	10	Kick Sauber	3		11	1
186	2024-11-12 16:58:27.796+00	9	Williams	3		11	1
187	2024-11-12 16:58:27.796+00	8	RB Cash App	3		11	1
188	2024-11-12 16:58:27.796+00	7	Haas	3		11	1
189	2024-11-12 16:58:27.796+00	6	Alpine	3		11	1
190	2024-11-12 16:58:27.796+00	5	Aston Martin	3		11	1
191	2024-11-12 16:58:27.796+00	4	Mercedes	3		11	1
192	2024-11-12 16:58:27.796+00	3	Ferrari	3		11	1
193	2024-11-12 16:58:27.796+00	2	McLaren	3		11	1
194	2024-11-12 16:58:27.796+00	1	Red Bull Racing	3		11	1
195	2024-11-12 20:08:57.346+00	23	Liam Lawson - Tier 2	2	[{"changed": {"fields": ["Tier"]}}]	10	1
196	2024-11-12 20:09:01.22+00	22	Franco Colapinto - Tier 2	2	[{"changed": {"fields": ["Nationality", "Tier"]}}]	10	1
197	2024-11-12 20:09:04.555+00	21	Oliver Bearman - Tier 2	2	[{"changed": {"fields": ["Tier"]}}]	10	1
198	2024-11-12 20:09:08.269+00	20	Logan Sargeant - Tier 2	2	[{"changed": {"fields": ["Tier"]}}]	10	1
199	2024-11-12 20:09:11.995+00	19	Valtteri Bottas - Tier 2	2	[{"changed": {"fields": ["Tier"]}}]	10	1
200	2024-11-12 20:09:15.397+00	18	Pierre Gasly - Tier 2	2	[{"changed": {"fields": ["Tier"]}}]	10	1
201	2024-11-12 20:09:24.431+00	17	Esteban Ocon - Tier 2	2	[{"changed": {"fields": ["Tier", "Price"]}}]	10	1
202	2024-11-12 20:09:36.823+00	1	Max Verstappen - Tier 1	2	[{"changed": {"fields": ["Tier", "Price"]}}]	10	1
203	2024-11-12 20:09:42.443+00	2	Sergio Pérez - Tier 1	2	[{"changed": {"fields": ["Tier", "Price"]}}]	10	1
204	2024-11-12 20:10:22.982+00	3	Carlos Sainz - Tier 1	2	[{"changed": {"fields": ["Tier", "Price"]}}]	10	1
205	2024-11-12 20:10:29.578+00	4	Charles Leclerc - Tier 1	2	[{"changed": {"fields": ["Tier", "Price"]}}]	10	1
206	2024-11-12 20:10:36.727+00	5	George Russell - Tier 1	2	[{"changed": {"fields": ["Tier", "Price"]}}]	10	1
207	2024-11-12 20:10:45.178+00	6	Lando Norris - Tier 1	2	[{"changed": {"fields": ["Tier", "Price"]}}]	10	1
208	2024-11-12 20:10:54.464+00	7	Lewis Hamilton - Tier 1	2	[{"changed": {"fields": ["Tier", "Price"]}}]	10	1
209	2024-11-12 20:11:01.646+00	8	Oscar Piastri - Tier 1	2	[{"changed": {"fields": ["Tier", "Price"]}}]	10	1
210	2024-11-12 20:11:17.383+00	9	Fernando Alonso - Tier 2	2	[{"changed": {"fields": ["Tier", "Price"]}}]	10	1
211	2024-11-12 20:11:23.99+00	10	Lance Stroll - Tier 2	2	[{"changed": {"fields": ["Tier", "Price"]}}]	10	1
212	2024-11-12 20:11:29.835+00	11	Guanyu Zhou - Tier 2	2	[{"changed": {"fields": ["Tier"]}}]	10	1
213	2024-11-12 20:11:38.681+00	12	Kevin Magnussen - Tier 2	2	[{"changed": {"fields": ["Tier", "Price"]}}]	10	1
214	2024-11-12 20:11:43.155+00	13	Daniel Ricciardo - Tier 2	2	[{"changed": {"fields": ["Tier"]}}]	10	1
215	2024-11-12 20:11:49.218+00	14	Yuki Tsunoda - Tier 2	2	[{"changed": {"fields": ["Tier", "Price"]}}]	10	1
216	2024-11-12 20:11:55.778+00	15	Alexander Albon - Tier 2	2	[{"changed": {"fields": ["Tier", "Price"]}}]	10	1
217	2024-11-12 20:12:00.526+00	16	Nico Hülkenberg - Tier 2	2	[{"changed": {"fields": ["Tier", "Price"]}}]	10	1
218	2024-11-12 20:12:03.335+00	17	Esteban Ocon - Tier 2	2	[]	10	1
219	2024-11-12 20:12:05.7+00	19	Valtteri Bottas - Tier 2	2	[]	10	1
220	2024-11-12 20:12:07.83+00	20	Logan Sargeant - Tier 2	2	[]	10	1
221	2024-11-12 20:12:13.423+00	21	Oliver Bearman - Tier 2	2	[{"changed": {"fields": ["Price"]}}]	10	1
222	2024-11-12 20:12:16.963+00	22	Franco Colapinto - Tier 2	2	[{"changed": {"fields": ["Price"]}}]	10	1
223	2024-11-12 20:12:19.838+00	23	Liam Lawson - Tier 2	2	[{"changed": {"fields": ["Price"]}}]	10	1
224	2024-11-13 03:55:41.868+00	6	TeamSelection object (6)	1	[{"added": {}}]	8	1
225	2024-11-13 04:09:22.235+00	1	Red Bull	2	[{"changed": {"fields": ["Standing"]}}]	11	1
226	2024-11-13 04:09:26.374+00	4	McLaren	2	[{"changed": {"fields": ["Standing"]}}]	11	1
227	2024-11-13 04:09:31.182+00	2	Ferrari	2	[{"changed": {"fields": ["Standing"]}}]	11	1
228	2024-11-13 04:09:36.086+00	3	Mercedes	2	[{"changed": {"fields": ["Standing"]}}]	11	1
229	2024-11-13 04:09:40.67+00	5	Aston Martin	2	[{"changed": {"fields": ["Standing"]}}]	11	1
230	2024-11-13 04:09:44.369+00	10	Alpine F1 Team	2	[{"changed": {"fields": ["Standing"]}}]	11	1
231	2024-11-13 04:09:48.972+00	7	Haas F1 Team	2	[{"changed": {"fields": ["Standing"]}}]	11	1
232	2024-11-13 04:09:55.137+00	8	RB F1 Team	2	[{"changed": {"fields": ["Standing"]}}]	11	1
233	2024-11-13 04:09:59.148+00	9	Williams	2	[{"changed": {"fields": ["Standing"]}}]	11	1
234	2024-11-13 04:10:08.176+00	6	Sauber	2	[{"changed": {"fields": ["Standing"]}}]	11	1
235	2024-11-13 04:32:53.989+00	7	TeamSelection object (7)	1	[{"added": {}}]	8	1
236	2024-11-13 04:33:28.672+00	8	TeamSelection object (8)	1	[{"added": {}}]	8	1
237	2024-11-13 04:35:36.845+00	9	TeamSelection object (9)	1	[{"added": {}}]	8	1
238	2024-11-13 04:35:52.918+00	10	TeamSelection object (10)	1	[{"added": {}}]	8	1
239	2024-11-13 04:36:09.18+00	11	TeamSelection object (11)	1	[{"added": {}}]	8	1
240	2024-11-13 15:28:57.699+00	1	RCFORL - 2024	2	[{"changed": {"fields": ["Users"]}}]	12	1
241	2024-11-14 16:13:08.063+00	121	Abu Dhabi Grand Prix - 2024-12-08	3		7	1
242	2024-11-14 16:13:08.063+00	120	Qatar Grand Prix - 2024-12-01	3		7	1
243	2024-11-14 16:13:08.063+00	119	Las Vegas Grand Prix - 2024-11-23	3		7	1
244	2024-11-14 16:13:08.063+00	118	São Paulo Grand Prix - 2024-11-03	3		7	1
245	2024-11-14 16:13:08.063+00	117	Mexico City Grand Prix - 2024-10-27	3		7	1
246	2024-11-14 16:13:08.063+00	116	United States Grand Prix - 2024-10-20	3		7	1
247	2024-11-14 16:13:08.063+00	115	Singapore Grand Prix - 2024-09-22	3		7	1
248	2024-11-14 16:13:08.063+00	114	Azerbaijan Grand Prix - 2024-09-15	3		7	1
249	2024-11-14 16:13:08.063+00	113	Italian Grand Prix - 2024-09-01	3		7	1
250	2024-11-14 16:13:08.063+00	112	Dutch Grand Prix - 2024-08-25	3		7	1
251	2024-11-14 16:13:08.063+00	111	Belgian Grand Prix - 2024-07-28	3		7	1
252	2024-11-14 16:13:08.063+00	110	Hungarian Grand Prix - 2024-07-21	3		7	1
253	2024-11-14 16:13:08.063+00	109	British Grand Prix - 2024-07-07	3		7	1
254	2024-11-14 16:13:08.063+00	108	Austrian Grand Prix - 2024-06-30	3		7	1
255	2024-11-14 16:13:08.063+00	107	Spanish Grand Prix - 2024-06-23	3		7	1
256	2024-11-14 16:13:08.063+00	106	Canadian Grand Prix - 2024-06-09	3		7	1
257	2024-11-14 16:13:08.063+00	105	Monaco Grand Prix - 2024-05-26	3		7	1
258	2024-11-14 16:13:08.063+00	104	Emilia Romagna Grand Prix - 2024-05-19	3		7	1
259	2024-11-14 16:13:08.063+00	103	Miami Grand Prix - 2024-05-05	3		7	1
260	2024-11-14 16:13:08.063+00	102	Chinese Grand Prix - 2024-04-21	3		7	1
261	2024-11-14 16:13:08.063+00	101	Japanese Grand Prix - 2024-04-07	3		7	1
262	2024-11-14 16:13:08.063+00	100	Australian Grand Prix - 2024-03-24	3		7	1
263	2024-11-14 16:13:08.063+00	99	Saudi Arabian Grand Prix - 2024-03-09	3		7	1
264	2024-11-14 16:13:08.063+00	98	Bahrain Grand Prix - 2024-03-02	3		7	1
265	2024-11-15 15:19:39.876+00	13	TeamSelection object (13)	1	[{"added": {}}]	8	1
266	2024-11-15 15:20:00.814+00	14	TeamSelection object (14)	1	[{"added": {}}]	8	1
267	2024-11-15 15:20:16.95+00	15	TeamSelection object (15)	1	[{"added": {}}]	8	1
268	2024-11-15 15:20:35.224+00	16	TeamSelection object (16)	1	[{"added": {}}]	8	1
269	2024-11-15 15:20:57.59+00	17	TeamSelection object (17)	1	[{"added": {}}]	8	1
270	2024-11-15 15:21:20.148+00	18	TeamSelection object (18)	1	[{"added": {}}]	8	1
271	2024-11-15 15:21:41.147+00	19	TeamSelection object (19)	1	[{"added": {}}]	8	1
272	2024-11-15 15:22:16.058+00	20	TeamSelection object (20)	1	[{"added": {}}]	8	1
273	2024-11-15 15:22:39.775+00	21	TeamSelection object (21)	1	[{"added": {}}]	8	1
274	2024-11-17 15:09:46.425+00	22	TeamSelection object (22)	1	[{"added": {}}]	8	1
275	2024-11-17 15:10:23.643+00	23	TeamSelection object (23)	1	[{"added": {}}]	8	1
276	2024-11-17 15:10:52.077+00	24	TeamSelection object (24)	1	[{"added": {}}]	8	1
277	2024-11-17 15:11:47.043+00	25	TeamSelection object (25)	1	[{"added": {}}]	8	1
278	2024-11-17 15:12:10.923+00	26	TeamSelection object (26)	1	[{"added": {}}]	8	1
279	2024-11-17 15:12:40.367+00	27	TeamSelection object (27)	1	[{"added": {}}]	8	1
280	2024-11-17 15:13:22.678+00	28	TeamSelection object (28)	1	[{"added": {}}]	8	1
281	2024-11-17 15:13:54.907+00	29	TeamSelection object (29)	1	[{"added": {}}]	8	1
282	2024-11-17 15:14:13.055+00	30	TeamSelection object (30)	1	[{"added": {}}]	8	1
283	2024-11-17 15:14:50.842+00	31	TeamSelection object (31)	1	[{"added": {}}]	8	1
284	2024-11-17 15:15:30.944+00	32	TeamSelection object (32)	1	[{"added": {}}]	8	1
285	2024-11-17 15:20:27.849+00	32	TeamSelection object (32)	2	[]	8	1
286	2024-11-17 15:23:45.915+00	12	TeamSelection object (12)	2	[{"changed": {"fields": ["Drivers"]}}]	8	1
287	2024-11-17 15:57:51.049+00	32	TeamSelection object (32)	2	[{"changed": {"fields": ["Race"]}}]	8	1
288	2024-11-17 19:55:47.611+00	3	Nippleton Racing - RCFORL (brian)	2	[{"changed": {"fields": ["Name"]}}]	13	1
289	2024-11-17 19:56:00.83+00	2	All Gas No Breaks - RCFORL (brett)	2	[{"changed": {"fields": ["Name"]}}]	13	1
290	2024-11-17 19:56:07.963+00	1	Ralts is the Best - RCFORL (ryanortiz)	2	[{"changed": {"fields": ["Name"]}}]	13	1
291	2024-11-17 19:56:34.284+00	4	jordan	1	[{"added": {}}]	4	1
292	2024-11-17 19:56:43.483+00	5	alex	1	[{"added": {}}]	4	1
293	2024-11-17 19:56:58.694+00	6	Klark	1	[{"added": {}}]	4	1
294	2024-11-17 19:57:16.941+00	7	jesse	1	[{"added": {}}]	4	1
295	2024-11-17 19:57:31.332+00	8	cody	1	[{"added": {}}]	4	1
296	2024-11-17 19:58:14.799+00	4	Chase Bank App - RFBRC - RCFORL (jordan)	1	[{"added": {}}]	13	1
297	2024-11-17 19:58:52.854+00	5	Blart's Karts - RCFORL (Klark)	1	[{"added": {}}]	13	1
298	2024-11-17 20:00:45.745+00	5	Blart's Karts - RCFORL (cody)	2	[{"changed": {"fields": ["User"]}}]	13	1
299	2024-11-17 20:04:32.439+00	6	Pit Lizards - RCFORL (Klark)	1	[{"added": {}}]	13	1
300	2024-11-17 20:04:53.438+00	7	Rana Rapida Racing - RCFORL (alex)	1	[{"added": {}}]	13	1
301	2024-11-17 20:05:13.871+00	8	Top Gear - RCFORL (jesse)	1	[{"added": {}}]	13	1
302	2024-11-17 20:10:30.367+00	33	TeamSelection object (33)	1	[{"added": {}}]	8	1
303	2024-11-17 20:11:01.285+00	34	TeamSelection object (34)	1	[{"added": {}}]	8	1
304	2024-11-17 20:11:20.384+00	35	TeamSelection object (35)	1	[{"added": {}}]	8	1
305	2024-11-17 20:11:36.898+00	36	TeamSelection object (36)	1	[{"added": {}}]	8	1
306	2024-11-17 20:11:55.262+00	37	TeamSelection object (37)	1	[{"added": {}}]	8	1
307	2024-11-17 20:12:11.179+00	38	TeamSelection object (38)	1	[{"added": {}}]	8	1
308	2024-11-17 20:12:56.4+00	39	TeamSelection object (39)	1	[{"added": {}}]	8	1
309	2024-11-17 20:13:12.083+00	40	TeamSelection object (40)	1	[{"added": {}}]	8	1
310	2024-11-17 20:13:34.16+00	41	TeamSelection object (41)	1	[{"added": {}}]	8	1
311	2024-11-17 20:14:08.244+00	42	TeamSelection object (42)	1	[{"added": {}}]	8	1
312	2024-11-17 20:15:11.332+00	43	TeamSelection object (43)	1	[{"added": {}}]	8	1
313	2024-11-17 20:15:31.01+00	44	TeamSelection object (44)	1	[{"added": {}}]	8	1
314	2024-11-17 20:15:59.39+00	45	TeamSelection object (45)	1	[{"added": {}}]	8	1
315	2024-11-17 20:16:31.473+00	46	TeamSelection object (46)	1	[{"added": {}}]	8	1
316	2024-11-17 20:16:53.906+00	47	TeamSelection object (47)	1	[{"added": {}}]	8	1
317	2024-11-17 20:17:45.148+00	48	TeamSelection object (48)	1	[{"added": {}}]	8	1
318	2024-11-17 20:18:18.834+00	49	TeamSelection object (49)	1	[{"added": {}}]	8	1
319	2024-11-17 20:18:41.896+00	50	TeamSelection object (50)	1	[{"added": {}}]	8	1
320	2024-11-17 20:19:09.239+00	51	TeamSelection object (51)	1	[{"added": {}}]	8	1
321	2024-11-17 20:20:09.418+00	52	TeamSelection object (52)	1	[{"added": {}}]	8	1
322	2024-11-17 20:20:22.841+00	53	TeamSelection object (53)	1	[{"added": {}}]	8	1
323	2024-11-17 20:20:39.126+00	54	TeamSelection object (54)	1	[{"added": {}}]	8	1
324	2024-11-17 20:21:04.067+00	55	TeamSelection object (55)	1	[{"added": {}}]	8	1
325	2024-11-17 20:21:39.596+00	56	TeamSelection object (56)	1	[{"added": {}}]	8	1
326	2024-11-17 20:22:19.631+00	57	TeamSelection object (57)	1	[{"added": {}}]	8	1
327	2024-11-17 20:22:32.184+00	58	TeamSelection object (58)	1	[{"added": {}}]	8	1
328	2024-11-17 20:22:46.685+00	59	TeamSelection object (59)	1	[{"added": {}}]	8	1
329	2024-11-17 22:15:33.018+00	1	Prediction for Bahrain Grand Prix - 2024-03-02	1	[{"added": {}}]	17	1
330	2024-11-17 22:16:31.217+00	2	Prediction for Saudi Arabian Grand Prix - 2024-03-09	1	[{"added": {}}]	17	1
331	2024-11-17 22:16:37.076+00	3	Prediction for Australian Grand Prix - 2024-03-24	1	[{"added": {}}]	17	1
332	2024-11-17 22:16:43.288+00	4	Prediction for Japanese Grand Prix - 2024-04-07	1	[{"added": {}}]	17	1
333	2024-11-17 22:16:48.323+00	5	Prediction for Chinese Grand Prix - 2024-04-21	1	[{"added": {}}]	17	1
334	2024-11-17 22:16:56.321+00	6	Prediction for Miami Grand Prix - 2024-05-05	1	[{"added": {}}]	17	1
335	2024-11-17 22:17:02.198+00	7	Prediction for Emilia Romagna Grand Prix - 2024-05-19	1	[{"added": {}}]	17	1
336	2024-11-17 22:17:09.369+00	8	Prediction for Monaco Grand Prix - 2024-05-26	1	[{"added": {}}]	17	1
337	2024-11-17 22:17:19.083+00	9	Prediction for Canadian Grand Prix - 2024-06-09	1	[{"added": {}}]	17	1
338	2024-11-17 22:17:30.57+00	10	Prediction for Spanish Grand Prix - 2024-06-23	1	[{"added": {}}]	17	1
339	2024-11-17 22:17:37.448+00	11	Prediction for Austrian Grand Prix - 2024-06-30	1	[{"added": {}}]	17	1
340	2024-11-17 22:17:46.532+00	12	Prediction for British Grand Prix - 2024-07-07	1	[{"added": {}}]	17	1
341	2024-11-17 22:18:12.6+00	13	Prediction for Hungarian Grand Prix - 2024-07-21	1	[{"added": {}}]	17	1
342	2024-11-17 22:18:18.764+00	14	Prediction for Belgian Grand Prix - 2024-07-28	1	[{"added": {}}]	17	1
343	2024-11-17 22:18:27.65+00	15	Prediction for Dutch Grand Prix - 2024-08-25	1	[{"added": {}}]	17	1
344	2024-11-17 22:18:37.878+00	16	Prediction for Italian Grand Prix - 2024-09-01	1	[{"added": {}}]	17	1
345	2024-11-17 22:18:44.124+00	17	Prediction for Azerbaijan Grand Prix - 2024-09-15	1	[{"added": {}}]	17	1
346	2024-11-17 22:18:50.593+00	18	Prediction for Singapore Grand Prix - 2024-09-22	1	[{"added": {}}]	17	1
347	2024-11-17 22:18:56.582+00	19	Prediction for United States Grand Prix - 2024-10-20	1	[{"added": {}}]	17	1
348	2024-11-17 22:19:04.974+00	20	Prediction for São Paulo Grand Prix - 2024-11-03	1	[{"added": {}}]	17	1
349	2024-11-17 22:19:34.263+00	21	Prediction for Mexico City Grand Prix - 2024-10-27	1	[{"added": {}}]	17	1
350	2024-11-17 22:20:21.754+00	1	Ralts is the Best - Bahrain Grand Prix	1	[{"added": {}}]	16	1
351	2024-11-17 22:21:48.58+00	2	Ralts is the Best - Australian Grand Prix	1	[{"added": {}}]	16	1
352	2024-11-17 22:22:32.959+00	3	Ralts is the Best - Japanese Grand Prix	1	[{"added": {}}]	16	1
353	2024-11-17 22:22:51.412+00	4	Ralts is the Best - Emilia Romagna Grand Prix	1	[{"added": {}}]	16	1
354	2024-11-17 22:23:04.994+00	5	Ralts is the Best - Monaco Grand Prix	1	[{"added": {}}]	16	1
355	2024-11-17 22:23:17.827+00	6	Ralts is the Best - Canadian Grand Prix	1	[{"added": {}}]	16	1
356	2024-11-17 22:23:34.389+00	7	Ralts is the Best - Spanish Grand Prix	1	[{"added": {}}]	16	1
357	2024-11-17 22:23:57.477+00	8	Ralts is the Best - British Grand Prix	1	[{"added": {}}]	16	1
358	2024-11-17 22:24:12.923+00	9	Ralts is the Best - Dutch Grand Prix	1	[{"added": {}}]	16	1
359	2024-11-17 22:24:29.053+00	10	Ralts is the Best - Azerbaijan Grand Prix	1	[{"added": {}}]	16	1
360	2024-11-17 22:24:44.748+00	11	Ralts is the Best - United States Grand Prix	1	[{"added": {}}]	16	1
361	2024-11-17 22:25:07.85+00	12	Ralts is the Best - São Paulo Grand Prix	1	[{"added": {}}]	16	1
362	2024-11-18 02:16:07.114+00	13	Chase Bank App - RFBRC - Bahrain Grand Prix	1	[{"added": {}}]	16	1
363	2024-11-18 02:16:20.555+00	14	Chase Bank App - RFBRC - Saudi Arabian Grand Prix	1	[{"added": {}}]	16	1
364	2024-11-18 02:16:33.563+00	15	Chase Bank App - RFBRC - Australian Grand Prix	1	[{"added": {}}]	16	1
365	2024-11-18 02:16:50.765+00	16	Chase Bank App - RFBRC - Chinese Grand Prix	1	[{"added": {}}]	16	1
366	2024-11-18 02:17:10.578+00	17	Chase Bank App - RFBRC - Miami Grand Prix	1	[{"added": {}}]	16	1
367	2024-11-18 02:17:23.687+00	18	Chase Bank App - RFBRC - Emilia Romagna Grand Prix	1	[{"added": {}}]	16	1
368	2024-11-18 02:17:44.8+00	19	Chase Bank App - RFBRC - Spanish Grand Prix	1	[{"added": {}}]	16	1
369	2024-11-18 02:18:09.404+00	20	Chase Bank App - RFBRC - British Grand Prix	1	[{"added": {}}]	16	1
370	2024-11-18 02:18:27.848+00	21	Chase Bank App - RFBRC - Belgian Grand Prix	1	[{"added": {}}]	16	1
371	2024-11-18 02:18:49.356+00	22	Chase Bank App - RFBRC - United States Grand Prix	1	[{"added": {}}]	16	1
372	2024-11-18 02:22:16.58+00	12	Ralts is the Best - São Paulo Grand Prix	2	[{"changed": {"fields": ["Is correct"]}}]	16	1
373	2024-11-18 02:23:18.728+00	23	Nippleton Racing - Bahrain Grand Prix	1	[{"added": {}}]	16	1
374	2024-11-18 02:23:38.59+00	24	Nippleton Racing - Chinese Grand Prix	1	[{"added": {}}]	16	1
375	2024-11-18 02:23:54.893+00	25	Nippleton Racing - Emilia Romagna Grand Prix	1	[{"added": {}}]	16	1
376	2024-11-18 02:24:09.112+00	26	Nippleton Racing - Monaco Grand Prix	1	[{"added": {}}]	16	1
377	2024-11-18 02:24:22.542+00	27	Nippleton Racing - Spanish Grand Prix	1	[{"added": {}}]	16	1
378	2024-11-18 02:24:40.53+00	28	Nippleton Racing - British Grand Prix	1	[{"added": {}}]	16	1
379	2024-11-18 02:24:55.491+00	29	Nippleton Racing - Hungarian Grand Prix	1	[{"added": {}}]	16	1
380	2024-11-18 02:25:15.754+00	30	Nippleton Racing - Azerbaijan Grand Prix	1	[{"added": {}}]	16	1
381	2024-11-18 02:25:32.944+00	31	Nippleton Racing - United States Grand Prix	1	[{"added": {}}]	16	1
382	2024-11-18 02:26:27.767+00	32	All Gas No Breaks - Bahrain Grand Prix	1	[{"added": {}}]	16	1
383	2024-11-18 02:26:46.103+00	33	All Gas No Breaks - Chinese Grand Prix	1	[{"added": {}}]	16	1
384	2024-11-18 02:26:59.136+00	34	All Gas No Breaks - Emilia Romagna Grand Prix	1	[{"added": {}}]	16	1
385	2024-11-18 02:27:26.441+00	35	All Gas No Breaks - British Grand Prix	1	[{"added": {}}]	16	1
386	2024-11-18 02:27:42.41+00	36	All Gas No Breaks - Belgian Grand Prix	1	[{"added": {}}]	16	1
387	2024-11-18 02:28:37.552+00	37	Top Gear - Bahrain Grand Prix	1	[{"added": {}}]	16	1
388	2024-11-18 02:28:53.012+00	38	Top Gear - Australian Grand Prix	1	[{"added": {}}]	16	1
389	2024-11-18 02:29:09.982+00	39	Top Gear - Chinese Grand Prix	1	[{"added": {}}]	16	1
390	2024-11-18 02:29:29.621+00	40	Top Gear - Spanish Grand Prix	1	[{"added": {}}]	16	1
391	2024-11-18 02:29:46.375+00	41	Top Gear - British Grand Prix	1	[{"added": {}}]	16	1
392	2024-11-18 02:29:59.739+00	42	Top Gear - Hungarian Grand Prix	1	[{"added": {}}]	16	1
393	2024-11-18 02:30:27.653+00	43	Rana Rapida Racing - Bahrain Grand Prix	1	[{"added": {}}]	16	1
394	2024-11-18 02:30:34.303+00	44	Rana Rapida Racing - Saudi Arabian Grand Prix	1	[{"added": {}}]	16	1
395	2024-11-18 02:31:42.463+00	45	Rana Rapida Racing - Emilia Romagna Grand Prix	1	[{"added": {}}]	16	1
396	2024-11-18 02:32:03.46+00	46	Rana Rapida Racing - Spanish Grand Prix	1	[{"added": {}}]	16	1
397	2024-11-18 02:32:23.519+00	47	Rana Rapida Racing - British Grand Prix	1	[{"added": {}}]	16	1
398	2024-11-18 02:32:39.669+00	48	Rana Rapida Racing - Hungarian Grand Prix	1	[{"added": {}}]	16	1
399	2024-11-18 02:33:27.201+00	49	Pit Lizards - Bahrain Grand Prix	1	[{"added": {}}]	16	1
400	2024-11-18 02:33:42.965+00	50	Pit Lizards - Chinese Grand Prix	1	[{"added": {}}]	16	1
401	2024-11-18 02:34:00.483+00	51	Blart's Karts - Emilia Romagna Grand Prix	1	[{"added": {}}]	16	1
402	2024-11-18 02:34:14.234+00	52	Blart's Karts - Monaco Grand Prix	1	[{"added": {}}]	16	1
403	2024-11-18 02:34:27.271+00	53	Blart's Karts - Canadian Grand Prix	1	[{"added": {}}]	16	1
404	2024-11-18 02:34:45.383+00	54	Pit Lizards - Austrian Grand Prix	1	[{"added": {}}]	16	1
405	2024-11-18 02:35:00.814+00	55	Blart's Karts - British Grand Prix	1	[{"added": {}}]	16	1
406	2024-11-18 02:35:16.938+00	56	Blart's Karts - Belgian Grand Prix	1	[{"added": {}}]	16	1
407	2024-11-18 02:35:34.573+00	57	Blart's Karts - Azerbaijan Grand Prix	1	[{"added": {}}]	16	1
408	2024-11-18 02:35:54.133+00	58	Blart's Karts - United States Grand Prix	1	[{"added": {}}]	16	1
409	2024-11-18 02:36:20.46+00	59	Blart's Karts - Bahrain Grand Prix	1	[{"added": {}}]	16	1
410	2024-11-18 02:36:27.156+00	60	Blart's Karts - Saudi Arabian Grand Prix	1	[{"added": {}}]	16	1
411	2024-11-18 02:36:34.87+00	61	Blart's Karts - Australian Grand Prix	1	[{"added": {}}]	16	1
412	2024-11-18 02:36:52.17+00	62	Blart's Karts - Chinese Grand Prix	1	[{"added": {}}]	16	1
413	2024-11-18 02:37:12.084+00	63	Blart's Karts - Emilia Romagna Grand Prix	1	[{"added": {}}]	16	1
414	2024-11-18 02:37:28.627+00	64	Blart's Karts - Monaco Grand Prix	1	[{"added": {}}]	16	1
415	2024-11-18 02:37:42.269+00	65	Blart's Karts - Spanish Grand Prix	1	[{"added": {}}]	16	1
416	2024-11-18 02:38:10.771+00	66	Blart's Karts - British Grand Prix	1	[{"added": {}}]	16	1
417	2024-11-18 02:38:30.537+00	67	Blart's Karts - Belgian Grand Prix	1	[{"added": {}}]	16	1
418	2024-11-18 02:38:45.995+00	68	Blart's Karts - Azerbaijan Grand Prix	1	[{"added": {}}]	16	1
419	2024-11-18 02:39:01.804+00	69	Blart's Karts - United States Grand Prix	1	[{"added": {}}]	16	1
420	2024-11-18 02:39:23.685+00	70	Blart's Karts - São Paulo Grand Prix	1	[{"added": {}}]	16	1
421	2024-11-18 02:45:59.041+00	195	TeamSelection object (195)	1	[{"added": {}}]	8	1
422	2024-11-18 02:58:29.611+00	1	RCFORL - 2024	2	[{"changed": {"fields": ["Users"]}}]	12	1
423	2024-11-18 03:49:20.243+00	18	Prediction for Singapore Grand Prix - 2024-09-22	2	[{"changed": {"fields": ["Question type"]}}]	17	1
424	2024-11-18 03:49:41.137+00	12	Prediction for British Grand Prix - 2024-07-07	2	[{"changed": {"fields": ["Question type"]}}]	17	1
425	2024-11-18 03:49:54.369+00	10	Prediction for Spanish Grand Prix - 2024-06-23	2	[{"changed": {"fields": ["Question type"]}}]	17	1
426	2024-11-18 03:50:01.914+00	9	Prediction for Canadian Grand Prix - 2024-06-09	2	[{"changed": {"fields": ["Question type"]}}]	17	1
427	2024-11-18 03:50:07.415+00	8	Prediction for Monaco Grand Prix - 2024-05-26	2	[{"changed": {"fields": ["Question type"]}}]	17	1
428	2024-11-18 03:50:11.884+00	7	Prediction for Emilia Romagna Grand Prix - 2024-05-19	2	[]	17	1
429	2024-11-18 03:50:24.304+00	4	Prediction for Japanese Grand Prix - 2024-04-07	2	[{"changed": {"fields": ["Question type"]}}]	17	1
430	2024-11-18 03:52:17.006+00	19	Prediction for United States Grand Prix - 2024-10-20	2	[{"changed": {"fields": ["Question type"]}}]	17	1
431	2024-11-18 04:01:20.129+00	71	Pit Lizards - United States Grand Prix	1	[{"added": {}}]	16	1
432	2024-11-18 04:01:54.949+00	72	Pit Lizards - Azerbaijan Grand Prix	1	[{"added": {}}]	16	1
433	2024-11-18 04:02:15.725+00	73	Blart's Karts - Belgian Grand Prix	1	[{"added": {}}]	16	1
434	2024-11-18 04:02:34.891+00	74	Pit Lizards - British Grand Prix	1	[{"added": {}}]	16	1
435	2024-11-18 04:02:51.432+00	75	Pit Lizards - Canadian Grand Prix	1	[{"added": {}}]	16	1
436	2024-11-18 04:03:03.71+00	76	Pit Lizards - Monaco Grand Prix	1	[{"added": {}}]	16	1
437	2024-11-18 04:03:18.936+00	77	Pit Lizards - Emilia Romagna Grand Prix	1	[{"added": {}}]	16	1
438	2024-11-18 04:09:27.449+00	78	Rana Rapida Racing - Emilia Romagna Grand Prix	1	[{"added": {}}]	16	1
439	2024-11-18 04:09:45.262+00	79	Blart's Karts - Emilia Romagna Grand Prix	1	[{"added": {}}]	16	1
440	2024-11-18 04:10:02.777+00	80	All Gas No Breaks - Emilia Romagna Grand Prix	1	[{"added": {}}]	16	1
441	2024-11-18 04:10:22.127+00	81	Ralts is the Best - Emilia Romagna Grand Prix	1	[{"added": {}}]	16	1
442	2024-11-18 04:10:32.996+00	82	Nippleton Racing - Emilia Romagna Grand Prix	1	[{"added": {}}]	16	1
443	2024-11-18 04:10:42.341+00	83	Chase Bank App - RFBRC - Emilia Romagna Grand Prix	1	[{"added": {}}]	16	1
444	2024-11-18 04:10:57.673+00	84	Nippleton Racing - Emilia Romagna Grand Prix	1	[{"added": {}}]	16	1
445	2024-11-18 04:11:07.805+00	84	Nippleton Racing - Emilia Romagna Grand Prix	3		16	1
446	2024-11-18 15:42:58.553+00	187	Nippleton Racing - Azerbaijan Grand Prix (2024-09-15)	2	[{"changed": {"fields": ["Drivers"]}}]	8	1
447	2024-11-18 15:43:39.487+00	185	Nippleton Racing - Dutch Grand Prix (2024-08-25)	2	[{"changed": {"fields": ["Drivers"]}}]	8	1
448	2024-11-18 15:49:10.434+00	60	All Gas No Breaks - Saudi Arabian Grand Prix (2024-03-09)	2	[{"changed": {"fields": ["Points"]}}]	8	1
449	2024-11-18 15:50:18.229+00	1128	Carlos Sainz - Saudi Arabian Grand Prix - Race	2	[{"changed": {"fields": ["Driver"]}}]	9	1
450	2024-11-18 15:53:54.483+00	60	All Gas No Breaks - Saudi Arabian Grand Prix (2024-03-09)	2	[{"changed": {"fields": ["Points"]}}]	8	1
451	2024-11-18 15:54:14.495+00	60	All Gas No Breaks - Saudi Arabian Grand Prix (2024-03-09)	2	[{"changed": {"fields": ["Drivers"]}}]	8	1
452	2024-11-18 15:58:13.602+00	1152	Oliver Bearman - Saudi Arabian Grand Prix - Qualifying	2	[{"changed": {"fields": ["Is tier override"]}}]	9	1
453	2024-11-18 15:58:30.68+00	1128	Oliver Bearman - Saudi Arabian Grand Prix - Race	2	[{"changed": {"fields": ["Driver", "Is tier override"]}}]	9	1
454	2024-11-18 15:59:27.1+00	1128	Oliver Bearman - Saudi Arabian Grand Prix - Race	2	[]	9	1
455	2024-11-18 16:04:34.59+00	60	All Gas No Breaks - Saudi Arabian Grand Prix (2024-03-09)	2	[{"changed": {"fields": ["Points"]}}]	8	1
456	2024-11-18 16:20:33.361+00	1112	Oliver Bearman - Saudi Arabian Grand Prix - Qualifying	2	[{"changed": {"fields": ["Is tier override"]}}]	9	1
457	2024-11-18 16:21:00.282+00	1088	Oliver Bearman - Saudi Arabian Grand Prix - Race	2	[{"changed": {"fields": ["Is tier override"]}}]	9	1
458	2024-11-18 16:29:48.444+00	157	Blart's Karts - Japanese Grand Prix (2024-04-07)	2	[{"changed": {"fields": ["Drivers"]}}]	8	1
459	2024-11-18 16:42:41.076+00	121	Rana Rapida Racing - Dutch Grand Prix (2024-08-25)	2	[{"changed": {"fields": ["Drivers"]}}]	8	1
460	2024-11-18 16:43:22.52+00	111	Rana Rapida Racing - Chinese Grand Prix (2024-04-21)	2	[{"changed": {"fields": ["Drivers"]}}]	8	1
461	2024-11-18 16:51:02.347+00	85	Pit Lizards - Dutch Grand Prix	1	[{"added": {}}]	16	1
462	2024-11-18 16:52:01.999+00	53	Blart's Karts - Canadian Grand Prix	2	[{"changed": {"fields": ["Is correct"]}}]	16	1
463	2024-11-18 17:28:25.553+00	3	Ralts is the Best - Japanese Grand Prix	2	[{"changed": {"fields": ["Is correct"]}}]	16	1
464	2024-11-18 17:28:50.046+00	86	Ralts is the Best - Chinese Grand Prix	1	[{"added": {}}]	16	1
465	2024-11-18 18:16:12.587+00	3	Ralts is the Best - Japanese Grand Prix	2	[{"changed": {"fields": ["Is correct"]}}]	16	1
466	2024-11-20 03:50:11.504085+00	22	Prediction for Las Vegas Grand Prix - 2024-11-23	1	[{"added": {}}]	16	1
467	2024-11-20 03:51:18.459461+00	22	Prediction for Las Vegas Grand Prix - 2024-11-23	2	[{"changed": {"fields": ["Question text"]}}]	16	1
468	2024-11-20 03:55:03.506247+00	22	Prediction for Las Vegas Grand Prix - 2024-11-23	2	[{"changed": {"fields": ["Question type", "Options"]}}]	16	1
469	2024-11-20 03:59:14.967852+00	87	Ralts is the Best - Las Vegas Grand Prix	3		17	1
470	2024-11-20 03:59:23.363897+00	22	Prediction for Las Vegas Grand Prix - 2024-11-23	3		16	1
471	2024-11-20 04:02:18.516834+00	1	RCFORL - 2024	2	[{"changed": {"name": "race", "object": "Las Vegas Grand Prix - 2024 (RCFORL)", "fields": ["Lineup deadline"]}}]	12	1
472	2024-11-20 16:54:14.40886+00	23	Prediction for Las Vegas Grand Prix - 2024-11-23	1	[{"added": {}}]	16	1
473	2024-11-20 20:20:23.578632+00	196	Ralts is the Best - Las Vegas Grand Prix (2024-11-23)	3		8	1
474	2024-11-20 20:55:12.960027+00	1	RCFORL - 2024	2	[{"deleted": {"name": "race", "object": "Abu Dhabi Grand Prix - 2024 (RCFORL)"}}, {"deleted": {"name": "race", "object": "Bahrain Grand Prix - 2024 (RCFORL)"}}, {"deleted": {"name": "race", "object": "Saudi Arabian Grand Prix - 2024 (RCFORL)"}}, {"deleted": {"name": "race", "object": "Australian Grand Prix - 2024 (RCFORL)"}}, {"deleted": {"name": "race", "object": "Japanese Grand Prix - 2024 (RCFORL)"}}, {"deleted": {"name": "race", "object": "Chinese Grand Prix - 2024 (RCFORL)"}}, {"deleted": {"name": "race", "object": "Miami Grand Prix - 2024 (RCFORL)"}}, {"deleted": {"name": "race", "object": "Emilia Romagna Grand Prix - 2024 (RCFORL)"}}, {"deleted": {"name": "race", "object": "Monaco Grand Prix - 2024 (RCFORL)"}}, {"deleted": {"name": "race", "object": "Canadian Grand Prix - 2024 (RCFORL)"}}, {"deleted": {"name": "race", "object": "Spanish Grand Prix - 2024 (RCFORL)"}}, {"deleted": {"name": "race", "object": "Austrian Grand Prix - 2024 (RCFORL)"}}, {"deleted": {"name": "race", "object": "British Grand Prix - 2024 (RCFORL)"}}, {"deleted": {"name": "race", "object": "Hungarian Grand Prix - 2024 (RCFORL)"}}, {"deleted": {"name": "race", "object": "Belgian Grand Prix - 2024 (RCFORL)"}}, {"deleted": {"name": "race", "object": "Dutch Grand Prix - 2024 (RCFORL)"}}, {"deleted": {"name": "race", "object": "Italian Grand Prix - 2024 (RCFORL)"}}, {"deleted": {"name": "race", "object": "Azerbaijan Grand Prix - 2024 (RCFORL)"}}, {"deleted": {"name": "race", "object": "Singapore Grand Prix - 2024 (RCFORL)"}}, {"deleted": {"name": "race", "object": "United States Grand Prix - 2024 (RCFORL)"}}, {"deleted": {"name": "race", "object": "Mexico City Grand Prix - 2024 (RCFORL)"}}, {"deleted": {"name": "race", "object": "S\\u00e3o Paulo Grand Prix - 2024 (RCFORL)"}}, {"deleted": {"name": "race", "object": "Las Vegas Grand Prix - 2024 (RCFORL)"}}, {"deleted": {"name": "race", "object": "Qatar Grand Prix - 2024 (RCFORL)"}}, {"deleted": {"name": "race", "object": "Abu Dhabi Grand Prix - 2024 (RCFORL)"}}, {"deleted": {"name": "race", "object": "Bahrain Grand Prix - 2024 (RCFORL)"}}, {"deleted": {"name": "race", "object": "Saudi Arabian Grand Prix - 2024 (RCFORL)"}}, {"deleted": {"name": "race", "object": "Australian Grand Prix - 2024 (RCFORL)"}}, {"deleted": {"name": "race", "object": "Japanese Grand Prix - 2024 (RCFORL)"}}, {"deleted": {"name": "race", "object": "Chinese Grand Prix - 2024 (RCFORL)"}}, {"deleted": {"name": "race", "object": "Miami Grand Prix - 2024 (RCFORL)"}}, {"deleted": {"name": "race", "object": "Emilia Romagna Grand Prix - 2024 (RCFORL)"}}, {"deleted": {"name": "race", "object": "Monaco Grand Prix - 2024 (RCFORL)"}}, {"deleted": {"name": "race", "object": "Canadian Grand Prix - 2024 (RCFORL)"}}, {"deleted": {"name": "race", "object": "Spanish Grand Prix - 2024 (RCFORL)"}}, {"deleted": {"name": "race", "object": "Austrian Grand Prix - 2024 (RCFORL)"}}, {"deleted": {"name": "race", "object": "British Grand Prix - 2024 (RCFORL)"}}, {"deleted": {"name": "race", "object": "Hungarian Grand Prix - 2024 (RCFORL)"}}, {"deleted": {"name": "race", "object": "Belgian Grand Prix - 2024 (RCFORL)"}}, {"deleted": {"name": "race", "object": "Dutch Grand Prix - 2024 (RCFORL)"}}, {"deleted": {"name": "race", "object": "Italian Grand Prix - 2024 (RCFORL)"}}, {"deleted": {"name": "race", "object": "Azerbaijan Grand Prix - 2024 (RCFORL)"}}, {"deleted": {"name": "race", "object": "Singapore Grand Prix - 2024 (RCFORL)"}}, {"deleted": {"name": "race", "object": "United States Grand Prix - 2024 (RCFORL)"}}, {"deleted": {"name": "race", "object": "Mexico City Grand Prix - 2024 (RCFORL)"}}, {"deleted": {"name": "race", "object": "S\\u00e3o Paulo Grand Prix - 2024 (RCFORL)"}}, {"deleted": {"name": "race", "object": "Las Vegas Grand Prix - 2024 (RCFORL)"}}, {"deleted": {"name": "race", "object": "Qatar Grand Prix - 2024 (RCFORL)"}}, {"deleted": {"name": "race", "object": "Abu Dhabi Grand Prix - 2024 (RCFORL)"}}]	12	1
475	2024-11-20 23:17:12.957674+00	24	Prediction for Las Vegas Grand Prix - 2024-11-23	1	[{"added": {}}]	16	1
476	2024-11-20 23:18:51.071225+00	24	Prediction for Las Vegas Grand Prix - 2024-11-23	2	[{"changed": {"fields": ["Options"]}}]	16	1
477	2024-11-20 23:57:14.466003+00	18	Pierre Gasly - Tier 2	2	[{"changed": {"fields": ["Price"]}}]	11	1
478	2024-11-21 04:40:33.742527+00	22	Franco Colapinto - Tier 2	2	[{"changed": {"fields": ["Price"]}}]	11	1
479	2024-11-21 04:40:43.403677+00	18	Pierre Gasly - Tier 2	2	[{"changed": {"fields": ["Price"]}}]	11	1
480	2024-11-21 04:40:49.830355+00	17	Esteban Ocon - Tier 2	2	[{"changed": {"fields": ["Price"]}}]	11	1
481	2024-11-21 04:40:59.992506+00	5	George Russell - Tier 1	2	[{"changed": {"fields": ["Price"]}}]	11	1
482	2024-11-21 04:41:07.982889+00	4	Charles Leclerc - Tier 1	2	[{"changed": {"fields": ["Price"]}}]	11	1
483	2024-11-21 04:41:18.892894+00	2	Sergio Pérez - Tier 1	2	[{"changed": {"fields": ["Price"]}}]	11	1
484	2024-11-21 04:41:31.645945+00	9	Fernando Alonso - Tier 2	2	[{"changed": {"fields": ["Price"]}}]	11	1
485	2024-11-21 04:41:39.359398+00	10	Lance Stroll - Tier 2	2	[{"changed": {"fields": ["Price"]}}]	11	1
\.


--
-- Data for Name: django_content_type; Type: TABLE DATA; Schema: public; Owner: admin
--

COPY public.django_content_type (id, app_label, model) FROM stdin;
1	admin	logentry
2	auth	permission
3	auth	group
4	auth	user
5	contenttypes	contenttype
6	sessions	session
7	league	race
8	league	teamselection
9	league	raceresult
10	league	constructor
11	league	driver
12	league	league
13	league	team
14	league	racetemplate
15	league	historicalconstructorstanding
16	league	predictionquestion
17	league	predictionanswer
\.


--
-- Data for Name: django_migrations; Type: TABLE DATA; Schema: public; Owner: admin
--

COPY public.django_migrations (id, app, name, applied) FROM stdin;
1	contenttypes	0001_initial	2024-11-19 01:47:32.149178+00
2	auth	0001_initial	2024-11-19 01:47:32.181679+00
3	admin	0001_initial	2024-11-19 01:47:32.188993+00
4	admin	0002_logentry_remove_auto_add	2024-11-19 01:47:32.191066+00
5	admin	0003_logentry_add_action_flag_choices	2024-11-19 01:47:32.193016+00
6	contenttypes	0002_remove_content_type_name	2024-11-19 01:47:32.197305+00
7	auth	0002_alter_permission_name_max_length	2024-11-19 01:47:32.199739+00
8	auth	0003_alter_user_email_max_length	2024-11-19 01:47:32.201723+00
9	auth	0004_alter_user_username_opts	2024-11-19 01:47:32.20356+00
10	auth	0005_alter_user_last_login_null	2024-11-19 01:47:32.20557+00
11	auth	0006_require_contenttypes_0002	2024-11-19 01:47:32.205881+00
12	auth	0007_alter_validators_add_error_messages	2024-11-19 01:47:32.209411+00
13	auth	0008_alter_user_username_max_length	2024-11-19 01:47:32.212974+00
14	auth	0009_alter_user_last_name_max_length	2024-11-19 01:47:32.215029+00
15	auth	0010_alter_group_name_max_length	2024-11-19 01:47:32.217431+00
16	auth	0011_update_proxy_permissions	2024-11-19 01:47:32.21925+00
17	auth	0012_alter_user_first_name_max_length	2024-11-19 01:47:32.221299+00
18	league	0001_initial	2024-11-19 01:47:32.233717+00
19	league	0002_raceresult	2024-11-19 01:47:32.240969+00
20	league	0003_raceresult_dnf_raceresult_driver_tier_and_more	2024-11-19 01:47:32.247911+00
21	league	0004_constructor_remove_raceresult_driver_name_and_more	2024-11-19 01:47:32.268426+00
22	league	0005_driver_price	2024-11-19 01:47:32.270466+00
23	league	0006_remove_teamselection_driver_t1_and_more	2024-11-19 01:47:32.313046+00
24	league	0007_league_remove_teamselection_user_and_more	2024-11-19 01:47:32.344232+00
25	league	0008_alter_team_user	2024-11-19 01:47:32.348198+00
26	league	0009_alter_team_league	2024-11-19 01:47:32.364158+00
27	league	0010_alter_team_league_alter_team_unique_together	2024-11-19 01:47:32.378674+00
28	league	0011_race_season	2024-11-19 01:47:32.381078+00
29	league	0012_driver_driver_id_driver_nationality_and_more	2024-11-19 01:47:32.399347+00
30	league	0013_race_circuit_race_round	2024-11-19 01:47:32.404204+00
31	league	0014_alter_driver_constructor	2024-11-19 01:47:32.416818+00
32	league	0015_alter_constructor_standing	2024-11-19 01:47:32.418758+00
33	league	0016_league_users	2024-11-19 01:47:32.436393+00
34	league	0017_teamselection_points	2024-11-19 01:47:32.440703+00
35	league	0018_alter_raceresult_driver	2024-11-19 01:47:32.444885+00
36	league	0019_remove_race_circuit_remove_race_date_and_more	2024-11-19 01:47:32.483437+00
37	league	0020_historicalconstructorstanding	2024-11-19 01:47:32.492735+00
38	league	0021_alter_raceresult_points_alter_teamselection_points	2024-11-19 01:47:32.515049+00
39	league	0022_predictionquestion_predictionanswer	2024-11-19 01:47:32.544233+00
40	league	0023_alter_predictionquestion_points_awarded	2024-11-19 01:47:32.547359+00
41	league	0024_alter_predictionanswer_points_earned	2024-11-19 01:47:32.550804+00
42	league	0025_raceresult_is_tier_override	2024-11-19 01:47:32.555348+00
43	sessions	0001_initial	2024-11-19 01:47:32.562387+00
\.


--
-- Data for Name: django_session; Type: TABLE DATA; Schema: public; Owner: admin
--

COPY public.django_session (session_key, session_data, expire_date) FROM stdin;
c3ad3fj0biqkwajoxixqshd4b5gn61ab	.eJxVjMsOwiAQRf-FtSEdWjrg0r3fQGZgkKqBpI-V8d-1SRe6veec-1KBtrWEbZE5TEmdFajT78YUH1J3kO5Ub03HVtd5Yr0r-qCLvrYkz8vh_h0UWsq3doyYvEPrDHtjDTMO0CNJF8H6niJ4l4dMkLtRMhqBURIJ-i4xgjXq_QHQNTex:1tD42b:tmu8cJIVvLkL7DavtW5xqmGNuNHZT3A-S6FB70nyRns	2024-12-02 15:51:53.048+00
oxzxcsm0cgqwyyam10ysujrx8ksiyr0u	e30:1tCs31:WzAamnZaTDA8bK0r2OmSZDczRWdNYO8A11eqAPqAFOw	2024-12-02 03:03:31.156+00
uyolaab9n04t73mg3wj072rmv59j3sas	.eJxVjMsOwiAQRf-FtSEdWjrg0r3fQGZgkKqBpI-V8d-1SRe6veec-1KBtrWEbZE5TEmdFajT78YUH1J3kO5Ub03HVtd5Yr0r-qCLvrYkz8vh_h0UWsq3doyYvEPrDHtjDTMO0CNJF8H6niJ4l4dMkLtRMhqBURIJ-i4xgjXq_QHQNTex:1tD7UN:-Rc6dG5bovgQcO_ztfqWiM_ibzoNc5YFgfeQPxxPwi8	2024-12-02 19:32:47.615+00
xg0htizb4ypg01zylpclqarumh4qpeat	.eJxVjMsOwiAQRf-FtSEdWjrg0r3fQGZgkKqBpI-V8d-1SRe6veec-1KBtrWEbZE5TEmdFajT78YUH1J3kO5Ub03HVtd5Yr0r-qCLvrYkz8vh_h0UWsq3doyYvEPrDHtjDTMO0CNJF8H6niJ4l4dMkLtRMhqBURIJ-i4xgjXq_QHQNTex:1tDDS1:ZTbqW4MyBmAC1OSaXfyr_edq9klzD_hvQr8E2rSY2OA	2024-12-03 01:54:45.711165+00
n3j7gmcoy9r1yq3ph0cw34p8i1oqf5um	.eJxVjMsOwiAQRf-FtSEdWjrg0r3fQGZgkKqBpI-V8d-1SRe6veec-1KBtrWEbZE5TEmdFajT78YUH1J3kO5Ub03HVtd5Yr0r-qCLvrYkz8vh_h0UWsq3doyYvEPrDHtjDTMO0CNJF8H6niJ4l4dMkLtRMhqBURIJ-i4xgjXq_QHQNTex:1tDGQn:7mZKerrOZOlYQpuimlXQZi6k_pUVnoiONFrP75TghUo	2024-12-03 05:05:41.810079+00
9bj3mtp85l349ahq88898jbuv7l2q85b	.eJxVjMsOwiAQRf-FtSEdWjrg0r3fQGZgkKqBpI-V8d-1SRe6veec-1KBtrWEbZE5TEmdFajT78YUH1J3kO5Ub03HVtd5Yr0r-qCLvrYkz8vh_h0UWsq3doyYvEPrDHtjDTMO0CNJF8H6niJ4l4dMkLtRMhqBURIJ-i4xgjXq_QHQNTex:1tDbiW:uTSmIZAvNJVDSe6UgedUGRWtPn9mRXi8n954_kL-tyI	2024-12-04 03:49:24.091652+00
i8pxrb0lyflsl3qgp0t0crchpr3rgcn2	.eJxVjMsOwiAQRf-FtSEdWjrg0r3fQGZgkKqBpI-V8d-1SRe6veec-1KBtrWEbZE5TEmdFajT78YUH1J3kO5Ub03HVtd5Yr0r-qCLvrYkz8vh_h0UWsq3doyYvEPrDHtjDTMO0CNJF8H6niJ4l4dMkLtRMhqBURIJ-i4xgjXq_QHQNTex:1tDyne:C9sSdeCgwWlSUuvzNfCboWmf1wUCpAspjdVEYdMIVEY	2024-12-05 04:28:14.914+00
615kmzh6d8xy78ks0b59iys5765dmpe0	.eJxVjDsOwjAQBe_iGln-JllKes4Q7Xo3OIBsKU4qxN0hUgpo38y8lxpxW_O4NVnGmdVZOXX63QjTQ8oO-I7lVnWqZV1m0ruiD9r0tbI8L4f7d5Cx5W8tZCbTeUbxDEN0JvjobAArg-umYMWB6SMJJBcosbE9dESGATCkGFG9P86rN2w:1tDyu6:cJPw43wyKWtkH1OcO4gJ4fLYCDWuUlGZSzMMIOpvCBE	2024-12-05 04:34:54.642857+00
ok25jy9f5dyhcug3oxk0ifld07h6i2vz	.eJxVjMEOwiAQBf-FsyFQFigevfsNBHZBqgaS0p6M_64kPej1zcx7MR_2rfi9p9UvxM4M2Ol3iwEfqQ5A91BvjWOr27pEPhR-0M6vjdLzcrh_ByX0MuqJSGiyCo2SblbZGm3F5JySGBEdoI4Q9dcyGES2iHEGyJIyECYI7P0B4uc4lQ:1tDzEX:Fd7w92hXGJMpIpeRtkpI0zbHNZqv8SAZkAskgzTPGYk	2024-12-05 04:56:01.752971+00
kfo4do1h5diyaws65jnirrn6fbhcp8xa	.eJxVjEEOwiAQRe_C2pCx0HZw6b5nIDMwSNVAUtqV8e7apAvd_vfefylP25r91mTxc1QXNajT78YUHlJ2EO9UblWHWtZlZr0r-qBNTzXK83q4fweZWv7WxOKwg9CnYAZ0ZAkJQFxKQiZCkJER2WCwcO7M2INISswoNCBwZ9X7AwlDOMM:1tDzFF:AzMOahBw5un8mSJz5G8bLWBJ_lrrRXiOfwV5cyhFxHo	2024-12-05 04:56:45.689487+00
oa4h5ndb1qyo39k7nczz2ylooix12ssv	.eJxVjEEOwiAURO_C2hDgQwsu3fcM5MMHqRqalHZlvLs06UJXk7x5M2_mcd-K31ta_UzsykZ2-WUB4zPVo6AH1vvC41K3dQ78UPjZNj4tlF630_07KNhKXwsSzmY9GFAWg9ABTFYZpBRoNIaeFmhweZRJReicOncOSFvjUiT2-QK-2DcI:1tE7jm:YcXv-chImpG1l7lQ7TR35xxSAru8OBkaD9tDGBPSlMI	2024-12-05 14:00:50.687582+00
vbj9bmbtptql9jhwxr5jpx353tatt7p6	.eJxVjEsOwjAMBe-SNYqSONgpS_Y9Q-XGDimgVupnhbg7VOoCtm9m3st0vK212xadu0HMxYA5_W4954eOO5A7j7fJ5mlc56G3u2IPuth2En1eD_fvoPJSv7WnEFwGjBgw5YgN5cR9kyACiENIVEKJIp68cuazFlQC0eQcFQQy7w-0fjcm:1tE8K4:0F5NXoZfgMCZxwFx-ohOMwxbk63FnqNQxWKCS0DwXjI	2024-12-05 14:38:20.836228+00
wtplfle92v2egzcgjxl6lg0ezm8iqhld	.eJxVjEEOwiAQRe_C2pCx0HZw6b5nIDMwSNVAUtqV8e7apAvd_vfefylP25r91mTxc1QXNajT78YUHlJ2EO9UblWHWtZlZr0r-qBNTzXK83q4fweZWv7WxOKwg9CnYAZ0ZAkJQFxKQiZCkJER2WCwcO7M2INISswoNCBwZ9X7AwlDOMM:1tE8QS:O3P1znqXqnwDU4mqy-B1t_nwfZU8Nnwr9J8u1lCkVBc	2024-12-05 14:44:56.50739+00
nq42ksfko8hy2vp8u54e3pksp3m66r72	.eJxVjDsOgzAQRO_iOrIM_ixOmZ4zWLteOyaJjIShinL3gESRlDPvzbxFwG0tYWtpCROLq7Di8tsRxmeqB-AH1vss41zXZSJ5KPKkTY4zp9ftdP8OCrayrzOroeuTHwyanKLr2HhARkXW5x6cQ1KkQQPsUSlLYDUDYkLWHrIVny_s0TgP:1tE8SW:tGRALgkAPa_IKbSyRK_E5xHP7HhiLS1XCoG0P61kHAs	2024-12-05 14:47:04.204716+00
\.


--
-- Data for Name: league_constructor; Type: TABLE DATA; Schema: public; Owner: admin
--

COPY public.league_constructor (id, name, standing) FROM stdin;
1	Red Bull	3
2	Ferrari	2
3	Mercedes	4
4	McLaren	1
5	Aston Martin	5
6	Sauber	10
7	Haas F1 Team	7
8	RB F1 Team	8
9	Williams	9
10	Alpine F1 Team	6
\.


--
-- Data for Name: league_driver; Type: TABLE DATA; Schema: public; Owner: admin
--

COPY public.league_driver (id, name, tier, constructor_id, price, driver_id, nationality) FROM stdin;
1	Max Verstappen	1	1	14	max_verstappen	Dutch
3	Carlos Sainz	1	2	13	sainz	Spanish
6	Lando Norris	1	4	15	norris	British
7	Lewis Hamilton	1	3	11	hamilton	British
8	Oscar Piastri	1	4	13	piastri	Australian
11	Guanyu Zhou	2	6	1	zhou	Chinese
12	Kevin Magnussen	2	7	3	kevin_magnussen	Danish
13	Daniel Ricciardo	2	8	1	ricciardo	Australian
14	Yuki Tsunoda	2	8	3	tsunoda	Japanese
15	Alexander Albon	2	9	3	albon	Thai
16	Nico Hülkenberg	2	7	3	hulkenberg	German
19	Valtteri Bottas	2	6	1	bottas	Finnish
20	Logan Sargeant	2	9	1	sargeant	American
21	Oliver Bearman	2	2	3	bearman	British
23	Liam Lawson	2	8	2	lawson	New Zealander
22	Franco Colapinto	2	9	3	colapinto	Argentinian
18	Pierre Gasly	2	10	3	gasly	French
17	Esteban Ocon	2	10	3	ocon	French
5	George Russell	1	3	11	russell	British
4	Charles Leclerc	1	2	15	leclerc	Monegasque
2	Sergio Pérez	1	1	9	perez	Mexican
9	Fernando Alonso	2	5	4	alonso	Spanish
10	Lance Stroll	2	5	2	stroll	Canadian
\.


--
-- Data for Name: league_historicalconstructorstanding; Type: TABLE DATA; Schema: public; Owner: admin
--

COPY public.league_historicalconstructorstanding (id, standing, constructor_id, race_id) FROM stdin;
1	1	1	122
2	2	2	122
3	3	3	122
4	4	4	122
5	5	5	122
6	6	6	122
7	7	7	122
8	8	8	122
9	9	9	122
10	10	10	122
11	1	1	123
12	2	2	123
13	3	4	123
14	4	3	123
15	5	5	123
16	6	7	123
17	7	9	123
18	8	6	123
19	9	8	123
20	10	10	123
21	1	1	124
22	2	2	124
23	3	4	124
24	4	3	124
25	5	5	124
26	6	8	124
27	7	7	124
28	8	9	124
29	9	6	124
30	10	10	124
31	1	1	125
32	2	2	125
33	3	4	125
34	4	3	125
35	5	5	125
36	6	8	125
37	7	7	125
38	8	9	125
39	9	6	125
40	10	10	125
41	1	1	126
42	2	2	126
43	3	4	126
44	4	3	126
45	5	5	126
46	6	8	126
47	7	7	126
48	8	9	126
49	9	10	126
50	10	6	126
51	1	1	127
52	2	2	127
53	3	4	127
54	4	3	127
55	5	5	127
56	6	8	127
57	7	7	127
58	8	10	127
59	9	9	127
60	10	6	127
61	1	1	128
62	2	2	128
63	3	4	128
64	4	3	128
65	5	5	128
66	6	8	128
67	7	7	128
68	8	10	128
69	9	9	128
70	10	6	128
71	1	1	129
72	2	2	129
73	3	4	129
74	4	3	129
75	5	5	129
76	6	8	129
77	7	7	129
78	8	9	129
79	9	10	129
80	10	6	129
81	1	1	130
82	2	2	130
83	3	4	130
84	4	3	130
85	5	5	130
86	6	8	130
87	7	7	130
88	8	10	130
89	9	9	130
90	10	6	130
91	1	1	131
92	2	2	131
93	3	4	131
94	4	3	131
95	5	5	131
96	6	8	131
97	7	10	131
98	8	7	131
99	9	9	131
100	10	6	131
101	1	1	132
102	2	2	132
103	3	4	132
104	4	3	132
105	5	5	132
106	6	8	132
107	7	7	132
108	8	10	132
109	9	9	132
110	10	6	132
111	1	1	133
112	2	2	133
113	3	4	133
114	4	3	133
115	5	5	133
116	6	8	133
117	7	7	133
118	8	10	133
119	9	9	133
120	10	6	133
121	1	1	134
122	2	4	134
123	3	2	134
124	4	3	134
125	5	5	134
126	6	8	134
127	7	7	134
128	8	10	134
129	9	9	134
130	10	6	134
131	1	1	135
132	2	4	135
133	3	2	135
134	4	3	135
135	5	5	135
136	6	8	135
137	7	7	135
138	8	10	135
139	9	9	135
140	10	6	135
141	1	1	136
142	2	4	136
143	3	2	136
144	4	3	136
145	5	5	136
146	6	8	136
147	7	7	136
148	8	10	136
149	9	9	136
150	10	6	136
151	1	1	137
152	2	4	137
153	3	2	137
154	4	3	137
155	5	5	137
156	6	8	137
157	7	7	137
158	8	10	137
159	9	9	137
160	10	6	137
161	1	4	138
162	2	1	138
163	3	2	138
164	4	3	138
165	5	5	138
166	6	8	138
167	7	7	138
168	8	9	138
169	9	10	138
170	10	6	138
171	1	4	139
172	2	1	139
173	3	2	139
174	4	3	139
175	5	5	139
176	6	8	139
177	7	7	139
178	8	9	139
179	9	10	139
180	10	6	139
181	1	4	140
182	2	1	140
183	3	2	140
184	4	3	140
185	5	5	140
186	6	7	140
187	7	8	140
188	8	9	140
189	9	10	140
190	10	6	140
191	1	4	141
192	2	2	141
193	3	1	141
194	4	3	141
195	5	5	141
196	6	7	141
197	7	8	141
198	8	9	141
199	9	10	141
200	10	6	141
201	1	4	142
202	2	2	142
203	3	1	142
204	4	3	142
205	5	5	142
206	6	10	142
207	7	7	142
208	8	8	142
209	9	9	142
210	10	6	142
\.


--
-- Data for Name: league_league; Type: TABLE DATA; Schema: public; Owner: admin
--

COPY public.league_league (id, name, season) FROM stdin;
1	RCFORL	2024
\.


--
-- Data for Name: league_league_users; Type: TABLE DATA; Schema: public; Owner: admin
--

COPY public.league_league_users (id, league_id, user_id) FROM stdin;
1	1	1
2	1	2
3	1	3
4	1	4
5	1	5
6	1	6
7	1	7
8	1	8
\.


--
-- Data for Name: league_predictionanswer; Type: TABLE DATA; Schema: public; Owner: admin
--

COPY public.league_predictionanswer (id, answer, points_earned, is_correct, team_id, prediction_question_id) FROM stdin;
1	adfa	5.00	t	1	1
2	afa	5.00	t	1	3
3	af	5.00	t	1	4
4	adf	5.00	t	1	7
5	adf	5.00	t	1	8
6	adf	5.00	t	1	9
7	afd	5.00	t	1	10
8	afdas	2.00	t	1	12
9	adf	5.00	t	1	15
10	adf	5.00	t	1	17
11	asdf	5.00	t	1	19
12	af	5.00	f	1	20
13	adf	5.00	t	4	1
14	asdf	5.00	t	4	2
15	afd	5.00	t	4	3
16	afd	5.00	t	4	5
17	af	5.00	t	4	6
18	ad	5.00	t	4	7
19	adf	5.00	t	4	10
20	afd	2.00	t	4	12
21	adf	5.00	t	4	14
22	asfd	5.00	t	4	19
23	adf	5.00	t	3	1
24	ad	5.00	t	3	5
25	asdf	5.00	t	3	7
26	adf	5.00	t	3	8
27	afd	5.00	t	3	10
28	afd	1.00	t	3	12
29	asdf	5.00	t	3	13
30	asdf	5.00	t	3	17
31	asdf	5.00	t	3	19
32	afd	5.00	t	2	1
33	adf	5.00	t	2	5
34	afd	5.00	t	2	7
35	afd	2.00	t	2	12
36	af	5.00	t	2	14
37	adf	5.00	t	8	1
38	afd	5.00	t	8	3
39	af	5.00	t	8	5
40	adf	5.00	t	8	10
41	afd	2.00	t	8	12
42	af	5.00	t	8	13
43	asdf	5.00	t	7	1
44	afd	5.00	t	7	2
45	adsf	5.00	t	7	7
46	ad	5.00	t	7	10
47	adf	1.00	t	7	12
48	asdf	5.00	t	7	13
49	af	5.00	t	6	1
50	af	5.00	t	6	5
51	afd	5.00	t	5	7
52	adsf	5.00	t	5	8
53	adf	5.00	f	5	9
54	afd	5.00	t	6	11
55	asdf	3.00	t	5	12
56	af	5.00	t	5	14
57	afd	5.00	t	5	17
58	afd	5.00	t	5	19
59	adf	5.00	t	5	1
60	adf	5.00	t	5	2
61	adsf	5.00	t	5	3
62	adsf	5.00	t	5	5
65	adfs	5.00	t	5	10
70	adf	5.00	t	5	20
71	af	5.00	t	6	19
72	ad	5.00	t	6	17
74	af	3.00	t	6	12
75	adf	5.00	t	6	9
76	adf	5.00	t	6	8
77	adf	5.00	t	6	7
85	daf	5.00	t	6	15
86	af	5.00	t	1	5
88	Alpine	5.00	f	1	24
89	Ferrari	5.00	f	4	24
90	Ferrari	5.00	f	6	24
91	Ferrari	5.00	f	3	24
92	Ferrari	5.00	f	7	24
93	Ferrari	5.00	f	8	24
\.


--
-- Data for Name: league_predictionquestion; Type: TABLE DATA; Schema: public; Owner: admin
--

COPY public.league_predictionquestion (id, question_text, question_type, options, points_awarded, correct_answer, race_id) FROM stdin;
1	banana	text	\N	5.00	\N	122
2	baba	text	\N	5.00	\N	123
3	aga	text	\N	5.00	\N	124
4	af	text	\N	5.00	\N	125
5	afa	text	\N	5.00	\N	126
6	af	text	\N	5.00	\N	127
7	fa	text	\N	5.00	\N	128
8	afd	text	\N	5.00	\N	129
9	af	text	\N	5.00	\N	130
10	af	text	\N	5.00	\N	131
11	adf	text	\N	5.00	\N	132
12	afd	text	\N	5.00	\N	133
13	afd	text	\N	5.00	\N	134
14	afd	text	\N	5.00	\N	135
15	adfa	text	\N	5.00	\N	136
16	adf	text	\N	5.00	\N	137
17	afd	text	\N	5.00	\N	138
18	af	text	\N	5.00	\N	139
19	af	text	\N	5.00	\N	140
20	asfd	text	\N	5.00	\N	142
21	adfa	text	\N	5.00	\N	141
24	Alpine and Ferrari sit almost identically far behind the team above them in the constructors standings (Alpine -37 from Aston Martin and Ferrari -36). At the conclusion of the Grand Prix, which team will have reduced their defecit the most?	multiple_choice	["Ferrari", "Alpine", "Tie", "Neither team reduced their deficit"]	5.00	\N	143
\.


--
-- Data for Name: league_race; Type: TABLE DATA; Schema: public; Owner: admin
--

COPY public.league_race (id, lineup_deadline, league_id, template_id) FROM stdin;
122	2024-02-28 00:00:00+00	1	1
123	2024-03-06 00:00:00+00	1	2
124	2024-03-21 00:00:00+00	1	3
125	2024-04-04 00:00:00+00	1	4
126	2024-04-18 00:00:00+00	1	5
127	2024-05-02 00:00:00+00	1	6
128	2024-05-16 00:00:00+00	1	7
129	2024-05-23 00:00:00+00	1	8
130	2024-06-06 00:00:00+00	1	9
131	2024-06-20 00:00:00+00	1	10
132	2024-06-27 00:00:00+00	1	11
133	2024-07-04 00:00:00+00	1	12
134	2024-07-18 00:00:00+00	1	13
135	2024-07-25 00:00:00+00	1	14
136	2024-08-22 00:00:00+00	1	15
137	2024-08-29 00:00:00+00	1	16
138	2024-09-12 00:00:00+00	1	17
139	2024-09-19 00:00:00+00	1	18
140	2024-10-17 00:00:00+00	1	19
141	2024-10-24 00:00:00+00	1	20
142	2024-10-31 00:00:00+00	1	21
144	2024-11-28 00:00:00+00	1	23
143	2024-11-22 00:00:00+00	1	22
\.


--
-- Data for Name: league_raceresult; Type: TABLE DATA; Schema: public; Owner: admin
--

COPY public.league_raceresult (id, "position", points, race_id, dnf, fastest_lap, session_type, driver_id, is_tier_override) FROM stdin;
942	1	0.00	122	f	f	Qualifying	1	f
943	2	0.00	122	f	f	Qualifying	4	f
944	3	0.00	122	f	f	Qualifying	5	f
945	4	0.00	122	f	f	Qualifying	3	f
946	5	0.00	122	f	f	Qualifying	2	f
947	6	0.00	122	f	f	Qualifying	9	f
948	7	0.00	122	f	f	Qualifying	6	f
949	8	0.00	122	f	f	Qualifying	8	f
950	9	0.00	122	f	f	Qualifying	7	f
951	10	0.00	122	f	f	Qualifying	16	f
952	11	0.00	122	f	f	Qualifying	14	f
953	12	0.00	122	f	f	Qualifying	10	f
954	13	0.00	122	f	f	Qualifying	15	f
955	14	0.00	122	f	f	Qualifying	13	f
956	15	0.00	122	f	f	Qualifying	12	f
957	16	0.00	122	f	f	Qualifying	19	f
958	17	0.00	122	f	f	Qualifying	11	f
959	18	0.00	122	f	f	Qualifying	20	f
960	19	0.00	122	f	f	Qualifying	17	f
961	20	0.00	122	f	f	Qualifying	18	f
962	1	26.00	122	f	t	Race	1	f
963	2	18.00	122	f	f	Race	2	f
964	3	15.00	122	f	f	Race	3	f
965	4	12.00	122	f	f	Race	4	f
966	5	10.00	122	f	f	Race	5	f
967	6	8.00	122	f	f	Race	6	f
968	7	6.00	122	f	f	Race	7	f
969	8	4.00	122	f	f	Race	8	f
970	9	2.00	122	f	f	Race	9	f
971	10	1.00	122	f	f	Race	10	f
972	11	0.00	122	f	f	Race	11	f
973	12	0.00	122	f	f	Race	12	f
974	13	0.00	122	f	f	Race	13	f
975	14	0.00	122	f	f	Race	14	f
976	15	0.00	122	f	f	Race	15	f
977	16	0.00	122	f	f	Race	16	f
978	17	0.00	122	f	f	Race	17	f
979	18	0.00	122	f	f	Race	18	f
980	19	0.00	122	f	f	Race	19	f
981	20	0.00	122	f	f	Race	20	f
1062	1	0.00	123	f	f	Qualifying	1	f
1063	2	0.00	123	f	f	Qualifying	4	f
1064	3	0.00	123	f	f	Qualifying	2	f
1065	4	0.00	123	f	f	Qualifying	9	f
1066	5	0.00	123	f	f	Qualifying	8	f
1067	6	0.00	123	f	f	Qualifying	6	f
1068	7	0.00	123	f	f	Qualifying	5	f
1069	8	0.00	123	f	f	Qualifying	7	f
1070	9	0.00	123	f	f	Qualifying	14	f
1071	10	0.00	123	f	f	Qualifying	10	f
1072	11	0.00	123	f	f	Qualifying	21	f
1073	12	0.00	123	f	f	Qualifying	15	f
1074	13	0.00	123	f	f	Qualifying	12	f
1075	14	0.00	123	f	f	Qualifying	13	f
1076	15	0.00	123	f	f	Qualifying	16	f
1077	16	0.00	123	f	f	Qualifying	19	f
1078	17	0.00	123	f	f	Qualifying	17	f
1079	18	0.00	123	f	f	Qualifying	18	f
1080	19	0.00	123	f	f	Qualifying	20	f
1081	20	0.00	123	f	f	Qualifying	11	f
1082	1	25.00	123	f	f	Race	1	f
1083	2	18.00	123	f	f	Race	2	f
1084	3	16.00	123	f	t	Race	4	f
1085	4	12.00	123	f	f	Race	8	f
1086	5	10.00	123	f	f	Race	9	f
1087	6	8.00	123	f	f	Race	5	f
1088	7	6.00	123	f	f	Race	21	t
1089	8	4.00	123	f	f	Race	6	f
1090	9	2.00	123	f	f	Race	7	f
1091	10	1.00	123	f	f	Race	16	f
1092	11	0.00	123	f	f	Race	15	f
1093	12	0.00	123	f	f	Race	12	f
1094	13	0.00	123	f	f	Race	17	f
1095	14	0.00	123	f	f	Race	20	f
1096	15	0.00	123	f	f	Race	14	f
1097	16	0.00	123	f	f	Race	13	f
1098	17	0.00	123	f	f	Race	19	f
1099	18	0.00	123	f	f	Race	11	f
1100	19	0.00	123	f	f	Race	10	f
1101	20	0.00	123	f	f	Race	18	f
1182	1	0.00	124	f	f	Qualifying	1	f
1183	2	0.00	124	f	f	Qualifying	3	f
1184	3	0.00	124	f	f	Qualifying	2	f
1185	4	0.00	124	f	f	Qualifying	6	f
1186	5	0.00	124	f	f	Qualifying	4	f
1187	6	0.00	124	f	f	Qualifying	8	f
1188	7	0.00	124	f	f	Qualifying	5	f
1189	8	0.00	124	f	f	Qualifying	14	f
1190	9	0.00	124	f	f	Qualifying	10	f
1191	10	0.00	124	f	f	Qualifying	9	f
1192	11	0.00	124	f	f	Qualifying	7	f
1193	12	0.00	124	f	f	Qualifying	15	f
1194	13	0.00	124	f	f	Qualifying	19	f
1195	14	0.00	124	f	f	Qualifying	12	f
1196	15	0.00	124	f	f	Qualifying	17	f
1197	16	0.00	124	f	f	Qualifying	16	f
1198	17	0.00	124	f	f	Qualifying	18	f
1199	18	0.00	124	f	f	Qualifying	13	f
1200	19	0.00	124	f	f	Qualifying	11	f
1201	1	25.00	124	f	f	Race	3	f
1202	2	19.00	124	f	t	Race	4	f
1203	3	15.00	124	f	f	Race	6	f
1204	4	12.00	124	f	f	Race	8	f
1205	5	10.00	124	f	f	Race	2	f
1206	6	8.00	124	f	f	Race	10	f
1207	7	6.00	124	f	f	Race	14	f
1208	8	4.00	124	f	f	Race	9	f
1209	9	2.00	124	f	f	Race	16	f
1210	10	1.00	124	f	f	Race	12	f
1211	11	0.00	124	f	f	Race	15	f
1212	12	0.00	124	f	f	Race	13	f
1213	13	0.00	124	f	f	Race	18	f
1214	14	0.00	124	f	f	Race	19	f
1215	15	0.00	124	f	f	Race	11	f
1216	16	0.00	124	f	f	Race	17	f
1217	17	0.00	124	f	f	Race	5	f
1218	18	0.00	124	f	f	Race	7	f
1219	19	0.00	124	f	f	Race	1	f
1296	1	0.00	125	f	f	Qualifying	1	f
1297	2	0.00	125	f	f	Qualifying	2	f
1298	3	0.00	125	f	f	Qualifying	6	f
1299	4	0.00	125	f	f	Qualifying	3	f
1300	5	0.00	125	f	f	Qualifying	9	f
1301	6	0.00	125	f	f	Qualifying	8	f
1302	7	0.00	125	f	f	Qualifying	7	f
1303	8	0.00	125	f	f	Qualifying	4	f
1304	9	0.00	125	f	f	Qualifying	5	f
1305	10	0.00	125	f	f	Qualifying	14	f
1306	11	0.00	125	f	f	Qualifying	13	f
1307	12	0.00	125	f	f	Qualifying	16	f
1308	13	0.00	125	f	f	Qualifying	19	f
1309	14	0.00	125	f	f	Qualifying	15	f
1310	15	0.00	125	f	f	Qualifying	17	f
1311	16	0.00	125	f	f	Qualifying	10	f
1312	17	0.00	125	f	f	Qualifying	18	f
1313	18	0.00	125	f	f	Qualifying	12	f
1314	19	0.00	125	f	f	Qualifying	20	f
1315	20	0.00	125	f	f	Qualifying	11	f
1316	1	26.00	125	f	t	Race	1	f
1317	2	18.00	125	f	f	Race	2	f
1318	3	15.00	125	f	f	Race	3	f
1319	4	12.00	125	f	f	Race	4	f
1320	5	10.00	125	f	f	Race	6	f
1321	6	8.00	125	f	f	Race	9	f
1322	7	6.00	125	f	f	Race	5	f
1323	8	4.00	125	f	f	Race	8	f
1324	9	2.00	125	f	f	Race	7	f
1325	10	1.00	125	f	f	Race	14	f
1326	11	0.00	125	f	f	Race	16	f
1327	12	0.00	125	f	f	Race	10	f
1328	13	0.00	125	f	f	Race	12	f
1329	14	0.00	125	f	f	Race	19	f
1330	15	0.00	125	f	f	Race	17	f
1331	16	0.00	125	f	f	Race	18	f
1332	17	0.00	125	f	f	Race	20	f
1333	18	0.00	125	f	f	Race	11	f
1334	19	0.00	125	f	f	Race	13	f
1335	20	0.00	125	f	f	Race	15	f
1416	1	0.00	126	f	f	Qualifying	1	f
1417	2	0.00	126	f	f	Qualifying	2	f
1418	3	0.00	126	f	f	Qualifying	9	f
1419	4	0.00	126	f	f	Qualifying	6	f
1420	5	0.00	126	f	f	Qualifying	8	f
1421	6	0.00	126	f	f	Qualifying	4	f
1422	7	0.00	126	f	f	Qualifying	3	f
1423	8	0.00	126	f	f	Qualifying	5	f
1424	9	0.00	126	f	f	Qualifying	16	f
1425	10	0.00	126	f	f	Qualifying	19	f
1426	11	0.00	126	f	f	Qualifying	10	f
1427	12	0.00	126	f	f	Qualifying	13	f
1428	13	0.00	126	f	f	Qualifying	17	f
1429	14	0.00	126	f	f	Qualifying	15	f
1430	15	0.00	126	f	f	Qualifying	18	f
1431	16	0.00	126	f	f	Qualifying	11	f
1432	17	0.00	126	f	f	Qualifying	12	f
1433	18	0.00	126	f	f	Qualifying	7	f
1434	19	0.00	126	f	f	Qualifying	14	f
1435	20	0.00	126	f	f	Qualifying	20	f
1436	1	8.00	126	f	f	Sprint	1	f
1437	2	7.00	126	f	f	Sprint	7	f
1438	3	6.00	126	f	f	Sprint	2	f
1439	4	5.00	126	f	f	Sprint	4	f
1440	5	4.00	126	f	f	Sprint	3	f
1441	6	3.00	126	f	f	Sprint	6	f
1442	7	2.00	126	f	f	Sprint	8	f
1443	8	1.00	126	f	f	Sprint	5	f
1444	9	0.00	126	f	f	Sprint	11	f
1445	10	0.00	126	f	f	Sprint	12	f
1446	11	0.00	126	f	f	Sprint	13	f
1447	12	0.00	126	f	f	Sprint	19	f
1448	13	0.00	126	f	f	Sprint	17	f
1449	14	0.00	126	f	f	Sprint	10	f
1450	15	0.00	126	f	f	Sprint	18	f
1451	16	0.00	126	f	f	Sprint	14	f
1452	17	0.00	126	f	f	Sprint	15	f
1453	18	0.00	126	f	f	Sprint	20	f
1454	19	0.00	126	f	f	Sprint	16	f
1455	20	0.00	126	f	f	Sprint	9	f
1456	1	25.00	126	f	f	Race	1	f
1457	2	18.00	126	f	f	Race	6	f
1458	3	15.00	126	f	f	Race	2	f
1459	4	12.00	126	f	f	Race	4	f
1460	5	10.00	126	f	f	Race	3	f
1461	6	8.00	126	f	f	Race	5	f
1462	7	7.00	126	f	t	Race	9	f
1463	8	4.00	126	f	f	Race	8	f
1464	9	2.00	126	f	f	Race	7	f
1465	10	1.00	126	f	f	Race	16	f
1466	11	0.00	126	f	f	Race	17	f
1467	12	0.00	126	f	f	Race	15	f
1468	13	0.00	126	f	f	Race	18	f
1469	14	0.00	126	f	f	Race	11	f
1470	15	0.00	126	f	f	Race	10	f
1471	16	0.00	126	f	f	Race	12	f
1472	17	0.00	126	f	f	Race	20	f
1473	18	0.00	126	f	f	Race	13	f
1474	19	0.00	126	f	f	Race	14	f
1475	20	0.00	126	f	f	Race	19	f
1596	1	0.00	127	f	f	Qualifying	1	f
1597	2	0.00	127	f	f	Qualifying	4	f
1598	3	0.00	127	f	f	Qualifying	3	f
1599	4	0.00	127	f	f	Qualifying	2	f
1600	5	0.00	127	f	f	Qualifying	6	f
1601	6	0.00	127	f	f	Qualifying	8	f
1602	7	0.00	127	f	f	Qualifying	5	f
1603	8	0.00	127	f	f	Qualifying	7	f
1604	9	0.00	127	f	f	Qualifying	16	f
1605	10	0.00	127	f	f	Qualifying	14	f
1606	11	0.00	127	f	f	Qualifying	10	f
1607	12	0.00	127	f	f	Qualifying	18	f
1608	13	0.00	127	f	f	Qualifying	17	f
1609	14	0.00	127	f	f	Qualifying	15	f
1610	15	0.00	127	f	f	Qualifying	9	f
1611	16	0.00	127	f	f	Qualifying	19	f
1612	17	0.00	127	f	f	Qualifying	20	f
1613	18	0.00	127	f	f	Qualifying	13	f
1614	19	0.00	127	f	f	Qualifying	12	f
1615	20	0.00	127	f	f	Qualifying	11	f
1616	1	8.00	127	f	f	Sprint	1	f
1617	2	7.00	127	f	f	Sprint	4	f
1618	3	6.00	127	f	f	Sprint	2	f
1619	4	5.00	127	f	f	Sprint	13	f
1620	5	4.00	127	f	f	Sprint	3	f
1621	6	3.00	127	f	f	Sprint	8	f
1622	7	2.00	127	f	f	Sprint	16	f
1623	8	1.00	127	f	f	Sprint	14	f
1624	9	0.00	127	f	f	Sprint	18	f
1625	10	0.00	127	f	f	Sprint	20	f
1626	11	0.00	127	f	f	Sprint	11	f
1627	12	0.00	127	f	f	Sprint	5	f
1628	13	0.00	127	f	f	Sprint	15	f
1629	14	0.00	127	f	f	Sprint	19	f
1630	15	0.00	127	f	f	Sprint	17	f
1631	16	0.00	127	f	f	Sprint	7	f
1632	17	0.00	127	f	f	Sprint	9	f
1633	18	0.00	127	f	f	Sprint	12	f
1634	19	0.00	127	f	f	Sprint	10	f
1635	20	0.00	127	f	f	Sprint	6	f
1636	1	25.00	127	f	f	Race	6	f
1637	2	18.00	127	f	f	Race	1	f
1638	3	15.00	127	f	f	Race	4	f
1639	4	12.00	127	f	f	Race	2	f
1640	5	10.00	127	f	f	Race	3	f
1641	6	8.00	127	f	f	Race	7	f
1642	7	6.00	127	f	f	Race	14	f
1643	8	4.00	127	f	f	Race	5	f
1644	9	2.00	127	f	f	Race	9	f
1645	10	1.00	127	f	f	Race	17	f
1646	11	0.00	127	f	f	Race	16	f
1647	12	0.00	127	f	f	Race	18	f
1648	13	0.00	127	f	t	Race	8	f
1649	14	0.00	127	f	f	Race	11	f
1650	15	0.00	127	f	f	Race	13	f
1651	16	0.00	127	f	f	Race	19	f
1652	17	0.00	127	f	f	Race	10	f
1653	18	0.00	127	f	f	Race	15	f
1654	19	0.00	127	f	f	Race	12	f
1655	20	0.00	127	f	f	Race	20	f
1776	1	0.00	128	f	f	Qualifying	1	f
1777	2	0.00	128	f	f	Qualifying	8	f
1778	3	0.00	128	f	f	Qualifying	6	f
1779	4	0.00	128	f	f	Qualifying	4	f
1780	5	0.00	128	f	f	Qualifying	3	f
1781	6	0.00	128	f	f	Qualifying	5	f
1782	7	0.00	128	f	f	Qualifying	14	f
1783	8	0.00	128	f	f	Qualifying	7	f
1784	9	0.00	128	f	f	Qualifying	13	f
1785	10	0.00	128	f	f	Qualifying	16	f
1786	11	0.00	128	f	f	Qualifying	2	f
1787	12	0.00	128	f	f	Qualifying	17	f
1788	13	0.00	128	f	f	Qualifying	10	f
1789	14	0.00	128	f	f	Qualifying	15	f
1790	15	0.00	128	f	f	Qualifying	18	f
1791	16	0.00	128	f	f	Qualifying	19	f
1792	17	0.00	128	f	f	Qualifying	11	f
1793	18	0.00	128	f	f	Qualifying	12	f
1794	19	0.00	128	f	f	Qualifying	9	f
1795	20	0.00	128	f	f	Qualifying	20	f
1796	1	25.00	128	f	f	Race	1	f
1797	2	18.00	128	f	f	Race	6	f
1798	3	15.00	128	f	f	Race	4	f
1799	4	12.00	128	f	f	Race	8	f
1800	5	10.00	128	f	f	Race	3	f
1801	6	8.00	128	f	f	Race	7	f
1802	7	7.00	128	f	t	Race	5	f
1803	8	4.00	128	f	f	Race	2	f
1804	9	2.00	128	f	f	Race	10	f
1805	10	1.00	128	f	f	Race	14	f
1806	11	0.00	128	f	f	Race	16	f
1807	12	0.00	128	f	f	Race	12	f
1808	13	0.00	128	f	f	Race	13	f
1809	14	0.00	128	f	f	Race	17	f
1810	15	0.00	128	f	f	Race	11	f
1811	16	0.00	128	f	f	Race	18	f
1812	17	0.00	128	f	f	Race	20	f
1813	18	0.00	128	f	f	Race	19	f
1814	19	0.00	128	f	f	Race	9	f
1815	20	0.00	128	f	f	Race	15	f
1896	1	0.00	129	f	f	Qualifying	4	f
1897	2	0.00	129	f	f	Qualifying	8	f
1898	3	0.00	129	f	f	Qualifying	3	f
1899	4	0.00	129	f	f	Qualifying	6	f
1900	5	0.00	129	f	f	Qualifying	5	f
1901	6	0.00	129	f	f	Qualifying	1	f
1902	7	0.00	129	f	f	Qualifying	7	f
1903	8	0.00	129	f	f	Qualifying	14	f
1904	9	0.00	129	f	f	Qualifying	15	f
1905	10	0.00	129	f	f	Qualifying	18	f
1906	11	0.00	129	f	f	Qualifying	17	f
1907	12	0.00	129	f	f	Qualifying	16	f
1908	13	0.00	129	f	f	Qualifying	13	f
1909	14	0.00	129	f	f	Qualifying	10	f
1910	15	0.00	129	f	f	Qualifying	12	f
1911	16	0.00	129	f	f	Qualifying	9	f
1912	17	0.00	129	f	f	Qualifying	20	f
1913	18	0.00	129	f	f	Qualifying	2	f
1914	19	0.00	129	f	f	Qualifying	19	f
1915	20	0.00	129	f	f	Qualifying	11	f
1916	1	25.00	129	f	f	Race	4	f
1917	2	18.00	129	f	f	Race	8	f
1918	3	15.00	129	f	f	Race	3	f
1919	4	12.00	129	f	f	Race	6	f
1920	5	10.00	129	f	f	Race	5	f
1921	6	8.00	129	f	f	Race	1	f
1922	7	7.00	129	f	f	Race	7	f
1923	8	4.00	129	f	f	Race	14	f
1924	9	2.00	129	f	f	Race	15	f
1925	10	1.00	129	f	f	Race	18	f
1926	11	0.00	129	f	f	Race	9	f
1927	12	0.00	129	f	f	Race	13	f
1928	13	0.00	129	f	f	Race	19	f
1929	14	0.00	129	f	f	Race	10	f
1930	15	0.00	129	f	f	Race	20	f
1931	16	0.00	129	f	f	Race	11	f
1932	17	0.00	129	f	f	Race	17	f
1933	18	0.00	129	f	f	Race	2	f
1934	19	0.00	129	f	f	Race	16	f
1935	20	0.00	129	f	f	Race	12	f
2016	1	0.00	130	f	f	Qualifying	5	f
2017	2	0.00	130	f	f	Qualifying	1	f
2018	3	0.00	130	f	f	Qualifying	6	f
2019	4	0.00	130	f	f	Qualifying	8	f
2020	5	0.00	130	f	f	Qualifying	13	f
2021	6	0.00	130	f	f	Qualifying	9	f
2022	7	0.00	130	f	f	Qualifying	7	f
2023	8	0.00	130	f	f	Qualifying	14	f
2024	9	0.00	130	f	f	Qualifying	10	f
2025	10	0.00	130	f	f	Qualifying	15	f
2026	11	0.00	130	f	f	Qualifying	4	f
2027	12	0.00	130	f	f	Qualifying	3	f
2028	13	0.00	130	f	f	Qualifying	20	f
2029	14	0.00	130	f	f	Qualifying	12	f
2030	15	0.00	130	f	f	Qualifying	18	f
2031	16	0.00	130	f	f	Qualifying	2	f
2032	17	0.00	130	f	f	Qualifying	19	f
2033	18	0.00	130	f	f	Qualifying	17	f
2034	19	0.00	130	f	f	Qualifying	16	f
2035	20	0.00	130	f	f	Qualifying	11	f
2036	1	25.00	130	f	f	Race	1	f
2037	2	18.00	130	f	f	Race	6	f
2038	3	15.00	130	f	f	Race	5	f
2039	4	13.00	130	f	t	Race	7	f
2040	5	10.00	130	f	f	Race	8	f
2041	6	8.00	130	f	f	Race	9	f
2042	7	6.00	130	f	f	Race	10	f
2043	8	4.00	130	f	f	Race	13	f
2044	9	2.00	130	f	f	Race	18	f
2045	10	1.00	130	f	f	Race	17	f
2046	11	0.00	130	f	f	Race	16	f
2047	12	0.00	130	f	f	Race	12	f
2048	13	0.00	130	f	f	Race	19	f
2049	14	0.00	130	f	f	Race	14	f
2050	15	0.00	130	f	f	Race	11	f
2051	16	0.00	130	f	f	Race	3	f
2052	17	0.00	130	f	f	Race	15	f
2053	18	0.00	130	f	f	Race	2	f
2054	19	0.00	130	f	f	Race	4	f
2055	20	0.00	130	f	f	Race	20	f
2136	1	0.00	131	f	f	Qualifying	6	f
2137	2	0.00	131	f	f	Qualifying	1	f
2138	3	0.00	131	f	f	Qualifying	7	f
2139	4	0.00	131	f	f	Qualifying	5	f
2140	5	0.00	131	f	f	Qualifying	4	f
2141	6	0.00	131	f	f	Qualifying	3	f
2142	7	0.00	131	f	f	Qualifying	18	f
2143	8	0.00	131	f	f	Qualifying	2	f
2144	9	0.00	131	f	f	Qualifying	17	f
2145	10	0.00	131	f	f	Qualifying	8	f
2146	11	0.00	131	f	f	Qualifying	9	f
2147	12	0.00	131	f	f	Qualifying	19	f
2148	13	0.00	131	f	f	Qualifying	16	f
2149	14	0.00	131	f	f	Qualifying	10	f
2150	15	0.00	131	f	f	Qualifying	11	f
2151	16	0.00	131	f	f	Qualifying	12	f
2152	17	0.00	131	f	f	Qualifying	14	f
2153	18	0.00	131	f	f	Qualifying	13	f
2154	19	0.00	131	f	f	Qualifying	15	f
2155	20	0.00	131	f	f	Qualifying	20	f
2156	1	25.00	131	f	f	Race	1	f
2157	2	19.00	131	f	t	Race	6	f
2158	3	15.00	131	f	f	Race	7	f
2159	4	12.00	131	f	f	Race	5	f
2160	5	10.00	131	f	f	Race	4	f
2161	6	8.00	131	f	f	Race	3	f
2162	7	6.00	131	f	f	Race	8	f
2163	8	4.00	131	f	f	Race	2	f
2164	9	2.00	131	f	f	Race	18	f
2165	10	1.00	131	f	f	Race	17	f
2166	11	0.00	131	f	f	Race	16	f
2167	12	0.00	131	f	f	Race	9	f
2168	13	0.00	131	f	f	Race	11	f
2169	14	0.00	131	f	f	Race	10	f
2170	15	0.00	131	f	f	Race	13	f
2171	16	0.00	131	f	f	Race	19	f
2172	17	0.00	131	f	f	Race	12	f
2173	18	0.00	131	f	f	Race	15	f
2174	19	0.00	131	f	f	Race	14	f
2175	20	0.00	131	f	f	Race	20	f
2256	1	0.00	132	f	f	Qualifying	1	f
2257	2	0.00	132	f	f	Qualifying	6	f
2258	3	0.00	132	f	f	Qualifying	5	f
2259	4	0.00	132	f	f	Qualifying	3	f
2260	5	0.00	132	f	f	Qualifying	7	f
2261	6	0.00	132	f	f	Qualifying	4	f
2262	7	0.00	132	f	f	Qualifying	8	f
2263	8	0.00	132	f	f	Qualifying	2	f
2264	9	0.00	132	f	f	Qualifying	16	f
2265	10	0.00	132	f	f	Qualifying	17	f
2266	11	0.00	132	f	f	Qualifying	13	f
2267	12	0.00	132	f	f	Qualifying	12	f
2268	13	0.00	132	f	f	Qualifying	18	f
2269	14	0.00	132	f	f	Qualifying	14	f
2270	15	0.00	132	f	f	Qualifying	9	f
2271	16	0.00	132	f	f	Qualifying	15	f
2272	17	0.00	132	f	f	Qualifying	10	f
2273	18	0.00	132	f	f	Qualifying	19	f
2274	19	0.00	132	f	f	Qualifying	20	f
2275	20	0.00	132	f	f	Qualifying	11	f
2276	1	8.00	132	f	f	Sprint	1	f
2277	2	7.00	132	f	f	Sprint	8	f
2278	3	6.00	132	f	f	Sprint	6	f
2279	4	5.00	132	f	f	Sprint	5	f
2280	5	4.00	132	f	f	Sprint	3	f
2281	6	3.00	132	f	f	Sprint	7	f
2282	7	2.00	132	f	f	Sprint	4	f
2283	8	1.00	132	f	f	Sprint	2	f
2284	9	0.00	132	f	f	Sprint	12	f
2285	10	0.00	132	f	f	Sprint	10	f
2286	11	0.00	132	f	f	Sprint	17	f
2287	12	0.00	132	f	f	Sprint	18	f
2288	13	0.00	132	f	f	Sprint	14	f
2289	14	0.00	132	f	f	Sprint	13	f
2290	15	0.00	132	f	f	Sprint	9	f
2291	16	0.00	132	f	f	Sprint	20	f
2292	17	0.00	132	f	f	Sprint	15	f
2293	18	0.00	132	f	f	Sprint	19	f
2294	19	0.00	132	f	f	Sprint	16	f
2295	20	0.00	132	f	f	Sprint	11	f
2296	1	25.00	132	f	f	Race	5	f
2297	2	18.00	132	f	f	Race	8	f
2298	3	15.00	132	f	f	Race	3	f
2299	4	12.00	132	f	f	Race	7	f
2300	5	10.00	132	f	f	Race	1	f
2301	6	8.00	132	f	f	Race	16	f
2302	7	6.00	132	f	f	Race	2	f
2303	8	4.00	132	f	f	Race	12	f
2304	9	2.00	132	f	f	Race	13	f
2305	10	1.00	132	f	f	Race	18	f
2306	11	0.00	132	f	f	Race	4	f
2307	12	0.00	132	f	f	Race	17	f
2308	13	0.00	132	f	f	Race	10	f
2309	14	0.00	132	f	f	Race	14	f
2310	15	0.00	132	f	f	Race	15	f
2311	16	0.00	132	f	f	Race	19	f
2312	17	0.00	132	f	f	Race	11	f
2313	18	0.00	132	f	t	Race	9	f
2314	19	0.00	132	f	f	Race	20	f
2315	20	0.00	132	f	f	Race	6	f
2436	1	0.00	133	f	f	Qualifying	5	f
2437	2	0.00	133	f	f	Qualifying	7	f
2438	3	0.00	133	f	f	Qualifying	6	f
2439	4	0.00	133	f	f	Qualifying	1	f
2440	5	0.00	133	f	f	Qualifying	8	f
2441	6	0.00	133	f	f	Qualifying	16	f
2442	7	0.00	133	f	f	Qualifying	3	f
2443	8	0.00	133	f	f	Qualifying	10	f
2444	9	0.00	133	f	f	Qualifying	15	f
2445	10	0.00	133	f	f	Qualifying	9	f
2446	11	0.00	133	f	f	Qualifying	4	f
2447	12	0.00	133	f	f	Qualifying	20	f
2448	13	0.00	133	f	f	Qualifying	14	f
2449	14	0.00	133	f	f	Qualifying	11	f
2450	15	0.00	133	f	f	Qualifying	13	f
2451	16	0.00	133	f	f	Qualifying	19	f
2452	17	0.00	133	f	f	Qualifying	12	f
2453	18	0.00	133	f	f	Qualifying	17	f
2454	19	0.00	133	f	f	Qualifying	2	f
2455	20	0.00	133	f	f	Qualifying	18	f
2456	1	25.00	133	f	f	Race	7	f
2457	2	18.00	133	f	f	Race	1	f
2458	3	15.00	133	f	f	Race	6	f
2459	4	12.00	133	f	f	Race	8	f
2460	5	11.00	133	f	t	Race	3	f
2461	6	8.00	133	f	f	Race	16	f
2462	7	6.00	133	f	f	Race	10	f
2463	8	4.00	133	f	f	Race	9	f
2464	9	2.00	133	f	f	Race	15	f
2465	10	1.00	133	f	f	Race	14	f
2466	11	0.00	133	f	f	Race	20	f
2467	12	0.00	133	f	f	Race	12	f
2468	13	0.00	133	f	f	Race	13	f
2469	14	0.00	133	f	f	Race	4	f
2470	15	0.00	133	f	f	Race	19	f
2471	16	0.00	133	f	f	Race	17	f
2472	17	0.00	133	f	f	Race	2	f
2473	18	0.00	133	f	f	Race	11	f
2474	19	0.00	133	f	f	Race	5	f
2475	20	0.00	133	f	f	Race	18	f
2556	1	0.00	134	f	f	Qualifying	6	f
2557	2	0.00	134	f	f	Qualifying	8	f
2558	3	0.00	134	f	f	Qualifying	1	f
2559	4	0.00	134	f	f	Qualifying	3	f
2560	5	0.00	134	f	f	Qualifying	7	f
2561	6	0.00	134	f	f	Qualifying	4	f
2562	7	0.00	134	f	f	Qualifying	9	f
2563	8	0.00	134	f	f	Qualifying	10	f
2564	9	0.00	134	f	f	Qualifying	13	f
2565	10	0.00	134	f	f	Qualifying	14	f
2566	11	0.00	134	f	f	Qualifying	16	f
2567	12	0.00	134	f	f	Qualifying	19	f
2568	13	0.00	134	f	f	Qualifying	15	f
2569	14	0.00	134	f	f	Qualifying	20	f
2570	15	0.00	134	f	f	Qualifying	12	f
2571	16	0.00	134	f	f	Qualifying	2	f
2572	17	0.00	134	f	f	Qualifying	5	f
2573	18	0.00	134	f	f	Qualifying	11	f
2574	19	0.00	134	f	f	Qualifying	17	f
2575	20	0.00	134	f	f	Qualifying	18	f
2576	1	25.00	134	f	f	Race	8	f
2577	2	18.00	134	f	f	Race	6	f
2578	3	15.00	134	f	f	Race	7	f
2579	4	12.00	134	f	f	Race	4	f
2580	5	10.00	134	f	f	Race	1	f
2581	6	8.00	134	f	f	Race	3	f
2582	7	6.00	134	f	f	Race	2	f
2583	8	5.00	134	f	t	Race	5	f
2584	9	2.00	134	f	f	Race	14	f
2585	10	1.00	134	f	f	Race	10	f
2586	11	0.00	134	f	f	Race	9	f
2587	12	0.00	134	f	f	Race	13	f
2588	13	0.00	134	f	f	Race	16	f
2589	14	0.00	134	f	f	Race	15	f
2590	15	0.00	134	f	f	Race	12	f
2591	16	0.00	134	f	f	Race	19	f
2592	17	0.00	134	f	f	Race	20	f
2593	18	0.00	134	f	f	Race	17	f
2594	19	0.00	134	f	f	Race	11	f
2595	20	0.00	134	f	f	Race	18	f
2676	1	0.00	135	f	f	Qualifying	1	f
2677	2	0.00	135	f	f	Qualifying	4	f
2678	3	0.00	135	f	f	Qualifying	2	f
2679	4	0.00	135	f	f	Qualifying	7	f
2680	5	0.00	135	f	f	Qualifying	6	f
2681	6	0.00	135	f	f	Qualifying	8	f
2682	7	0.00	135	f	f	Qualifying	5	f
2683	8	0.00	135	f	f	Qualifying	3	f
2684	9	0.00	135	f	f	Qualifying	9	f
2685	10	0.00	135	f	f	Qualifying	17	f
2686	11	0.00	135	f	f	Qualifying	15	f
2687	12	0.00	135	f	f	Qualifying	18	f
2688	13	0.00	135	f	f	Qualifying	13	f
2689	14	0.00	135	f	f	Qualifying	19	f
2690	15	0.00	135	f	f	Qualifying	10	f
2691	16	0.00	135	f	f	Qualifying	16	f
2692	17	0.00	135	f	f	Qualifying	12	f
2693	18	0.00	135	f	f	Qualifying	14	f
2694	19	0.00	135	f	f	Qualifying	20	f
2695	20	0.00	135	f	f	Qualifying	11	f
2696	1	25.00	135	f	f	Race	7	f
2697	2	18.00	135	f	f	Race	8	f
2698	3	15.00	135	f	f	Race	4	f
2699	4	12.00	135	f	f	Race	1	f
2700	5	10.00	135	f	f	Race	6	f
2701	6	8.00	135	f	f	Race	3	f
2702	7	7.00	135	f	t	Race	2	f
2703	8	4.00	135	f	f	Race	9	f
2704	9	2.00	135	f	f	Race	17	f
2705	10	1.00	135	f	f	Race	13	f
2706	11	0.00	135	f	f	Race	10	f
2707	12	0.00	135	f	f	Race	15	f
2708	13	0.00	135	f	f	Race	18	f
2709	14	0.00	135	f	f	Race	12	f
2710	15	0.00	135	f	f	Race	19	f
2711	16	0.00	135	f	f	Race	14	f
2712	17	0.00	135	f	f	Race	20	f
2713	18	0.00	135	f	f	Race	16	f
2714	19	0.00	135	f	f	Race	11	f
2715	20	0.00	135	f	f	Race	5	f
2796	1	0.00	136	f	f	Qualifying	6	f
2797	2	0.00	136	f	f	Qualifying	1	f
2798	3	0.00	136	f	f	Qualifying	8	f
2799	4	0.00	136	f	f	Qualifying	5	f
2800	5	0.00	136	f	f	Qualifying	2	f
2801	6	0.00	136	f	f	Qualifying	4	f
2802	7	0.00	136	f	f	Qualifying	9	f
2803	8	0.00	136	f	f	Qualifying	10	f
2804	9	0.00	136	f	f	Qualifying	18	f
2805	10	0.00	136	f	f	Qualifying	3	f
2806	11	0.00	136	f	f	Qualifying	7	f
2807	12	0.00	136	f	f	Qualifying	14	f
2808	13	0.00	136	f	f	Qualifying	16	f
2809	14	0.00	136	f	f	Qualifying	12	f
2810	15	0.00	136	f	f	Qualifying	13	f
2811	16	0.00	136	f	f	Qualifying	17	f
2812	17	0.00	136	f	f	Qualifying	19	f
2813	18	0.00	136	f	f	Qualifying	11	f
2814	19	0.00	136	f	f	Qualifying	15	f
2815	20	0.00	136	f	f	Qualifying	20	f
2816	1	26.00	136	f	t	Race	6	f
2817	2	18.00	136	f	f	Race	1	f
2818	3	15.00	136	f	f	Race	4	f
2819	4	12.00	136	f	f	Race	8	f
2820	5	10.00	136	f	f	Race	3	f
2821	6	8.00	136	f	f	Race	2	f
2822	7	6.00	136	f	f	Race	5	f
2823	8	4.00	136	f	f	Race	7	f
2824	9	2.00	136	f	f	Race	18	f
2825	10	1.00	136	f	f	Race	9	f
2826	11	0.00	136	f	f	Race	16	f
2827	12	0.00	136	f	f	Race	13	f
2828	13	0.00	136	f	f	Race	10	f
2829	14	0.00	136	f	f	Race	15	f
2830	15	0.00	136	f	f	Race	17	f
2831	16	0.00	136	f	f	Race	20	f
2832	17	0.00	136	f	f	Race	14	f
2833	18	0.00	136	f	f	Race	12	f
2834	19	0.00	136	f	f	Race	19	f
2835	20	0.00	136	f	f	Race	11	f
2916	1	0.00	137	f	f	Qualifying	6	f
2917	2	0.00	137	f	f	Qualifying	8	f
2918	3	0.00	137	f	f	Qualifying	5	f
2919	4	0.00	137	f	f	Qualifying	4	f
2920	5	0.00	137	f	f	Qualifying	3	f
2921	6	0.00	137	f	f	Qualifying	7	f
2922	7	0.00	137	f	f	Qualifying	1	f
2923	8	0.00	137	f	f	Qualifying	2	f
2924	9	0.00	137	f	f	Qualifying	15	f
2925	10	0.00	137	f	f	Qualifying	16	f
2926	11	0.00	137	f	f	Qualifying	9	f
2927	12	0.00	137	f	f	Qualifying	13	f
2928	13	0.00	137	f	f	Qualifying	12	f
2929	14	0.00	137	f	f	Qualifying	18	f
2930	15	0.00	137	f	f	Qualifying	17	f
2931	16	0.00	137	f	f	Qualifying	14	f
2932	17	0.00	137	f	f	Qualifying	10	f
2933	18	0.00	137	f	f	Qualifying	22	f
2934	19	0.00	137	f	f	Qualifying	19	f
2935	20	0.00	137	f	f	Qualifying	11	f
2936	1	25.00	137	f	f	Race	4	f
2937	2	18.00	137	f	f	Race	8	f
2938	3	16.00	137	f	t	Race	6	f
2939	4	12.00	137	f	f	Race	3	f
2940	5	10.00	137	f	f	Race	7	f
2941	6	8.00	137	f	f	Race	1	f
2942	7	6.00	137	f	f	Race	5	f
2943	8	4.00	137	f	f	Race	2	f
2944	9	2.00	137	f	f	Race	15	f
2945	10	1.00	137	f	f	Race	12	f
2946	11	0.00	137	f	f	Race	9	f
2947	12	0.00	137	f	f	Race	22	f
2948	13	0.00	137	f	f	Race	13	f
2949	14	0.00	137	f	f	Race	17	f
2950	15	0.00	137	f	f	Race	18	f
2951	16	0.00	137	f	f	Race	19	f
2952	17	0.00	137	f	f	Race	16	f
2953	18	0.00	137	f	f	Race	11	f
2954	19	0.00	137	f	f	Race	10	f
2955	20	0.00	137	f	f	Race	14	f
3036	1	0.00	138	f	f	Qualifying	4	f
3037	2	0.00	138	f	f	Qualifying	8	f
3038	3	0.00	138	f	f	Qualifying	3	f
3039	4	0.00	138	f	f	Qualifying	2	f
3040	5	0.00	138	f	f	Qualifying	5	f
3041	6	0.00	138	f	f	Qualifying	1	f
3042	7	0.00	138	f	f	Qualifying	7	f
3043	8	0.00	138	f	f	Qualifying	9	f
3044	9	0.00	138	f	f	Qualifying	22	f
3045	10	0.00	138	f	f	Qualifying	15	f
3046	11	0.00	138	f	f	Qualifying	21	f
3047	12	0.00	138	f	f	Qualifying	14	f
3048	13	0.00	138	f	f	Qualifying	16	f
3049	14	0.00	138	f	f	Qualifying	10	f
3050	15	0.00	138	f	f	Qualifying	13	f
3051	16	0.00	138	f	f	Qualifying	6	f
3052	17	0.00	138	f	f	Qualifying	19	f
3053	18	0.00	138	f	f	Qualifying	11	f
3054	19	0.00	138	f	f	Qualifying	17	f
3055	20	0.00	138	f	f	Qualifying	18	f
3056	1	25.00	138	f	f	Race	8	f
3057	2	18.00	138	f	f	Race	4	f
3058	3	15.00	138	f	f	Race	5	f
3059	4	13.00	138	f	t	Race	6	f
3060	5	10.00	138	f	f	Race	1	f
3061	6	8.00	138	f	f	Race	9	f
3062	7	6.00	138	f	f	Race	15	f
3063	8	4.00	138	f	f	Race	22	f
3064	9	2.00	138	f	f	Race	7	f
3065	10	1.00	138	f	f	Race	21	f
3066	11	0.00	138	f	f	Race	16	f
3067	12	0.00	138	f	f	Race	18	f
3068	13	0.00	138	f	f	Race	13	f
3069	14	0.00	138	f	f	Race	11	f
3070	15	0.00	138	f	f	Race	17	f
3071	16	0.00	138	f	f	Race	19	f
3072	17	0.00	138	f	f	Race	2	f
3073	18	0.00	138	f	f	Race	3	f
3074	19	0.00	138	f	f	Race	10	f
3075	20	0.00	138	f	f	Race	14	f
3156	1	0.00	139	f	f	Qualifying	6	f
3157	2	0.00	139	f	f	Qualifying	1	f
3158	3	0.00	139	f	f	Qualifying	7	f
3159	4	0.00	139	f	f	Qualifying	5	f
3160	5	0.00	139	f	f	Qualifying	8	f
3161	6	0.00	139	f	f	Qualifying	16	f
3162	7	0.00	139	f	f	Qualifying	9	f
3163	8	0.00	139	f	f	Qualifying	14	f
3164	9	0.00	139	f	f	Qualifying	4	f
3165	10	0.00	139	f	f	Qualifying	3	f
3166	11	0.00	139	f	f	Qualifying	15	f
3167	12	0.00	139	f	f	Qualifying	22	f
3168	13	0.00	139	f	f	Qualifying	2	f
3169	14	0.00	139	f	f	Qualifying	12	f
3170	15	0.00	139	f	f	Qualifying	17	f
3171	16	0.00	139	f	f	Qualifying	13	f
3172	17	0.00	139	f	f	Qualifying	10	f
3173	18	0.00	139	f	f	Qualifying	18	f
3174	19	0.00	139	f	f	Qualifying	19	f
3175	20	0.00	139	f	f	Qualifying	11	f
3176	1	25.00	139	f	f	Race	6	f
3177	2	18.00	139	f	f	Race	1	f
3178	3	15.00	139	f	f	Race	8	f
3179	4	12.00	139	f	f	Race	5	f
3180	5	10.00	139	f	f	Race	4	f
3181	6	8.00	139	f	f	Race	7	f
3182	7	6.00	139	f	f	Race	3	f
3183	8	4.00	139	f	f	Race	9	f
3184	9	2.00	139	f	f	Race	16	f
3185	10	1.00	139	f	f	Race	2	f
3186	11	0.00	139	f	f	Race	22	f
3187	12	0.00	139	f	f	Race	14	f
3188	13	0.00	139	f	f	Race	17	f
3189	14	0.00	139	f	f	Race	10	f
3190	15	0.00	139	f	f	Race	11	f
3191	16	0.00	139	f	f	Race	19	f
3192	17	0.00	139	f	f	Race	18	f
3193	18	0.00	139	f	t	Race	13	f
3194	19	0.00	139	f	f	Race	12	f
3195	20	0.00	139	f	f	Race	15	f
3276	1	0.00	140	f	f	Qualifying	6	f
3277	2	0.00	140	f	f	Qualifying	1	f
3278	3	0.00	140	f	f	Qualifying	3	f
3279	4	0.00	140	f	f	Qualifying	4	f
3280	5	0.00	140	f	f	Qualifying	8	f
3281	6	0.00	140	f	f	Qualifying	5	f
3282	7	0.00	140	f	f	Qualifying	18	f
3283	8	0.00	140	f	f	Qualifying	9	f
3284	9	0.00	140	f	f	Qualifying	12	f
3285	10	0.00	140	f	f	Qualifying	2	f
3286	11	0.00	140	f	f	Qualifying	14	f
3287	12	0.00	140	f	f	Qualifying	16	f
3288	13	0.00	140	f	f	Qualifying	17	f
3289	14	0.00	140	f	f	Qualifying	10	f
3290	15	0.00	140	f	f	Qualifying	23	f
3291	16	0.00	140	f	f	Qualifying	15	f
3292	17	0.00	140	f	f	Qualifying	22	f
3293	18	0.00	140	f	f	Qualifying	19	f
3294	19	0.00	140	f	f	Qualifying	7	f
3295	20	0.00	140	f	f	Qualifying	11	f
3296	1	8.00	140	f	f	Sprint	1	f
3297	2	7.00	140	f	f	Sprint	3	f
3298	3	6.00	140	f	f	Sprint	6	f
3299	4	5.00	140	f	f	Sprint	4	f
3300	5	4.00	140	f	f	Sprint	5	f
3301	6	3.00	140	f	f	Sprint	7	f
3302	7	2.00	140	f	f	Sprint	12	f
3303	8	1.00	140	f	f	Sprint	16	f
3304	9	0.00	140	f	f	Sprint	2	f
3305	10	0.00	140	f	f	Sprint	8	f
3306	11	0.00	140	f	f	Sprint	14	f
3307	12	0.00	140	f	f	Sprint	22	f
3308	13	0.00	140	f	f	Sprint	10	f
3309	14	0.00	140	f	f	Sprint	18	f
3310	15	0.00	140	f	f	Sprint	17	f
3311	16	0.00	140	f	f	Sprint	23	f
3312	17	0.00	140	f	f	Sprint	15	f
3313	18	0.00	140	f	f	Sprint	9	f
3314	19	0.00	140	f	f	Sprint	11	f
3315	20	0.00	140	f	f	Sprint	19	f
3316	1	25.00	140	f	f	Race	4	f
3317	2	18.00	140	f	f	Race	3	f
3318	3	15.00	140	f	f	Race	1	f
3319	4	12.00	140	f	f	Race	6	f
3320	5	10.00	140	f	f	Race	8	f
3321	6	8.00	140	f	f	Race	5	f
3322	7	6.00	140	f	f	Race	2	f
3323	8	4.00	140	f	f	Race	16	f
3324	9	2.00	140	f	f	Race	23	f
3325	10	1.00	140	f	f	Race	22	f
3326	11	0.00	140	f	f	Race	12	f
3327	12	0.00	140	f	f	Race	18	f
3328	13	0.00	140	f	f	Race	9	f
3329	14	0.00	140	f	f	Race	14	f
3330	15	0.00	140	f	f	Race	10	f
3331	16	0.00	140	f	f	Race	15	f
3332	17	0.00	140	f	f	Race	19	f
3333	18	0.00	140	f	t	Race	17	f
3334	19	0.00	140	f	f	Race	11	f
3335	20	0.00	140	f	f	Race	7	f
3456	1	0.00	141	f	f	Qualifying	3	f
3457	2	0.00	141	f	f	Qualifying	1	f
3458	3	0.00	141	f	f	Qualifying	6	f
3459	4	0.00	141	f	f	Qualifying	4	f
3460	5	0.00	141	f	f	Qualifying	5	f
3461	6	0.00	141	f	f	Qualifying	7	f
3462	7	0.00	141	f	f	Qualifying	12	f
3463	8	0.00	141	f	f	Qualifying	18	f
3464	9	0.00	141	f	f	Qualifying	15	f
3465	10	0.00	141	f	f	Qualifying	16	f
3466	11	0.00	141	f	f	Qualifying	14	f
3467	12	0.00	141	f	f	Qualifying	23	f
3468	13	0.00	141	f	f	Qualifying	9	f
3469	14	0.00	141	f	f	Qualifying	10	f
3470	15	0.00	141	f	f	Qualifying	19	f
3471	16	0.00	141	f	f	Qualifying	22	f
3472	17	0.00	141	f	f	Qualifying	8	f
3473	18	0.00	141	f	f	Qualifying	2	f
3474	19	0.00	141	f	f	Qualifying	17	f
3475	20	0.00	141	f	f	Qualifying	11	f
3476	1	25.00	141	f	f	Race	3	f
3477	2	18.00	141	f	f	Race	6	f
3478	3	16.00	141	f	t	Race	4	f
3479	4	12.00	141	f	f	Race	7	f
3480	5	10.00	141	f	f	Race	5	f
3481	6	8.00	141	f	f	Race	1	f
3482	7	6.00	141	f	f	Race	12	f
3483	8	4.00	141	f	f	Race	8	f
3484	9	2.00	141	f	f	Race	16	f
3485	10	1.00	141	f	f	Race	18	f
3486	11	0.00	141	f	f	Race	10	f
3487	12	0.00	141	f	f	Race	22	f
3488	13	0.00	141	f	f	Race	17	f
3489	14	0.00	141	f	f	Race	19	f
3490	15	0.00	141	f	f	Race	11	f
3491	16	0.00	141	f	f	Race	23	f
3492	17	0.00	141	f	f	Race	2	f
3493	18	0.00	141	f	f	Race	9	f
3494	19	0.00	141	f	f	Race	15	f
3495	20	0.00	141	f	f	Race	14	f
3576	1	0.00	142	f	f	Qualifying	6	f
3577	2	0.00	142	f	f	Qualifying	5	f
3578	3	0.00	142	f	f	Qualifying	14	f
3579	4	0.00	142	f	f	Qualifying	17	f
3580	5	0.00	142	f	f	Qualifying	23	f
3581	6	0.00	142	f	f	Qualifying	4	f
3582	7	0.00	142	f	f	Qualifying	15	f
3583	8	0.00	142	f	f	Qualifying	8	f
3584	9	0.00	142	f	f	Qualifying	9	f
3585	10	0.00	142	f	f	Qualifying	10	f
3586	11	0.00	142	f	f	Qualifying	19	f
3587	12	0.00	142	f	f	Qualifying	1	f
3588	13	0.00	142	f	f	Qualifying	2	f
3589	14	0.00	142	f	f	Qualifying	3	f
3590	15	0.00	142	f	f	Qualifying	18	f
3591	16	0.00	142	f	f	Qualifying	7	f
3592	17	0.00	142	f	f	Qualifying	21	f
3593	18	0.00	142	f	f	Qualifying	22	f
3594	19	0.00	142	f	f	Qualifying	16	f
3595	20	0.00	142	f	f	Qualifying	11	f
3596	1	8.00	142	f	f	Sprint	6	f
3597	2	7.00	142	f	f	Sprint	8	f
3598	3	6.00	142	f	f	Sprint	4	f
3599	4	5.00	142	f	f	Sprint	1	f
3600	5	4.00	142	f	f	Sprint	3	f
3601	6	3.00	142	f	f	Sprint	5	f
3602	7	2.00	142	f	f	Sprint	18	f
3603	8	1.00	142	f	f	Sprint	2	f
3604	9	0.00	142	f	f	Sprint	23	f
3605	10	0.00	142	f	f	Sprint	15	f
3606	11	0.00	142	f	f	Sprint	7	f
3607	12	0.00	142	f	f	Sprint	22	f
3608	13	0.00	142	f	f	Sprint	17	f
3609	14	0.00	142	f	f	Sprint	21	f
3610	15	0.00	142	f	f	Sprint	14	f
3611	16	0.00	142	f	f	Sprint	19	f
3612	17	0.00	142	f	f	Sprint	11	f
3613	18	0.00	142	f	f	Sprint	9	f
3614	19	0.00	142	f	f	Sprint	10	f
3615	20	0.00	142	f	f	Sprint	16	f
3616	1	26.00	142	f	t	Race	1	f
3617	2	18.00	142	f	f	Race	17	f
3618	3	15.00	142	f	f	Race	18	f
3619	4	12.00	142	f	f	Race	5	f
3620	5	10.00	142	f	f	Race	4	f
3621	6	8.00	142	f	f	Race	6	f
3622	7	6.00	142	f	f	Race	14	f
3623	8	4.00	142	f	f	Race	8	f
3624	9	2.00	142	f	f	Race	23	f
3625	10	1.00	142	f	f	Race	7	f
3626	11	0.00	142	f	f	Race	2	f
3627	12	0.00	142	f	f	Race	21	f
3628	13	0.00	142	f	f	Race	19	f
3629	14	0.00	142	f	f	Race	9	f
3630	15	0.00	142	f	f	Race	11	f
3631	16	0.00	142	f	f	Race	3	f
3632	17	0.00	142	f	f	Race	22	f
3633	18	0.00	142	f	f	Race	15	f
3634	19	0.00	142	f	f	Race	10	f
3635	20	0.00	142	f	f	Race	16	f
\.


--
-- Data for Name: league_racetemplate; Type: TABLE DATA; Schema: public; Owner: admin
--

COPY public.league_racetemplate (id, name, date, location, season, round, circuit) FROM stdin;
1	Bahrain Grand Prix	2024-03-02	Sakhir	2024	1	Bahrain International Circuit
2	Saudi Arabian Grand Prix	2024-03-09	Jeddah	2024	2	Jeddah Corniche Circuit
3	Australian Grand Prix	2024-03-24	Melbourne	2024	3	Albert Park Grand Prix Circuit
4	Japanese Grand Prix	2024-04-07	Suzuka	2024	4	Suzuka Circuit
5	Chinese Grand Prix	2024-04-21	Shanghai	2024	5	Shanghai International Circuit
6	Miami Grand Prix	2024-05-05	Miami	2024	6	Miami International Autodrome
7	Emilia Romagna Grand Prix	2024-05-19	Imola	2024	7	Autodromo Enzo e Dino Ferrari
8	Monaco Grand Prix	2024-05-26	Monte-Carlo	2024	8	Circuit de Monaco
9	Canadian Grand Prix	2024-06-09	Montreal	2024	9	Circuit Gilles Villeneuve
10	Spanish Grand Prix	2024-06-23	Montmeló	2024	10	Circuit de Barcelona-Catalunya
11	Austrian Grand Prix	2024-06-30	Spielberg	2024	11	Red Bull Ring
12	British Grand Prix	2024-07-07	Silverstone	2024	12	Silverstone Circuit
13	Hungarian Grand Prix	2024-07-21	Budapest	2024	13	Hungaroring
14	Belgian Grand Prix	2024-07-28	Spa	2024	14	Circuit de Spa-Francorchamps
15	Dutch Grand Prix	2024-08-25	Zandvoort	2024	15	Circuit Park Zandvoort
16	Italian Grand Prix	2024-09-01	Monza	2024	16	Autodromo Nazionale di Monza
17	Azerbaijan Grand Prix	2024-09-15	Baku	2024	17	Baku City Circuit
18	Singapore Grand Prix	2024-09-22	Marina Bay	2024	18	Marina Bay Street Circuit
19	United States Grand Prix	2024-10-20	Austin	2024	19	Circuit of the Americas
20	Mexico City Grand Prix	2024-10-27	Mexico City	2024	20	Autódromo Hermanos Rodríguez
21	São Paulo Grand Prix	2024-11-03	São Paulo	2024	21	Autódromo José Carlos Pace
22	Las Vegas Grand Prix	2024-11-23	Las Vegas	2024	22	Las Vegas Strip Street Circuit
23	Qatar Grand Prix	2024-12-01	Al Daayen	2024	23	Losail International Circuit
24	Abu Dhabi Grand Prix	2024-12-08	Abu Dhabi	2024	24	Yas Marina Circuit
\.


--
-- Data for Name: league_team; Type: TABLE DATA; Schema: public; Owner: admin
--

COPY public.league_team (id, name, league_id, user_id) FROM stdin;
1	Ralts is the Best	1	1
2	All Gas No Breaks	1	2
3	Nippleton Racing	1	3
4	Chase Bank App - RFBRC	1	4
5	Blart's Karts	1	8
6	Pit Lizards	1	6
7	Rana Rapida Racing	1	5
8	Top Gear	1	7
\.


--
-- Data for Name: league_teamselection; Type: TABLE DATA; Schema: public; Owner: admin
--

COPY public.league_teamselection (id, race_id, submitted_on_time, total_cost, team_id, points) FROM stdin;
67	130	t	0.00	2	23.00
68	131	t	0.00	2	23.00
69	132	t	0.00	2	36.00
70	133	t	0.00	2	29.00
71	134	t	0.00	2	17.00
72	135	t	0.00	2	44.00
73	136	t	0.00	2	21.00
75	138	t	0.00	2	25.00
76	139	t	0.00	2	14.00
77	140	t	0.00	2	43.50
78	141	t	0.00	2	11.00
80	143	t	0.00	2	0.00
83	122	t	0.00	2	19.00
28	138	t	0.00	1	65.00
84	122	t	0.00	8	19.00
85	123	t	0.00	8	10.00
86	124	t	0.00	8	12.50
87	125	t	0.00	8	18.50
88	126	t	0.00	8	21.00
89	128	t	0.00	8	14.00
90	129	t	0.00	8	17.00
91	130	t	0.00	8	37.50
93	132	t	0.00	8	27.50
94	133	t	0.00	8	31.00
95	134	t	0.00	8	12.00
96	135	t	0.00	8	32.00
97	136	t	0.00	8	8.00
99	138	t	0.00	8	24.00
100	139	t	0.00	8	0.00
101	140	t	0.00	8	5.00
102	141	t	0.00	8	25.00
103	142	t	0.00	8	0.00
105	144	t	0.00	8	0.00
64	127	t	0.00	2	31.00
107	122	t	0.00	7	15.00
108	123	t	0.00	7	13.00
109	124	t	0.00	7	38.00
111	126	t	0.00	7	20.00
112	127	t	0.00	7	31.00
113	128	t	0.00	7	13.50
114	129	t	0.00	7	11.00
115	130	t	0.00	7	0.00
116	131	t	0.00	7	30.00
118	133	t	0.00	7	30.00
13	123	t	0.00	1	22.50
14	124	t	0.00	1	48.00
15	125	t	0.00	1	33.00
16	126	t	0.00	1	25.50
143	134	t	0.00	6	31.50
145	136	t	0.00	6	19.00
157	125	t	0.00	5	24.50
158	126	t	0.00	5	47.00
159	128	t	0.00	5	19.00
161	130	t	0.00	5	36.00
162	131	t	0.00	5	22.00
163	132	t	0.00	5	48.00
164	133	t	0.00	5	46.00
165	134	t	0.00	5	27.00
166	135	t	0.00	5	47.00
167	136	t	0.00	5	20.00
168	139	t	0.00	5	17.00
169	140	t	0.00	5	58.00
170	141	t	0.00	5	38.00
171	142	t	0.00	5	68.50
172	143	t	0.00	5	0.00
173	144	t	0.00	5	0.00
18	128	t	0.00	1	25.50
19	129	t	0.00	1	35.00
21	131	t	0.00	1	19.00
23	133	t	0.00	1	55.00
24	134	t	0.00	1	12.00
25	135	t	0.00	1	19.50
26	136	t	0.00	1	40.00
27	137	t	0.00	1	12.00
29	139	t	0.00	1	19.00
30	140	t	0.00	1	39.50
31	141	t	0.00	1	55.00
32	142	t	0.00	1	121.50
33	122	t	0.00	4	36.00
34	123	t	0.00	4	25.00
35	124	t	0.00	4	27.00
36	125	t	0.00	4	39.50
37	126	t	0.00	4	36.00
39	128	t	0.00	4	37.50
40	129	t	0.00	4	42.00
42	132	t	0.00	4	6.00
43	133	t	0.00	4	9.50
44	134	t	0.00	4	9.50
45	135	t	0.00	4	11.00
46	136	t	0.00	4	31.00
47	137	t	0.00	4	21.00
48	139	t	0.00	4	14.00
49	140	t	0.00	4	32.00
50	141	t	0.00	4	30.00
51	142	t	0.00	4	27.00
52	123	t	0.00	3	31.00
53	124	t	0.00	3	5.00
54	125	t	0.00	3	35.50
55	126	t	0.00	3	28.00
57	128	t	0.00	3	21.00
58	129	t	0.00	3	35.00
59	130	t	0.00	3	26.00
81	144	t	0.00	2	0.00
61	124	t	0.00	2	31.50
62	125	t	0.00	2	10.50
104	143	t	0.00	8	0.00
63	126	t	0.00	2	36.50
65	128	t	0.00	2	28.50
66	129	t	0.00	2	29.00
180	131	t	0.00	3	13.00
150	141	t	0.00	6	28.00
126	141	t	0.00	7	8.50
187	138	t	0.00	3	54.00
124	139	t	0.00	7	24.00
127	142	t	0.00	7	52.50
22	132	t	0.00	1	27.50
74	137	t	0.00	2	29.00
149	140	t	0.00	6	49.00
17	127	t	0.00	1	57.50
151	142	t	0.00	6	50.50
192	143	t	0.00	3	0.00
191	142	t	0.00	3	0.00
119	134	t	0.00	7	21.00
134	125	t	0.00	6	18.50
120	135	t	0.00	7	22.50
125	140	t	0.00	7	0.00
198	143	t	0.00	4	0.00
12	122	t	0.00	1	36.00
98	137	t	0.00	8	24.00
147	138	t	0.00	6	25.00
178	138	t	0.00	5	25.50
176	127	t	0.00	5	24.00
182	133	t	0.00	3	18.00
195	127	t	0.00	8	50.00
153	144	t	0.00	6	0.00
181	132	t	0.00	3	8.00
186	137	t	0.00	3	18.00
146	137	t	0.00	6	29.00
183	134	t	0.00	3	14.00
79	142	t	0.00	2	35.00
189	140	t	0.00	3	39.00
190	141	t	0.00	3	4.00
135	126	t	0.00	6	32.00
144	135	t	0.00	6	31.00
184	135	t	0.00	3	0.00
152	143	t	0.00	6	0.00
131	122	t	0.00	6	15.00
38	127	t	0.00	4	48.50
123	138	t	0.00	7	12.00
156	124	t	0.00	5	28.50
128	143	t	0.00	7	0.00
136	127	t	0.00	6	43.50
197	143	t	0.00	1	0.00
177	137	t	0.00	5	22.50
193	144	t	0.00	3	0.00
140	131	t	0.00	6	32.50
129	144	t	0.00	7	0.00
60	123	t	0.00	2	33.00
142	133	t	0.00	6	67.00
20	130	t	0.00	1	39.00
56	127	t	0.00	3	31.00
121	136	t	0.00	7	31.00
185	136	t	0.00	3	12.50
188	139	t	0.00	3	30.00
92	131	t	0.00	8	33.00
110	125	t	0.00	7	18.50
117	132	t	0.00	7	0.00
41	131	t	0.00	4	25.50
122	137	t	0.00	7	22.00
141	132	t	0.00	6	59.00
132	123	t	0.00	6	32.50
133	124	t	0.00	6	39.00
137	128	t	0.00	6	23.50
138	129	t	0.00	6	47.00
139	130	t	0.00	6	51.00
148	139	t	0.00	6	21.00
175	123	t	0.00	5	25.00
179	122	t	0.00	3	21.50
160	129	t	0.00	5	27.50
155	122	t	0.00	5	14.00
\.


--
-- Data for Name: league_teamselection_drivers; Type: TABLE DATA; Schema: public; Owner: admin
--

COPY public.league_teamselection_drivers (id, teamselection_id, driver_id) FROM stdin;
1	12	1
2	12	11
3	12	13
4	13	16
5	13	2
6	13	11
7	13	13
8	14	10
9	14	4
10	15	8
11	15	9
12	16	16
13	16	3
14	16	14
15	17	16
16	17	11
17	17	6
18	17	14
19	18	8
20	18	16
21	18	14
22	19	9
23	19	4
24	20	8
25	20	11
26	20	13
27	20	15
28	20	19
29	21	9
30	21	13
31	21	5
32	22	1
33	22	18
34	22	17
35	23	7
36	23	16
37	23	17
38	23	18
39	23	19
40	24	16
41	24	3
42	24	12
43	24	13
44	25	5
45	25	12
46	25	13
47	25	15
48	25	17
49	26	16
50	26	6
51	26	15
52	27	9
53	27	13
54	27	7
55	28	4
56	28	22
57	28	14
58	28	15
59	29	9
60	29	2
61	29	14
62	29	22
63	30	17
64	30	23
65	30	6
66	30	22
67	31	3
68	31	12
69	31	17
70	31	22
71	31	23
72	32	5
73	32	17
74	32	18
75	32	22
76	32	23
77	33	1
78	33	12
79	33	14
80	34	2
81	34	11
82	34	12
83	34	13
84	34	20
85	35	1
86	35	19
87	35	14
88	36	1
89	36	19
90	36	14
91	37	2
92	37	18
93	37	15
94	38	2
95	38	11
96	38	14
97	39	17
98	39	11
99	39	6
100	39	14
101	40	4
102	40	12
103	40	14
104	41	17
105	41	4
106	41	14
107	42	17
108	42	4
109	42	14
110	43	17
111	43	5
112	43	14
113	44	17
114	44	10
115	44	5
116	45	5
117	45	14
118	45	15
119	46	20
120	46	6
121	46	14
122	47	10
123	47	19
124	47	6
125	48	17
126	48	10
127	48	13
128	48	7
129	49	10
130	49	3
131	49	14
132	50	9
133	50	3
134	50	14
135	51	11
136	51	10
137	51	3
138	51	14
139	52	9
140	52	7
141	53	1
142	53	19
143	53	17
144	54	1
145	54	11
146	54	14
147	55	2
148	55	20
149	55	12
150	55	13
151	56	1
152	56	15
153	57	11
154	57	3
155	57	12
156	57	15
157	58	9
158	58	4
159	59	11
160	59	6
161	59	14
162	60	9
163	60	21
164	61	9
165	61	12
166	61	6
167	62	8
168	62	11
169	62	14
170	62	15
171	63	16
172	63	2
173	63	15
174	64	1
175	64	15
176	65	16
177	65	4
178	65	14
179	66	3
180	66	12
181	66	14
182	67	8
183	67	18
184	67	14
185	68	16
186	68	18
187	68	4
188	68	13
189	69	16
190	69	17
191	69	19
192	69	6
193	70	16
194	70	13
195	70	18
196	70	5
197	71	16
198	71	18
199	71	19
200	71	7
201	72	7
202	72	15
203	72	16
204	72	18
205	72	19
206	73	2
207	73	13
208	73	16
209	73	18
210	73	19
211	74	18
212	74	3
213	74	13
214	74	15
215	75	17
216	75	13
217	75	18
218	75	5
219	76	18
220	76	15
221	76	22
222	76	7
223	77	1
224	77	12
225	77	22
226	77	23
227	78	2
228	78	10
229	78	16
230	78	22
231	78	23
232	79	16
233	79	1
234	79	19
235	79	22
236	83	11
237	83	4
238	83	13
239	83	15
240	84	17
241	84	4
242	84	12
243	85	17
244	85	18
245	85	5
246	85	15
247	86	1
248	86	12
249	86	15
250	87	4
251	87	13
252	87	14
253	88	10
254	88	3
255	89	8
256	89	9
257	89	20
258	90	9
259	90	3
260	91	17
261	91	18
262	91	6
263	91	15
264	92	11
265	92	6
266	92	14
267	93	1
268	93	18
269	93	17
270	94	9
271	94	6
272	95	9
273	95	19
274	95	5
275	96	9
276	96	2
277	96	17
278	97	17
279	97	14
280	97	7
281	98	8
282	98	9
283	98	17
284	99	9
285	99	2
286	99	14
287	101	9
288	101	15
289	101	7
290	102	2
291	102	9
292	102	11
293	102	12
294	102	17
295	107	6
296	107	11
297	107	12
298	107	13
299	107	19
300	108	18
301	108	13
302	108	6
303	108	14
304	109	19
305	109	4
306	109	13
307	109	14
308	110	4
309	110	13
310	110	14
311	111	17
312	111	3
313	111	14
314	112	1
315	112	15
316	113	2
317	113	12
318	113	14
319	114	16
320	114	2
321	114	15
322	116	18
323	116	12
324	116	5
325	116	14
326	118	9
327	118	6
328	119	17
329	119	18
330	119	4
331	119	13
332	120	8
333	120	13
334	120	14
335	121	1
336	121	18
337	121	13
338	122	16
339	122	17
340	122	22
341	122	7
342	123	1
343	123	13
344	123	14
345	124	9
346	124	14
347	124	7
348	126	9
349	126	2
350	126	18
351	126	14
352	127	9
353	127	18
354	127	3
355	131	15
356	131	6
357	131	14
358	132	16
359	132	1
360	132	13
361	133	9
362	133	3
363	134	16
364	134	4
365	134	20
366	134	14
367	135	2
368	135	11
369	135	14
370	136	2
371	136	11
372	136	14
373	137	16
374	137	3
375	137	14
376	138	4
377	138	13
378	138	14
379	139	10
380	139	18
381	139	6
382	140	17
383	140	13
384	140	6
385	140	15
386	141	16
387	141	1
388	141	13
389	142	7
390	142	13
391	142	15
392	142	16
393	142	20
394	143	8
395	143	16
396	143	10
397	144	16
398	144	19
399	144	14
400	144	7
401	145	8
402	145	14
403	146	16
404	146	4
405	146	14
406	147	22
407	147	13
408	147	14
409	147	7
410	148	8
411	148	22
412	148	15
413	149	16
414	149	1
415	149	11
416	149	22
417	150	2
418	150	12
419	150	14
420	150	16
421	150	22
422	151	18
423	151	3
424	151	12
425	151	22
426	155	16
427	155	9
428	155	18
429	156	18
430	156	4
431	156	12
432	156	15
433	157	2
434	157	11
435	157	12
436	157	14
437	158	1
438	158	15
439	159	8
440	159	9
441	159	19
442	160	16
443	160	18
444	160	13
445	160	6
446	161	16
447	161	1
448	161	18
449	162	16
450	162	9
451	162	7
452	163	16
453	163	19
454	163	12
455	163	6
456	164	16
457	164	19
458	164	12
459	164	6
460	165	8
461	165	16
462	165	19
463	165	12
464	166	7
465	166	12
466	166	16
467	166	17
468	166	18
469	167	16
470	167	1
471	167	12
472	168	8
473	168	18
474	168	12
475	169	16
476	169	3
477	169	12
478	169	22
479	170	16
480	170	12
481	170	5
482	170	15
483	171	16
484	171	18
485	171	12
486	171	5
487	175	10
488	175	4
489	175	12
490	176	10
491	176	4
492	177	16
493	177	3
494	177	12
495	177	22
496	178	16
497	178	3
498	178	21
499	178	22
500	179	10
501	179	4
502	180	8
503	180	9
504	181	6
505	181	14
506	182	17
507	182	18
508	182	11
509	182	6
510	183	18
511	183	5
512	183	15
513	185	9
514	185	17
515	185	7
516	186	9
517	186	18
518	186	3
519	187	8
520	187	9
521	187	13
522	188	9
523	188	5
524	188	17
525	189	9
526	189	4
527	189	17
528	190	9
529	190	2
530	190	14
531	190	17
532	195	17
533	195	4
534	195	14
590	197	2
591	197	9
592	197	11
593	197	12
594	197	13
595	198	7
596	198	14
597	198	21
598	198	18
599	152	5
600	152	16
601	152	21
602	152	22
607	192	3
608	192	11
609	192	16
610	192	18
611	128	8
612	128	14
613	128	9
614	104	8
615	104	11
616	104	12
617	104	14
\.


--
-- Name: auth_group_id_seq; Type: SEQUENCE SET; Schema: public; Owner: admin
--

SELECT pg_catalog.setval('public.auth_group_id_seq', 1, false);


--
-- Name: auth_group_permissions_id_seq; Type: SEQUENCE SET; Schema: public; Owner: admin
--

SELECT pg_catalog.setval('public.auth_group_permissions_id_seq', 1, false);


--
-- Name: auth_permission_id_seq; Type: SEQUENCE SET; Schema: public; Owner: admin
--

SELECT pg_catalog.setval('public.auth_permission_id_seq', 68, true);


--
-- Name: auth_user_groups_id_seq; Type: SEQUENCE SET; Schema: public; Owner: admin
--

SELECT pg_catalog.setval('public.auth_user_groups_id_seq', 1, false);


--
-- Name: auth_user_id_seq; Type: SEQUENCE SET; Schema: public; Owner: admin
--

SELECT pg_catalog.setval('public.auth_user_id_seq', 9, true);


--
-- Name: auth_user_user_permissions_id_seq; Type: SEQUENCE SET; Schema: public; Owner: admin
--

SELECT pg_catalog.setval('public.auth_user_user_permissions_id_seq', 64, true);


--
-- Name: django_admin_log_id_seq; Type: SEQUENCE SET; Schema: public; Owner: admin
--

SELECT pg_catalog.setval('public.django_admin_log_id_seq', 485, true);


--
-- Name: django_content_type_id_seq; Type: SEQUENCE SET; Schema: public; Owner: admin
--

SELECT pg_catalog.setval('public.django_content_type_id_seq', 17, true);


--
-- Name: django_migrations_id_seq; Type: SEQUENCE SET; Schema: public; Owner: admin
--

SELECT pg_catalog.setval('public.django_migrations_id_seq', 43, true);


--
-- Name: league_constructor_id_seq; Type: SEQUENCE SET; Schema: public; Owner: admin
--

SELECT pg_catalog.setval('public.league_constructor_id_seq', 10, true);


--
-- Name: league_driver_id_seq; Type: SEQUENCE SET; Schema: public; Owner: admin
--

SELECT pg_catalog.setval('public.league_driver_id_seq', 23, true);


--
-- Name: league_historicalconstructorstanding_id_seq; Type: SEQUENCE SET; Schema: public; Owner: admin
--

SELECT pg_catalog.setval('public.league_historicalconstructorstanding_id_seq', 630, true);


--
-- Name: league_league_id_seq; Type: SEQUENCE SET; Schema: public; Owner: admin
--

SELECT pg_catalog.setval('public.league_league_id_seq', 1, true);


--
-- Name: league_league_users_id_seq; Type: SEQUENCE SET; Schema: public; Owner: admin
--

SELECT pg_catalog.setval('public.league_league_users_id_seq', 8, true);


--
-- Name: league_predictionanswer_id_seq; Type: SEQUENCE SET; Schema: public; Owner: admin
--

SELECT pg_catalog.setval('public.league_predictionanswer_id_seq', 93, true);


--
-- Name: league_predictionquestion_id_seq; Type: SEQUENCE SET; Schema: public; Owner: admin
--

SELECT pg_catalog.setval('public.league_predictionquestion_id_seq', 24, true);


--
-- Name: league_race_id_seq; Type: SEQUENCE SET; Schema: public; Owner: admin
--

SELECT pg_catalog.setval('public.league_race_id_seq', 193, true);


--
-- Name: league_raceresult_id_seq; Type: SEQUENCE SET; Schema: public; Owner: admin
--

SELECT pg_catalog.setval('public.league_raceresult_id_seq', 3755, true);


--
-- Name: league_racetemplate_id_seq; Type: SEQUENCE SET; Schema: public; Owner: admin
--

SELECT pg_catalog.setval('public.league_racetemplate_id_seq', 24, true);


--
-- Name: league_team_id_seq; Type: SEQUENCE SET; Schema: public; Owner: admin
--

SELECT pg_catalog.setval('public.league_team_id_seq', 8, true);


--
-- Name: league_teamselection_drivers_id_seq; Type: SEQUENCE SET; Schema: public; Owner: admin
--

SELECT pg_catalog.setval('public.league_teamselection_drivers_id_seq', 617, true);


--
-- Name: league_teamselection_id_seq; Type: SEQUENCE SET; Schema: public; Owner: admin
--

SELECT pg_catalog.setval('public.league_teamselection_id_seq', 198, true);


--
-- Name: auth_group auth_group_name_key; Type: CONSTRAINT; Schema: public; Owner: admin
--

ALTER TABLE ONLY public.auth_group
    ADD CONSTRAINT auth_group_name_key UNIQUE (name);


--
-- Name: auth_group_permissions auth_group_permissions_group_id_permission_id_0cd325b0_uniq; Type: CONSTRAINT; Schema: public; Owner: admin
--

ALTER TABLE ONLY public.auth_group_permissions
    ADD CONSTRAINT auth_group_permissions_group_id_permission_id_0cd325b0_uniq UNIQUE (group_id, permission_id);


--
-- Name: auth_group_permissions auth_group_permissions_pkey; Type: CONSTRAINT; Schema: public; Owner: admin
--

ALTER TABLE ONLY public.auth_group_permissions
    ADD CONSTRAINT auth_group_permissions_pkey PRIMARY KEY (id);


--
-- Name: auth_group auth_group_pkey; Type: CONSTRAINT; Schema: public; Owner: admin
--

ALTER TABLE ONLY public.auth_group
    ADD CONSTRAINT auth_group_pkey PRIMARY KEY (id);


--
-- Name: auth_permission auth_permission_content_type_id_codename_01ab375a_uniq; Type: CONSTRAINT; Schema: public; Owner: admin
--

ALTER TABLE ONLY public.auth_permission
    ADD CONSTRAINT auth_permission_content_type_id_codename_01ab375a_uniq UNIQUE (content_type_id, codename);


--
-- Name: auth_permission auth_permission_pkey; Type: CONSTRAINT; Schema: public; Owner: admin
--

ALTER TABLE ONLY public.auth_permission
    ADD CONSTRAINT auth_permission_pkey PRIMARY KEY (id);


--
-- Name: auth_user_groups auth_user_groups_pkey; Type: CONSTRAINT; Schema: public; Owner: admin
--

ALTER TABLE ONLY public.auth_user_groups
    ADD CONSTRAINT auth_user_groups_pkey PRIMARY KEY (id);


--
-- Name: auth_user_groups auth_user_groups_user_id_group_id_94350c0c_uniq; Type: CONSTRAINT; Schema: public; Owner: admin
--

ALTER TABLE ONLY public.auth_user_groups
    ADD CONSTRAINT auth_user_groups_user_id_group_id_94350c0c_uniq UNIQUE (user_id, group_id);


--
-- Name: auth_user auth_user_pkey; Type: CONSTRAINT; Schema: public; Owner: admin
--

ALTER TABLE ONLY public.auth_user
    ADD CONSTRAINT auth_user_pkey PRIMARY KEY (id);


--
-- Name: auth_user_user_permissions auth_user_user_permissions_pkey; Type: CONSTRAINT; Schema: public; Owner: admin
--

ALTER TABLE ONLY public.auth_user_user_permissions
    ADD CONSTRAINT auth_user_user_permissions_pkey PRIMARY KEY (id);


--
-- Name: auth_user_user_permissions auth_user_user_permissions_user_id_permission_id_14a6b632_uniq; Type: CONSTRAINT; Schema: public; Owner: admin
--

ALTER TABLE ONLY public.auth_user_user_permissions
    ADD CONSTRAINT auth_user_user_permissions_user_id_permission_id_14a6b632_uniq UNIQUE (user_id, permission_id);


--
-- Name: auth_user auth_user_username_key; Type: CONSTRAINT; Schema: public; Owner: admin
--

ALTER TABLE ONLY public.auth_user
    ADD CONSTRAINT auth_user_username_key UNIQUE (username);


--
-- Name: django_admin_log django_admin_log_pkey; Type: CONSTRAINT; Schema: public; Owner: admin
--

ALTER TABLE ONLY public.django_admin_log
    ADD CONSTRAINT django_admin_log_pkey PRIMARY KEY (id);


--
-- Name: django_content_type django_content_type_app_label_model_76bd3d3b_uniq; Type: CONSTRAINT; Schema: public; Owner: admin
--

ALTER TABLE ONLY public.django_content_type
    ADD CONSTRAINT django_content_type_app_label_model_76bd3d3b_uniq UNIQUE (app_label, model);


--
-- Name: django_content_type django_content_type_pkey; Type: CONSTRAINT; Schema: public; Owner: admin
--

ALTER TABLE ONLY public.django_content_type
    ADD CONSTRAINT django_content_type_pkey PRIMARY KEY (id);


--
-- Name: django_migrations django_migrations_pkey; Type: CONSTRAINT; Schema: public; Owner: admin
--

ALTER TABLE ONLY public.django_migrations
    ADD CONSTRAINT django_migrations_pkey PRIMARY KEY (id);


--
-- Name: django_session django_session_pkey; Type: CONSTRAINT; Schema: public; Owner: admin
--

ALTER TABLE ONLY public.django_session
    ADD CONSTRAINT django_session_pkey PRIMARY KEY (session_key);


--
-- Name: league_constructor league_constructor_name_key; Type: CONSTRAINT; Schema: public; Owner: admin
--

ALTER TABLE ONLY public.league_constructor
    ADD CONSTRAINT league_constructor_name_key UNIQUE (name);


--
-- Name: league_constructor league_constructor_pkey; Type: CONSTRAINT; Schema: public; Owner: admin
--

ALTER TABLE ONLY public.league_constructor
    ADD CONSTRAINT league_constructor_pkey PRIMARY KEY (id);


--
-- Name: league_driver league_driver_driver_id_key; Type: CONSTRAINT; Schema: public; Owner: admin
--

ALTER TABLE ONLY public.league_driver
    ADD CONSTRAINT league_driver_driver_id_key UNIQUE (driver_id);


--
-- Name: league_driver league_driver_pkey; Type: CONSTRAINT; Schema: public; Owner: admin
--

ALTER TABLE ONLY public.league_driver
    ADD CONSTRAINT league_driver_pkey PRIMARY KEY (id);


--
-- Name: league_historicalconstructorstanding league_historicalconstru_race_id_constructor_id_b5367b82_uniq; Type: CONSTRAINT; Schema: public; Owner: admin
--

ALTER TABLE ONLY public.league_historicalconstructorstanding
    ADD CONSTRAINT league_historicalconstru_race_id_constructor_id_b5367b82_uniq UNIQUE (race_id, constructor_id);


--
-- Name: league_historicalconstructorstanding league_historicalconstructorstanding_pkey; Type: CONSTRAINT; Schema: public; Owner: admin
--

ALTER TABLE ONLY public.league_historicalconstructorstanding
    ADD CONSTRAINT league_historicalconstructorstanding_pkey PRIMARY KEY (id);


--
-- Name: league_league league_league_pkey; Type: CONSTRAINT; Schema: public; Owner: admin
--

ALTER TABLE ONLY public.league_league
    ADD CONSTRAINT league_league_pkey PRIMARY KEY (id);


--
-- Name: league_league_users league_league_users_league_id_user_id_d2e84c02_uniq; Type: CONSTRAINT; Schema: public; Owner: admin
--

ALTER TABLE ONLY public.league_league_users
    ADD CONSTRAINT league_league_users_league_id_user_id_d2e84c02_uniq UNIQUE (league_id, user_id);


--
-- Name: league_league_users league_league_users_pkey; Type: CONSTRAINT; Schema: public; Owner: admin
--

ALTER TABLE ONLY public.league_league_users
    ADD CONSTRAINT league_league_users_pkey PRIMARY KEY (id);


--
-- Name: league_predictionanswer league_predictionanswer_pkey; Type: CONSTRAINT; Schema: public; Owner: admin
--

ALTER TABLE ONLY public.league_predictionanswer
    ADD CONSTRAINT league_predictionanswer_pkey PRIMARY KEY (id);


--
-- Name: league_predictionquestion league_predictionquestion_pkey; Type: CONSTRAINT; Schema: public; Owner: admin
--

ALTER TABLE ONLY public.league_predictionquestion
    ADD CONSTRAINT league_predictionquestion_pkey PRIMARY KEY (id);


--
-- Name: league_predictionquestion league_predictionquestion_race_id_key; Type: CONSTRAINT; Schema: public; Owner: admin
--

ALTER TABLE ONLY public.league_predictionquestion
    ADD CONSTRAINT league_predictionquestion_race_id_key UNIQUE (race_id);


--
-- Name: league_race league_race_pkey; Type: CONSTRAINT; Schema: public; Owner: admin
--

ALTER TABLE ONLY public.league_race
    ADD CONSTRAINT league_race_pkey PRIMARY KEY (id);


--
-- Name: league_raceresult league_raceresult_pkey; Type: CONSTRAINT; Schema: public; Owner: admin
--

ALTER TABLE ONLY public.league_raceresult
    ADD CONSTRAINT league_raceresult_pkey PRIMARY KEY (id);


--
-- Name: league_racetemplate league_racetemplate_pkey; Type: CONSTRAINT; Schema: public; Owner: admin
--

ALTER TABLE ONLY public.league_racetemplate
    ADD CONSTRAINT league_racetemplate_pkey PRIMARY KEY (id);


--
-- Name: league_racetemplate league_racetemplate_season_round_2e43d5be_uniq; Type: CONSTRAINT; Schema: public; Owner: admin
--

ALTER TABLE ONLY public.league_racetemplate
    ADD CONSTRAINT league_racetemplate_season_round_2e43d5be_uniq UNIQUE (season, round);


--
-- Name: league_team league_team_pkey; Type: CONSTRAINT; Schema: public; Owner: admin
--

ALTER TABLE ONLY public.league_team
    ADD CONSTRAINT league_team_pkey PRIMARY KEY (id);


--
-- Name: league_team league_team_user_id_league_id_f4352117_uniq; Type: CONSTRAINT; Schema: public; Owner: admin
--

ALTER TABLE ONLY public.league_team
    ADD CONSTRAINT league_team_user_id_league_id_f4352117_uniq UNIQUE (user_id, league_id);


--
-- Name: league_teamselection_drivers league_teamselection_dri_teamselection_id_driver__014f6f12_uniq; Type: CONSTRAINT; Schema: public; Owner: admin
--

ALTER TABLE ONLY public.league_teamselection_drivers
    ADD CONSTRAINT league_teamselection_dri_teamselection_id_driver__014f6f12_uniq UNIQUE (teamselection_id, driver_id);


--
-- Name: league_teamselection_drivers league_teamselection_drivers_pkey; Type: CONSTRAINT; Schema: public; Owner: admin
--

ALTER TABLE ONLY public.league_teamselection_drivers
    ADD CONSTRAINT league_teamselection_drivers_pkey PRIMARY KEY (id);


--
-- Name: league_teamselection league_teamselection_pkey; Type: CONSTRAINT; Schema: public; Owner: admin
--

ALTER TABLE ONLY public.league_teamselection
    ADD CONSTRAINT league_teamselection_pkey PRIMARY KEY (id);


--
-- Name: league_teamselection league_teamselection_team_id_race_id_245c9d1e_uniq; Type: CONSTRAINT; Schema: public; Owner: admin
--

ALTER TABLE ONLY public.league_teamselection
    ADD CONSTRAINT league_teamselection_team_id_race_id_245c9d1e_uniq UNIQUE (team_id, race_id);


--
-- Name: auth_group_name_a6ea08ec_like; Type: INDEX; Schema: public; Owner: admin
--

CREATE INDEX auth_group_name_a6ea08ec_like ON public.auth_group USING btree (name varchar_pattern_ops);


--
-- Name: auth_group_permissions_group_id_b120cbf9; Type: INDEX; Schema: public; Owner: admin
--

CREATE INDEX auth_group_permissions_group_id_b120cbf9 ON public.auth_group_permissions USING btree (group_id);


--
-- Name: auth_group_permissions_permission_id_84c5c92e; Type: INDEX; Schema: public; Owner: admin
--

CREATE INDEX auth_group_permissions_permission_id_84c5c92e ON public.auth_group_permissions USING btree (permission_id);


--
-- Name: auth_permission_content_type_id_2f476e4b; Type: INDEX; Schema: public; Owner: admin
--

CREATE INDEX auth_permission_content_type_id_2f476e4b ON public.auth_permission USING btree (content_type_id);


--
-- Name: auth_user_groups_group_id_97559544; Type: INDEX; Schema: public; Owner: admin
--

CREATE INDEX auth_user_groups_group_id_97559544 ON public.auth_user_groups USING btree (group_id);


--
-- Name: auth_user_groups_user_id_6a12ed8b; Type: INDEX; Schema: public; Owner: admin
--

CREATE INDEX auth_user_groups_user_id_6a12ed8b ON public.auth_user_groups USING btree (user_id);


--
-- Name: auth_user_user_permissions_permission_id_1fbb5f2c; Type: INDEX; Schema: public; Owner: admin
--

CREATE INDEX auth_user_user_permissions_permission_id_1fbb5f2c ON public.auth_user_user_permissions USING btree (permission_id);


--
-- Name: auth_user_user_permissions_user_id_a95ead1b; Type: INDEX; Schema: public; Owner: admin
--

CREATE INDEX auth_user_user_permissions_user_id_a95ead1b ON public.auth_user_user_permissions USING btree (user_id);


--
-- Name: auth_user_username_6821ab7c_like; Type: INDEX; Schema: public; Owner: admin
--

CREATE INDEX auth_user_username_6821ab7c_like ON public.auth_user USING btree (username varchar_pattern_ops);


--
-- Name: django_admin_log_content_type_id_c4bce8eb; Type: INDEX; Schema: public; Owner: admin
--

CREATE INDEX django_admin_log_content_type_id_c4bce8eb ON public.django_admin_log USING btree (content_type_id);


--
-- Name: django_admin_log_user_id_c564eba6; Type: INDEX; Schema: public; Owner: admin
--

CREATE INDEX django_admin_log_user_id_c564eba6 ON public.django_admin_log USING btree (user_id);


--
-- Name: django_session_expire_date_a5c62663; Type: INDEX; Schema: public; Owner: admin
--

CREATE INDEX django_session_expire_date_a5c62663 ON public.django_session USING btree (expire_date);


--
-- Name: django_session_session_key_c0390e0f_like; Type: INDEX; Schema: public; Owner: admin
--

CREATE INDEX django_session_session_key_c0390e0f_like ON public.django_session USING btree (session_key varchar_pattern_ops);


--
-- Name: league_constructor_name_1612f559_like; Type: INDEX; Schema: public; Owner: admin
--

CREATE INDEX league_constructor_name_1612f559_like ON public.league_constructor USING btree (name varchar_pattern_ops);


--
-- Name: league_driver_constructor_id_0f66492a; Type: INDEX; Schema: public; Owner: admin
--

CREATE INDEX league_driver_constructor_id_0f66492a ON public.league_driver USING btree (constructor_id);


--
-- Name: league_driver_driver_id_d114b1d5_like; Type: INDEX; Schema: public; Owner: admin
--

CREATE INDEX league_driver_driver_id_d114b1d5_like ON public.league_driver USING btree (driver_id varchar_pattern_ops);


--
-- Name: league_historicalconstructorstanding_constructor_id_3ce2f2b1; Type: INDEX; Schema: public; Owner: admin
--

CREATE INDEX league_historicalconstructorstanding_constructor_id_3ce2f2b1 ON public.league_historicalconstructorstanding USING btree (constructor_id);


--
-- Name: league_historicalconstructorstanding_race_id_12fc2fa8; Type: INDEX; Schema: public; Owner: admin
--

CREATE INDEX league_historicalconstructorstanding_race_id_12fc2fa8 ON public.league_historicalconstructorstanding USING btree (race_id);


--
-- Name: league_league_users_league_id_50cbe5da; Type: INDEX; Schema: public; Owner: admin
--

CREATE INDEX league_league_users_league_id_50cbe5da ON public.league_league_users USING btree (league_id);


--
-- Name: league_league_users_user_id_09dfd5cc; Type: INDEX; Schema: public; Owner: admin
--

CREATE INDEX league_league_users_user_id_09dfd5cc ON public.league_league_users USING btree (user_id);


--
-- Name: league_predictionanswer_prediction_question_id_8f0cecf4; Type: INDEX; Schema: public; Owner: admin
--

CREATE INDEX league_predictionanswer_prediction_question_id_8f0cecf4 ON public.league_predictionanswer USING btree (prediction_question_id);


--
-- Name: league_predictionanswer_team_id_b14ef424; Type: INDEX; Schema: public; Owner: admin
--

CREATE INDEX league_predictionanswer_team_id_b14ef424 ON public.league_predictionanswer USING btree (team_id);


--
-- Name: league_race_league_id_158b74b8; Type: INDEX; Schema: public; Owner: admin
--

CREATE INDEX league_race_league_id_158b74b8 ON public.league_race USING btree (league_id);


--
-- Name: league_race_template_id_a496d634; Type: INDEX; Schema: public; Owner: admin
--

CREATE INDEX league_race_template_id_a496d634 ON public.league_race USING btree (template_id);


--
-- Name: league_raceresult_driver_id_6b40d0bc; Type: INDEX; Schema: public; Owner: admin
--

CREATE INDEX league_raceresult_driver_id_6b40d0bc ON public.league_raceresult USING btree (driver_id);


--
-- Name: league_raceresult_race_id_983913ea; Type: INDEX; Schema: public; Owner: admin
--

CREATE INDEX league_raceresult_race_id_983913ea ON public.league_raceresult USING btree (race_id);


--
-- Name: league_team_league_id_95c67ca3; Type: INDEX; Schema: public; Owner: admin
--

CREATE INDEX league_team_league_id_95c67ca3 ON public.league_team USING btree (league_id);


--
-- Name: league_team_user_id_b9416e63; Type: INDEX; Schema: public; Owner: admin
--

CREATE INDEX league_team_user_id_b9416e63 ON public.league_team USING btree (user_id);


--
-- Name: league_teamselection_drivers_driver_id_80152a73; Type: INDEX; Schema: public; Owner: admin
--

CREATE INDEX league_teamselection_drivers_driver_id_80152a73 ON public.league_teamselection_drivers USING btree (driver_id);


--
-- Name: league_teamselection_drivers_teamselection_id_7073e32c; Type: INDEX; Schema: public; Owner: admin
--

CREATE INDEX league_teamselection_drivers_teamselection_id_7073e32c ON public.league_teamselection_drivers USING btree (teamselection_id);


--
-- Name: league_teamselection_race_id_559b84ab; Type: INDEX; Schema: public; Owner: admin
--

CREATE INDEX league_teamselection_race_id_559b84ab ON public.league_teamselection USING btree (race_id);


--
-- Name: league_teamselection_team_id_d8a6d54c; Type: INDEX; Schema: public; Owner: admin
--

CREATE INDEX league_teamselection_team_id_d8a6d54c ON public.league_teamselection USING btree (team_id);


--
-- Name: auth_group_permissions auth_group_permissio_permission_id_84c5c92e_fk_auth_perm; Type: FK CONSTRAINT; Schema: public; Owner: admin
--

ALTER TABLE ONLY public.auth_group_permissions
    ADD CONSTRAINT auth_group_permissio_permission_id_84c5c92e_fk_auth_perm FOREIGN KEY (permission_id) REFERENCES public.auth_permission(id) DEFERRABLE INITIALLY DEFERRED;


--
-- Name: auth_group_permissions auth_group_permissions_group_id_b120cbf9_fk_auth_group_id; Type: FK CONSTRAINT; Schema: public; Owner: admin
--

ALTER TABLE ONLY public.auth_group_permissions
    ADD CONSTRAINT auth_group_permissions_group_id_b120cbf9_fk_auth_group_id FOREIGN KEY (group_id) REFERENCES public.auth_group(id) DEFERRABLE INITIALLY DEFERRED;


--
-- Name: auth_permission auth_permission_content_type_id_2f476e4b_fk_django_co; Type: FK CONSTRAINT; Schema: public; Owner: admin
--

ALTER TABLE ONLY public.auth_permission
    ADD CONSTRAINT auth_permission_content_type_id_2f476e4b_fk_django_co FOREIGN KEY (content_type_id) REFERENCES public.django_content_type(id) DEFERRABLE INITIALLY DEFERRED;


--
-- Name: auth_user_groups auth_user_groups_group_id_97559544_fk_auth_group_id; Type: FK CONSTRAINT; Schema: public; Owner: admin
--

ALTER TABLE ONLY public.auth_user_groups
    ADD CONSTRAINT auth_user_groups_group_id_97559544_fk_auth_group_id FOREIGN KEY (group_id) REFERENCES public.auth_group(id) DEFERRABLE INITIALLY DEFERRED;


--
-- Name: auth_user_groups auth_user_groups_user_id_6a12ed8b_fk_auth_user_id; Type: FK CONSTRAINT; Schema: public; Owner: admin
--

ALTER TABLE ONLY public.auth_user_groups
    ADD CONSTRAINT auth_user_groups_user_id_6a12ed8b_fk_auth_user_id FOREIGN KEY (user_id) REFERENCES public.auth_user(id) DEFERRABLE INITIALLY DEFERRED;


--
-- Name: auth_user_user_permissions auth_user_user_permi_permission_id_1fbb5f2c_fk_auth_perm; Type: FK CONSTRAINT; Schema: public; Owner: admin
--

ALTER TABLE ONLY public.auth_user_user_permissions
    ADD CONSTRAINT auth_user_user_permi_permission_id_1fbb5f2c_fk_auth_perm FOREIGN KEY (permission_id) REFERENCES public.auth_permission(id) DEFERRABLE INITIALLY DEFERRED;


--
-- Name: auth_user_user_permissions auth_user_user_permissions_user_id_a95ead1b_fk_auth_user_id; Type: FK CONSTRAINT; Schema: public; Owner: admin
--

ALTER TABLE ONLY public.auth_user_user_permissions
    ADD CONSTRAINT auth_user_user_permissions_user_id_a95ead1b_fk_auth_user_id FOREIGN KEY (user_id) REFERENCES public.auth_user(id) DEFERRABLE INITIALLY DEFERRED;


--
-- Name: django_admin_log django_admin_log_content_type_id_c4bce8eb_fk_django_co; Type: FK CONSTRAINT; Schema: public; Owner: admin
--

ALTER TABLE ONLY public.django_admin_log
    ADD CONSTRAINT django_admin_log_content_type_id_c4bce8eb_fk_django_co FOREIGN KEY (content_type_id) REFERENCES public.django_content_type(id) DEFERRABLE INITIALLY DEFERRED;


--
-- Name: django_admin_log django_admin_log_user_id_c564eba6_fk_auth_user_id; Type: FK CONSTRAINT; Schema: public; Owner: admin
--

ALTER TABLE ONLY public.django_admin_log
    ADD CONSTRAINT django_admin_log_user_id_c564eba6_fk_auth_user_id FOREIGN KEY (user_id) REFERENCES public.auth_user(id) DEFERRABLE INITIALLY DEFERRED;


--
-- Name: league_driver league_driver_constructor_id_0f66492a_fk_league_constructor_id; Type: FK CONSTRAINT; Schema: public; Owner: admin
--

ALTER TABLE ONLY public.league_driver
    ADD CONSTRAINT league_driver_constructor_id_0f66492a_fk_league_constructor_id FOREIGN KEY (constructor_id) REFERENCES public.league_constructor(id) DEFERRABLE INITIALLY DEFERRED;


--
-- Name: league_historicalconstructorstanding league_historicalcon_constructor_id_3ce2f2b1_fk_league_co; Type: FK CONSTRAINT; Schema: public; Owner: admin
--

ALTER TABLE ONLY public.league_historicalconstructorstanding
    ADD CONSTRAINT league_historicalcon_constructor_id_3ce2f2b1_fk_league_co FOREIGN KEY (constructor_id) REFERENCES public.league_constructor(id) DEFERRABLE INITIALLY DEFERRED;


--
-- Name: league_historicalconstructorstanding league_historicalcon_race_id_12fc2fa8_fk_league_ra; Type: FK CONSTRAINT; Schema: public; Owner: admin
--

ALTER TABLE ONLY public.league_historicalconstructorstanding
    ADD CONSTRAINT league_historicalcon_race_id_12fc2fa8_fk_league_ra FOREIGN KEY (race_id) REFERENCES public.league_race(id) DEFERRABLE INITIALLY DEFERRED;


--
-- Name: league_league_users league_league_users_league_id_50cbe5da_fk_league_league_id; Type: FK CONSTRAINT; Schema: public; Owner: admin
--

ALTER TABLE ONLY public.league_league_users
    ADD CONSTRAINT league_league_users_league_id_50cbe5da_fk_league_league_id FOREIGN KEY (league_id) REFERENCES public.league_league(id) DEFERRABLE INITIALLY DEFERRED;


--
-- Name: league_league_users league_league_users_user_id_09dfd5cc_fk_auth_user_id; Type: FK CONSTRAINT; Schema: public; Owner: admin
--

ALTER TABLE ONLY public.league_league_users
    ADD CONSTRAINT league_league_users_user_id_09dfd5cc_fk_auth_user_id FOREIGN KEY (user_id) REFERENCES public.auth_user(id) DEFERRABLE INITIALLY DEFERRED;


--
-- Name: league_predictionanswer league_predictionans_prediction_question__8f0cecf4_fk_league_pr; Type: FK CONSTRAINT; Schema: public; Owner: admin
--

ALTER TABLE ONLY public.league_predictionanswer
    ADD CONSTRAINT league_predictionans_prediction_question__8f0cecf4_fk_league_pr FOREIGN KEY (prediction_question_id) REFERENCES public.league_predictionquestion(id) DEFERRABLE INITIALLY DEFERRED;


--
-- Name: league_predictionanswer league_predictionanswer_team_id_b14ef424_fk_league_team_id; Type: FK CONSTRAINT; Schema: public; Owner: admin
--

ALTER TABLE ONLY public.league_predictionanswer
    ADD CONSTRAINT league_predictionanswer_team_id_b14ef424_fk_league_team_id FOREIGN KEY (team_id) REFERENCES public.league_team(id) DEFERRABLE INITIALLY DEFERRED;


--
-- Name: league_predictionquestion league_predictionquestion_race_id_bc9bf027_fk_league_race_id; Type: FK CONSTRAINT; Schema: public; Owner: admin
--

ALTER TABLE ONLY public.league_predictionquestion
    ADD CONSTRAINT league_predictionquestion_race_id_bc9bf027_fk_league_race_id FOREIGN KEY (race_id) REFERENCES public.league_race(id) DEFERRABLE INITIALLY DEFERRED;


--
-- Name: league_race league_race_league_id_158b74b8_fk_league_league_id; Type: FK CONSTRAINT; Schema: public; Owner: admin
--

ALTER TABLE ONLY public.league_race
    ADD CONSTRAINT league_race_league_id_158b74b8_fk_league_league_id FOREIGN KEY (league_id) REFERENCES public.league_league(id) DEFERRABLE INITIALLY DEFERRED;


--
-- Name: league_race league_race_template_id_a496d634_fk_league_racetemplate_id; Type: FK CONSTRAINT; Schema: public; Owner: admin
--

ALTER TABLE ONLY public.league_race
    ADD CONSTRAINT league_race_template_id_a496d634_fk_league_racetemplate_id FOREIGN KEY (template_id) REFERENCES public.league_racetemplate(id) DEFERRABLE INITIALLY DEFERRED;


--
-- Name: league_raceresult league_raceresult_driver_id_6b40d0bc_fk_league_driver_id; Type: FK CONSTRAINT; Schema: public; Owner: admin
--

ALTER TABLE ONLY public.league_raceresult
    ADD CONSTRAINT league_raceresult_driver_id_6b40d0bc_fk_league_driver_id FOREIGN KEY (driver_id) REFERENCES public.league_driver(id) DEFERRABLE INITIALLY DEFERRED;


--
-- Name: league_raceresult league_raceresult_race_id_983913ea_fk_league_race_id; Type: FK CONSTRAINT; Schema: public; Owner: admin
--

ALTER TABLE ONLY public.league_raceresult
    ADD CONSTRAINT league_raceresult_race_id_983913ea_fk_league_race_id FOREIGN KEY (race_id) REFERENCES public.league_race(id) DEFERRABLE INITIALLY DEFERRED;


--
-- Name: league_team league_team_league_id_95c67ca3_fk_league_league_id; Type: FK CONSTRAINT; Schema: public; Owner: admin
--

ALTER TABLE ONLY public.league_team
    ADD CONSTRAINT league_team_league_id_95c67ca3_fk_league_league_id FOREIGN KEY (league_id) REFERENCES public.league_league(id) DEFERRABLE INITIALLY DEFERRED;


--
-- Name: league_team league_team_user_id_b9416e63_fk_auth_user_id; Type: FK CONSTRAINT; Schema: public; Owner: admin
--

ALTER TABLE ONLY public.league_team
    ADD CONSTRAINT league_team_user_id_b9416e63_fk_auth_user_id FOREIGN KEY (user_id) REFERENCES public.auth_user(id) DEFERRABLE INITIALLY DEFERRED;


--
-- Name: league_teamselection_drivers league_teamselection_driver_id_80152a73_fk_league_dr; Type: FK CONSTRAINT; Schema: public; Owner: admin
--

ALTER TABLE ONLY public.league_teamselection_drivers
    ADD CONSTRAINT league_teamselection_driver_id_80152a73_fk_league_dr FOREIGN KEY (driver_id) REFERENCES public.league_driver(id) DEFERRABLE INITIALLY DEFERRED;


--
-- Name: league_teamselection league_teamselection_race_id_559b84ab_fk_league_race_id; Type: FK CONSTRAINT; Schema: public; Owner: admin
--

ALTER TABLE ONLY public.league_teamselection
    ADD CONSTRAINT league_teamselection_race_id_559b84ab_fk_league_race_id FOREIGN KEY (race_id) REFERENCES public.league_race(id) DEFERRABLE INITIALLY DEFERRED;


--
-- Name: league_teamselection league_teamselection_team_id_d8a6d54c_fk_league_team_id; Type: FK CONSTRAINT; Schema: public; Owner: admin
--

ALTER TABLE ONLY public.league_teamselection
    ADD CONSTRAINT league_teamselection_team_id_d8a6d54c_fk_league_team_id FOREIGN KEY (team_id) REFERENCES public.league_team(id) DEFERRABLE INITIALLY DEFERRED;


--
-- Name: league_teamselection_drivers league_teamselection_teamselection_id_7073e32c_fk_league_te; Type: FK CONSTRAINT; Schema: public; Owner: admin
--

ALTER TABLE ONLY public.league_teamselection_drivers
    ADD CONSTRAINT league_teamselection_teamselection_id_7073e32c_fk_league_te FOREIGN KEY (teamselection_id) REFERENCES public.league_teamselection(id) DEFERRABLE INITIALLY DEFERRED;


--
-- PostgreSQL database dump complete
--

